2175,352,0.943038,0.687189,332660,4.1409e+06,47.8545
4114,4063,0.914773,0.989541,332979,4.14087e+06,95.6588
5270,4225,0.905,0.737425,332816,4.14091e+06,47.7286
5960,2136,0.903302,0.913633,332434,4.14091e+06,46.3737
4124,4063,0.902439,0.979904,332979,4.14087e+06,95.0469
4135,4055,0.900794,0.608378,332979,4.14087e+06,42.888
5205,4171,0.898955,0.597605,332893,4.14091e+06,45.4764
5419,4255,0.89801,0.83215,332678,4.14091e+06,48.3246
4119,4061,0.895966,0.927884,332979,4.14087e+06,42.9
4123,4054,0.89336,0.820777,332979,4.14087e+06,42.8482
5356,5303,0.893333,0.840701,332728,4.14091e+06,46.6196
4139,4077,0.891429,0.933212,332979,4.14087e+06,47.2084
4138,4053,0.890265,0.963793,332979,4.14087e+06,42.8919
4128,4062,0.88972,0.922717,332979,4.14087e+06,95.3516
4792,4728,0.887906,0.930697,332441,4.14054e+06,49.2577
4797,4743,0.886003,0.863445,332441,4.14054e+06,49.1251
4070,4009,0.885149,0.92339,332979,4.14087e+06,42.7957
6109,4992,0.885057,0.909791,332690,4.14098e+06,50.5258
4775,4699,0.884956,0.532641,332441,4.14054e+06,49.1808
4813,4738,0.884286,0.757124,332441,4.14054e+06,49.0972
4815,4763,0.883357,0.798522,332441,4.14054e+06,49.1123
4112,4007,0.883268,0.427722,332983,4.14092e+06,42.8771
4129,4076,0.882246,0.849222,332979,4.14087e+06,42.9594
4823,4772,0.882184,0.899409,332441,4.14054e+06,49.13
5199,4166,0.881549,0.774197,332921,4.14091e+06,45.9152
5373,5309,0.880455,0.787417,332728,4.14091e+06,46.5882
4810,4740,0.880292,0.94403,332441,4.14054e+06,49.1945
4137,4076,0.88015,0.866363,332979,4.14087e+06,96.5615
4127,4062,0.879612,0.923873,332979,4.14092e+06,47.1901
4077,4001,0.879377,0.661073,332979,4.14087e+06,42.8546
4130,4076,0.878728,0.851952,333035,4.14087e+06,42.9376
4133,4062,0.878669,0.804525,332983,4.14092e+06,42.9927
4064,4000,0.878486,0.780399,332979,4.14087e+06,42.8932
4115,4001,0.878229,0.675038,332979,4.14087e+06,94.3929
4804,4738,0.878223,0.753813,332441,4.14054e+06,49.0738
4117,4053,0.876426,0.971414,332979,4.14087e+06,47.1082
2151,127,0.87619,0.934274,332519,4.14091e+06,50.2156
5384,5315,0.875465,0.728258,332728,4.14091e+06,46.6252
4100,4044,0.875248,0.441957,333035,4.14087e+06,43.0197
4109,4044,0.875,0.93225,333035,4.14087e+06,47.55
5390,5336,0.875,0.477282,332728,4.14091e+06,46.6104
4814,4738,0.875,0.826664,332440,4.14054e+06,49.0924
4056,4005,0.875,0.584634,333032,4.14087e+06,47.2205
3923,3842,0.874582,0.740421,332934,4.14074e+06,48.6559
4134,4079,0.874263,0.798663,332983,4.14092e+06,42.969
4107,3998,0.874263,0.976066,332979,4.14087e+06,42.9163
3924,3838,0.87372,0.892719,332934,4.14073e+06,85.9471
4824,4736,0.873362,0.92332,332441,4.14054e+06,49.0944
3928,3836,0.872757,0.913652,332934,4.14073e+06,45.4927
4776,4711,0.872727,0.803383,332441,4.14054e+06,49.1437
4120,4053,0.872566,0.922221,332979,4.14087e+06,42.8867
4121,4001,0.872299,0.684974,332983,4.14092e+06,42.8535
4772,4713,0.872247,0.635303,332441,4.14054e+06,49.119
4074,4014,0.871456,0.902669,332979,4.14087e+06,42.9289
4090,3998,0.871212,0.927189,332979,4.14087e+06,94.0819
4075,3998,0.870674,0.535338,332983,4.14092e+06,42.9376
5594,5540,0.870066,0.489324,332440,4.14092e+06,47.2579
5398,5310,0.869888,0.7982,332728,4.14091e+06,46.6328
5378,5309,0.869732,0.932069,332728,4.14091e+06,46.6101
4061,4007,0.869646,0.408753,332979,4.14087e+06,42.8519
4076,4003,0.86941,0.852906,333031,4.14087e+06,42.9603
4097,4000,0.869328,0.549853,332979,4.14087e+06,42.9368
4053,4002,0.869091,0.939086,332979,4.14087e+06,95.135
5368,5313,0.86907,0.950972,332728,4.14091e+06,46.6018
3920,3857,0.869067,0.300204,332934,4.14074e+06,84.8552
4799,4699,0.869065,0.922886,332441,4.14054e+06,49.1923
5374,5308,0.868821,0.558945,332728,4.14091e+06,46.6151
2176,354,0.86875,0.79042,332668,4.1409e+06,47.1194
4779,4727,0.868307,0.907767,332440,4.14054e+06,49.0927
4795,4738,0.867898,0.815136,332441,4.14054e+06,49.069
5387,5334,0.867816,0.893083,332728,4.14091e+06,46.6475
5354,5303,0.867784,0.482722,332728,4.14091e+06,46.5873
4831,4710,0.867756,0.96446,332441,4.14054e+06,49.1775
2152,128,0.867647,0.437817,332525,4.14091e+06,49.1716
2843,2774,0.867442,0.917,333027,4.14128e+06,93.6219
4091,4001,0.867076,0.699383,332979,4.14087e+06,95.8331
5361,5308,0.867052,0.797936,332728,4.14091e+06,46.6415
4054,4001,0.867041,0.637233,332979,4.14087e+06,42.8859
4798,4711,0.866959,0.960588,332441,4.14054e+06,49.0714
4062,4007,0.866906,0.41543,332983,4.14087e+06,94.5744
4089,4003,0.866812,0.995218,332979,4.14087e+06,42.8909
4821,4705,0.866473,0.547772,332441,4.14054e+06,49.2118
4113,4054,0.866071,0.819272,332979,4.14087e+06,42.8869
4791,4728,0.866008,0.815709,332441,4.14054e+06,49.2405
5372,5307,0.865562,0.55702,332728,4.14091e+06,46.6189
4826,4741,0.86533,0.717086,332441,4.14054e+06,49.2003
5381,5315,0.865275,0.662455,332728,4.14091e+06,46.6289
5362,5307,0.864762,0.783087,332728,4.14091e+06,46.6465
5359,5308,0.864662,0.937997,332728,4.14091e+06,46.6082
5268,4223,0.864608,0.639499,332823,4.14092e+06,48.2199
4819,4763,0.863897,0.758002,332441,4.14054e+06,49.1522
4786,4713,0.863636,0.621291,332441,4.14054e+06,49.1073
5552,5501,0.863563,0.543972,332440,4.14092e+06,47.2845
4732,4681,0.863287,0.858877,332441,4.14054e+06,49.179
5590,5519,0.862969,0.973249,332440,4.14092e+06,47.1993
3519,3460,0.862665,0.517277,333088,4.1405e+06,92.2744
4787,4703,0.862481,0.7005,332441,4.14054e+06,49.1925
4057,3998,0.862264,0.901992,332979,4.14087e+06,42.9588
3934,3843,0.862179,0.880972,332934,4.14073e+06,45.5177
5584,5532,0.862126,0.666185,332440,4.14092e+06,47.2279
4116,3999,0.861933,0.897142,332979,4.14087e+06,42.8393
5389,5308,0.861878,0.957787,332728,4.14091e+06,46.5924
4807,4743,0.861871,0.719653,332441,4.14054e+06,49.075
3926,3837,0.861831,0.943216,332976,4.14073e+06,86.6288
5585,5532,0.861667,0.881913,332440,4.14092e+06,47.2562
2930,2878,0.86166,0.882244,333026,4.14127e+06,59.0623
4793,4711,0.861582,0.552425,332440,4.14054e+06,49.0366
2564,2480,0.861413,0.935025,333296,4.14136e+06,47.4279
3942,3845,0.86129,0.665543,332934,4.14074e+06,85.8702
5994,146,0.861204,0.688507,332616,4.1409e+06,50.082
3862,3811,0.861017,0.716782,332934,4.14073e+06,45.407
4812,4728,0.860993,0.936783,332441,4.14054e+06,49.1607
4827,4703,0.860947,0.590043,332441,4.14054e+06,49.1609
4829,4704,0.860741,0.887785,332440,4.14054e+06,49.081
4778,4727,0.86057,0.8093,332441,4.14054e+06,49.1181
4094,4007,0.860465,0.432781,333031,4.14087e+06,47.1199
4085,4001,0.860465,0.707415,333031,4.14087e+06,47.0909
4828,4711,0.860432,0.952319,332440,4.14054e+06,49.0991
3931,3849,0.86039,0.545521,332934,4.14073e+06,45.4045
4093,4007,0.860377,0.421244,332979,4.14087e+06,47.1993
4069,4009,0.860153,0.961841,332979,4.14087e+06,98.0197
2824,2764,0.86,0.864635,333031,4.14131e+06,54.9591
4818,4761,0.859574,0.732614,332440,4.14054e+06,49.0776
5375,5309,0.859519,0.957407,332728,4.14091e+06,46.6076
4131,4063,0.859489,0.93389,333032,4.14087e+06,47.1729
4773,4702,0.859444,0.820699,332441,4.14054e+06,49.0904
4782,4727,0.859281,0.941823,332441,4.14054e+06,49.1072
5363,5312,0.859023,0.897034,332728,4.14091e+06,46.6308
2833,2764,0.85896,0.850755,333031,4.14131e+06,55.0689
2860,2775,0.858926,0.953685,333027,4.14127e+06,54.9471
5364,5309,0.858757,0.820858,332728,4.14091e+06,46.5998
3945,3822,0.858713,0.671223,332934,4.14073e+06,48.6262
4143,3999,0.858586,0.85033,332983,4.14092e+06,42.9273
3930,3850,0.858506,0.388734,332938,4.14077e+06,45.4545
4126,4061,0.858283,0.767532,332979,4.14087e+06,42.8943
4763,4708,0.858209,0.798234,332441,4.14054e+06,49.1245
2827,2775,0.858131,0.755435,333027,4.14128e+06,92.7337
4830,4774,0.857971,0.85413,332441,4.14054e+06,49.2203
2179,358,0.857788,0.810153,332688,4.1409e+06,45.5002
4167,412,0.857494,0.832924,332919,4.14095e+06,45.8848
5561,5501,0.857369,0.641445,332440,4.14092e+06,47.2418
3929,3843,0.857143,0.636994,332938,4.14077e+06,45.4491
5549,5476,0.857143,0.836321,332440,4.14092e+06,47.2144
4783,4720,0.857143,0.917121,332441,4.14054e+06,49.2669
2562,2493,0.856774,0.928165,333296,4.14136e+06,47.5188
4788,4718,0.856721,0.55995,332441,4.14054e+06,49.1142
3927,3836,0.856444,0.561142,332974,4.14073e+06,48.716
4801,4742,0.856305,0.830106,332441,4.14054e+06,49.2291
4811,4741,0.856115,0.725182,332441,4.14054e+06,49.1805
5396,5308,0.856075,0.866522,332728,4.14091e+06,46.6125
4082,4001,0.856031,0.688373,332979,4.14087e+06,96.233
3932,3843,0.856025,0.878055,332934,4.14074e+06,84.9555
6142,4996,0.856016,0.774615,332689,4.14101e+06,52.0223
5587,5519,0.85596,0.681215,332440,4.14092e+06,47.1996
4759,4706,0.855814,0.937771,332441,4.14054e+06,49.0803
5392,5303,0.855787,0.888207,332728,4.14091e+06,46.6373
5559,5489,0.855721,0.790139,332441,4.14092e+06,47.3453
3939,3849,0.855721,0.458303,332938,4.14077e+06,45.4132
4739,4682,0.855623,0.84385,332441,4.14054e+06,49.2314
5546,5476,0.855538,0.637801,332440,4.14092e+06,47.2315
2098,2029,0.855346,0.940721,332339,4.14091e+06,44.8931
2095,2027,0.855191,0.875571,332338,4.14091e+06,44.8651
3095,3044,0.855124,0.963987,332978,4.14094e+06,47.1499
5386,5303,0.855019,0.724749,332728,4.14091e+06,46.6116
4817,4713,0.854839,0.588727,332441,4.14054e+06,49.154
4122,4016,0.854717,0.645891,333033,4.14087e+06,42.9775
5370,5315,0.854717,0.683768,332728,4.14091e+06,46.6305
5358,5305,0.854442,0.994289,332728,4.14091e+06,46.6304
5550,5493,0.854337,0.674705,332440,4.14092e+06,47.2539
4780,4721,0.854071,0.738213,332441,4.14054e+06,49.2347
4765,4700,0.854003,0.696693,332441,4.14054e+06,49.1983
4825,4728,0.853868,0.530209,332441,4.14054e+06,49.1736
4777,4718,0.853835,0.788024,332441,4.14054e+06,49.1255
2823,2745,0.853795,0.812455,333030,4.14128e+06,91.615
2830,2764,0.853768,0.671542,333066,4.14128e+06,57.9689
4071,3999,0.853282,0.910202,332979,4.14087e+06,47.1366
4769,4702,0.853168,0.957969,332441,4.14054e+06,49.0793
5564,5493,0.852941,0.656485,332440,4.14092e+06,47.2118
5586,5535,0.852792,0.626702,332440,4.14092e+06,47.2292
3921,3833,0.852564,0.928093,332938,4.14077e+06,45.4114
3908,3835,0.852487,0.845929,332938,4.14077e+06,45.4145
4781,4702,0.852308,0.747811,332441,4.14054e+06,49.1333
3946,3824,0.852255,0.971833,332934,4.14074e+06,85.0119
2855,2775,0.852234,0.813856,333066,4.14127e+06,57.9702
4770,4714,0.851964,0.781533,332441,4.14054e+06,49.2072
3894,3842,0.851724,0.863481,332934,4.14073e+06,45.4169
4774,4715,0.851689,0.82895,332441,4.14054e+06,49.1794
5397,5333,0.851504,0.820969,332728,4.14091e+06,46.6512
5591,5519,0.851485,0.949108,332440,4.14092e+06,47.2224
4073,4006,0.851429,0.464941,332979,4.14087e+06,42.8899
4809,4712,0.851275,0.884212,332440,4.14054e+06,49.1125
2840,2776,0.851064,0.973116,333031,4.14131e+06,54.9761
2854,2783,0.850764,0.640016,333027,4.14128e+06,57.9266
5545,5488,0.85061,0.830402,332441,4.14092e+06,47.2493
5367,5313,0.850575,0.93766,332728,4.14091e+06,46.623
5598,5540,0.850407,0.464051,332440,4.14092e+06,47.2618
4377,4310,0.849926,0.861411,332452,4.14092e+06,47.8045
3918,3843,0.849758,0.74941,332974,4.14073e+06,45.4746
2832,2759,0.849718,0.905528,333030,4.14131e+06,54.9114
4428,4308,0.849432,0.842263,332452,4.14092e+06,47.7978
4068,4001,0.849237,0.696179,332979,4.14087e+06,96.143
4737,4681,0.849112,0.934275,332441,4.14054e+06,49.1582
5394,5309,0.849057,0.887881,332728,4.14091e+06,46.6094
2801,2745,0.849015,0.778669,333030,4.14131e+06,54.8974
4805,4713,0.848921,0.637047,332440,4.14054e+06,49.1016
5577,5519,0.848875,0.95771,332440,4.14092e+06,47.2534
4808,4715,0.84887,0.757729,332441,4.14054e+06,49.1159
4080,4015,0.848598,0.814766,332979,4.14087e+06,42.9257
5600,5549,0.848586,0.751108,332440,4.14092e+06,47.2565
2550,2480,0.848527,0.418842,333297,4.14136e+06,47.5237
5380,5309,0.848485,0.77402,332728,4.14091e+06,46.5959
2089,2029,0.848315,0.998237,332338,4.14091e+06,44.872
5377,5315,0.848263,0.700909,332728,4.14091e+06,46.614
2842,2782,0.848214,0.938589,333028,4.14128e+06,57.9689
2836,2775,0.848131,0.895755,333030,4.14131e+06,55.0232
5376,5322,0.848077,0.494101,332728,4.14091e+06,46.632
5382,5323,0.847985,0.536522,332728,4.14091e+06,46.6312
4741,4682,0.847761,0.781526,332441,4.14054e+06,49.2624
3943,3849,0.847589,0.945816,332938,4.14077e+06,45.3948
5548,5488,0.847484,0.896996,332441,4.14092e+06,47.2804
4796,4713,0.847482,0.523517,332441,4.14054e+06,49.1046
4744,4681,0.847377,0.950694,332441,4.14054e+06,49.2709
2538,2477,0.847258,0.974645,333296,4.14136e+06,47.5264
5558,5476,0.847201,0.699808,332440,4.14092e+06,47.1824
2857,2801,0.847172,0.956388,333028,4.14127e+06,54.8833
2821,2764,0.847147,0.761376,333065,4.14127e+06,55.008
4108,4053,0.846939,0.893539,333032,4.14087e+06,42.9552
5539,5476,0.846922,0.806709,332440,4.14092e+06,47.2485
4803,4728,0.846705,0.979728,332441,4.14054e+06,49.1671
5401,5340,0.846602,0.693092,332728,4.14091e+06,46.6425
5379,5315,0.846435,0.702807,332728,4.14091e+06,46.6206
5395,5335,0.846154,0.861537,332728,4.14091e+06,46.642
4084,4032,0.846154,0.938115,333037,4.14087e+06,101.051
5551,5489,0.846034,0.912191,332441,4.14092e+06,47.3032
3917,3836,0.846026,0.702784,332937,4.14077e+06,45.4667
3914,3843,0.846026,0.667682,332975,4.14073e+06,48.7171
3919,3840,0.845902,0.637999,332934,4.14073e+06,45.4053
4743,4688,0.845815,0.853697,332441,4.14054e+06,49.2281
5573,5495,0.845771,0.773933,332440,4.14092e+06,47.3903
3522,3446,0.845697,0.965256,333085,4.14054e+06,59.9766
2556,2487,0.845655,0.971426,333296,4.14136e+06,47.5483
6492,834,0.845574,0.439954,332479,4.14129e+06,55.5577
4376,4308,0.845376,0.946539,332452,4.14092e+06,47.7958
2601,2545,0.845288,0.983534,333297,4.14136e+06,47.6683
4391,4309,0.84522,0.713732,332452,4.14092e+06,47.964
5538,5476,0.845182,0.639577,332440,4.14092e+06,47.2178
2837,2775,0.844988,0.898138,333066,4.14127e+06,55.0634
2853,2775,0.844639,0.90871,333028,4.14127e+06,54.9632
3944,3843,0.844479,0.608132,332934,4.14073e+06,45.4302
3521,3447,0.844246,0.821477,333085,4.1405e+06,57.1234
3947,3838,0.844237,0.927089,332934,4.14073e+06,45.4178
3909,3843,0.844178,0.387938,332934,4.14073e+06,45.4508
4806,4705,0.844118,0.970423,332441,4.14054e+06,49.2182
4446,4388,0.844094,0.753683,332452,4.14092e+06,47.9068
2602,2505,0.844063,0.924257,333297,4.14135e+06,47.754
3516,3455,0.843972,0.963389,333087,4.14054e+06,57.188
3891,3829,0.843949,0.828628,332934,4.14073e+06,48.6883
700,648,0.843931,0.527942,332694,4.14122e+06,64.7845
4103,3999,0.843882,0.947629,332984,4.14092e+06,42.9375
5605,5542,0.843697,0.669264,332440,4.14092e+06,47.3084
5535,5476,0.843653,0.914735,332440,4.14092e+06,47.1875
3893,3838,0.843602,0.963232,332935,4.14073e+06,45.499
5391,5309,0.843575,0.891245,332728,4.14091e+06,46.6646
5544,5488,0.843465,0.815762,332441,4.14092e+06,47.335
3501,3445,0.843409,0.970598,333085,4.1405e+06,91.5018
4111,4001,0.843254,0.509698,332983,4.14092e+06,42.9368
3509,3441,0.843195,0.967921,333085,4.1405e+06,91.714
4063,4001,0.843066,0.690891,332983,4.14092e+06,42.8913
5589,5528,0.842905,0.789011,332440,4.14092e+06,47.3816
2847,2783,0.84279,0.631627,333027,4.14127e+06,54.9051
2826,2775,0.842672,0.597881,333028,4.14128e+06,57.8176
2820,2755,0.842657,0.801079,333031,4.14131e+06,55.0792
2534,2482,0.842448,0.997155,333300,4.1414e+06,47.4886
5366,5315,0.842301,0.701851,332728,4.14091e+06,46.6115
4375,4318,0.842105,0.807471,332452,4.14092e+06,47.828
4764,4697,0.842105,0.848451,332441,4.14054e+06,49.1685
4816,4707,0.842105,0.823065,332441,4.14054e+06,49.1835
3104,3044,0.841905,0.98566,332982,4.14099e+06,47.2533
2565,2483,0.84178,0.396103,333296,4.14136e+06,47.5068
5369,5306,0.841713,0.718914,332728,4.14091e+06,46.6354
3867,3812,0.841652,0.675589,332934,4.14073e+06,87.3476
5735,1804,0.841637,0.657134,331934,4.14095e+06,52.3583
2096,2035,0.841499,0.99813,332339,4.14091e+06,44.8751
3913,3844,0.841402,0.956462,332934,4.14073e+06,48.7417
4728,4676,0.841317,0.731842,332441,4.14054e+06,49.4524
3892,3815,0.841297,0.926199,332975,4.14073e+06,48.7514
2941,2826,0.840909,0.594164,333027,4.14127e+06,55.2487
2844,2763,0.840883,0.744055,333028,4.14128e+06,54.9912
3098,3044,0.840871,0.976943,332978,4.14094e+06,47.2316
4078,4004,0.840824,0.541263,332979,4.14087e+06,96.3096
2554,2478,0.840816,0.982709,333296,4.14136e+06,47.4669
5541,5478,0.840796,0.656415,332440,4.14092e+06,47.3561
5371,5309,0.840741,0.570904,332728,4.14091e+06,46.6096
5400,5346,0.840741,0.957379,332728,4.14091e+06,46.6591
2088,2027,0.840541,0.995936,332338,4.14091e+06,44.8661
3863,3812,0.84051,0.658316,332937,4.14077e+06,45.3887
3514,3458,0.840467,0.983673,333085,4.1405e+06,57.3472
4092,4013,0.840445,0.866031,332979,4.14087e+06,42.9298
5606,5517,0.840391,0.816598,332440,4.14092e+06,47.2044
2553,2493,0.840358,0.9776,333296,4.14136e+06,47.5609
3885,3834,0.840336,0.95465,332938,4.14077e+06,45.4293
4417,4308,0.840288,0.61775,332452,4.14092e+06,47.8209
3879,3824,0.840198,0.917677,332934,4.14077e+06,48.6834
3525,3451,0.840156,0.972692,333118,4.1405e+06,57.4377
3910,3842,0.840136,0.868613,332934,4.14074e+06,86.6197
5592,5535,0.840131,0.801339,332440,4.14092e+06,47.2106
3922,3856,0.840065,0.573639,332934,4.14073e+06,45.4127
4443,4387,0.84,0.814184,332452,4.14092e+06,47.8735
2549,2493,0.84,0.975308,333297,4.14136e+06,47.5407
4771,4692,0.84,0.574684,332441,4.14054e+06,49.1672
5599,5535,0.839869,0.823266,332440,4.14092e+06,47.1937
2541,2483,0.839833,0.393516,333297,4.14136e+06,47.5792
3925,3838,0.83937,0.965698,332934,4.14073e+06,45.4803
4383,4309,0.83926,0.716762,332452,4.14092e+06,47.8636
3502,3446,0.83925,0.960951,333085,4.1405e+06,57.0869
4086,4009,0.839147,0.87014,332979,4.14087e+06,42.8224
5578,5518,0.83908,0.977486,332440,4.14092e+06,47.3053
3916,3852,0.838969,0.708296,332934,4.14073e+06,45.4782
3936,3844,0.838969,0.461075,332975,4.14073e+06,48.8503
4423,4372,0.838946,0.619739,332452,4.14092e+06,47.9377
4407,4306,0.83871,0.665396,332452,4.14092e+06,47.9139
5604,5547,0.83871,0.603479,332440,4.14092e+06,47.2316
4386,4309,0.83871,0.623187,332452,4.14092e+06,47.8271
6672,6612,0.838636,0.835341,332321,4.14129e+06,49.6623
5534,5481,0.838499,0.667127,332440,4.14092e+06,47.3125
2537,2473,0.838493,0.959336,333296,4.14136e+06,47.5739
2834,2755,0.838323,0.91623,333028,4.14128e+06,55.2166
2543,2482,0.838315,0.970282,333296,4.14136e+06,47.4555
2866,2808,0.838235,0.788235,333028,4.14127e+06,55.0567
6393,6272,0.838218,0.871967,332696,4.14124e+06,61.5244
2822,2750,0.83817,0.992001,333028,4.14128e+06,54.903
3883,3831,0.83816,0.96936,332975,4.14073e+06,48.7194
5588,5518,0.838141,0.540806,332440,4.14092e+06,47.2363
3938,3824,0.83805,0.566674,332934,4.14073e+06,45.4907
5525,5474,0.838017,0.537096,332440,4.14092e+06,47.3552
5393,5340,0.837937,0.725823,332728,4.14091e+06,46.6153
4432,4363,0.837916,0.772368,332452,4.14092e+06,47.7559
4822,4708,0.837877,0.905318,332441,4.14054e+06,49.1673
6667,6538,0.837838,0.466187,332323,4.14129e+06,49.4567
2566,2491,0.837802,0.967675,333296,4.14136e+06,47.4317
5388,5303,0.837736,0.616691,332728,4.14091e+06,46.6369
2849,2783,0.837684,0.609344,333031,4.14131e+06,54.9247
6386,6263,0.837545,0.94868,332696,4.14124e+06,61.5518
5560,5505,0.837246,0.759981,332440,4.14092e+06,47.2136
5603,5526,0.837171,0.662619,332440,4.14092e+06,47.2926
3887,3824,0.837097,0.940816,332934,4.14073e+06,45.4579
3874,3816,0.836938,0.985085,332975,4.14073e+06,45.4319
3933,3816,0.836868,0.751761,332934,4.14074e+06,86.7792
4363,4310,0.83662,0.929225,332452,4.14092e+06,47.7723
5601,5549,0.836601,0.861919,332440,4.14092e+06,47.2284
4419,4306,0.836582,0.801836,332452,4.14092e+06,47.8978
2569,2493,0.836576,0.974405,333296,4.14136e+06,47.5546
3506,3454,0.836557,0.978408,333087,4.14054e+06,57.3135
4410,4308,0.836553,0.830955,332452,4.14092e+06,47.8217
5531,5476,0.836449,0.631634,332440,4.14092e+06,47.2122
3487,3432,0.836327,0.988913,333084,4.1405e+06,93.1681
3523,3445,0.83631,0.982765,333085,4.1405e+06,91.6185
5596,5540,0.836149,0.478209,332440,4.14092e+06,47.2866
4455,4404,0.836115,0.945688,332452,4.14092e+06,47.9167
3526,3449,0.836066,0.967838,333120,4.1405e+06,60.0272
2584,2480,0.836043,0.991479,333296,4.14136e+06,47.4406
2567,2491,0.83584,0.945556,333296,4.14136e+06,47.4827
5530,5476,0.835772,0.92857,332440,4.14092e+06,47.2248
5597,5540,0.835703,0.470033,332440,4.14092e+06,47.2648
2094,2029,0.835694,0.983484,332338,4.14091e+06,44.8588
4105,3999,0.835681,0.698417,332979,4.14093e+06,47.4362
2800,2748,0.835632,0.972197,333027,4.14128e+06,91.6721
2580,2525,0.835598,0.867715,333297,4.14136e+06,47.5416
5609,5532,0.835526,0.600861,332440,4.14092e+06,47.2306
3890,3837,0.835505,0.920074,332934,4.14073e+06,45.4646
2861,2764,0.835337,0.814477,333066,4.14128e+06,93.7201
5532,5476,0.835165,0.630759,332440,4.14092e+06,47.2163
5582,5518,0.835052,0.753343,332440,4.14092e+06,47.251
6310,6253,0.835,0.989868,332696,4.14124e+06,61.4582
5553,5488,0.834862,0.628052,332441,4.14092e+06,47.2479
3889,3837,0.834739,0.416107,332934,4.14074e+06,86.3651
6631,6534,0.834677,0.865919,332322,4.14129e+06,49.5208
2851,2771,0.834628,0.900709,333027,4.14128e+06,92.6669
4753,4694,0.834621,0.984638,332441,4.14054e+06,49.1231
4790,4738,0.834575,0.884332,332441,4.14054e+06,49.1447
3106,3044,0.834483,0.848179,332978,4.14094e+06,51.4507
2929,2846,0.83419,0.816791,333027,4.14127e+06,55.4037
3898,3835,0.834163,0.941843,332976,4.14074e+06,86.7639
5571,5516,0.834163,0.745632,332440,4.14092e+06,47.409
3904,3841,0.834154,0.877829,332975,4.14073e+06,48.7119
3902,3824,0.834146,0.96728,332934,4.14074e+06,85.185
6375,6235,0.834146,0.893523,332696,4.14124e+06,61.4791
2804,2751,0.834129,0.87244,333028,4.14128e+06,58.2293
3915,3838,0.833898,0.613536,332934,4.14073e+06,45.4647
3900,3843,0.833608,0.892818,332934,4.14073e+06,45.4767
2600,2531,0.833583,0.990558,333297,4.14136e+06,47.5643
5579,5519,0.833333,0.684921,332441,4.14092e+06,47.3143
6363,6264,0.833333,0.791574,332696,4.14124e+06,61.549
5557,5505,0.833333,0.879188,332440,4.14092e+06,47.1721
4479,4417,0.833333,0.820088,332452,4.14092e+06,47.954
3478,3411,0.833168,0.983338,333085,4.1405e+06,59.7881
4800,4735,0.833094,0.709751,332441,4.14054e+06,49.0746
4820,4728,0.833091,0.938184,332441,4.14054e+06,49.2216
3897,3813,0.833061,0.884756,332934,4.14073e+06,45.4859
3905,3843,0.833058,0.846211,332975,4.14073e+06,48.7139
2846,2775,0.83296,0.916595,333065,4.14127e+06,58.0053
2548,2485,0.832911,0.970682,333296,4.14136e+06,47.5056
2093,2027,0.832898,0.60075,332338,4.14091e+06,44.8571
2085,2030,0.832853,0.962554,332338,4.14091e+06,44.876
3496,3440,0.832836,0.97112,333085,4.1405e+06,57.1493
5555,5493,0.832803,0.940283,332440,4.14092e+06,47.2079
4529,4478,0.832579,0.919783,332452,4.14092e+06,48.1329
2560,2486,0.832418,0.998928,333296,4.14136e+06,47.4209
6657,6536,0.832381,0.846097,332323,4.14129e+06,49.4165
5593,5540,0.832258,0.462111,332440,4.14092e+06,47.2909
2575,2488,0.832187,0.54924,333296,4.14136e+06,47.5258
6420,6272,0.832117,0.840338,332696,4.14124e+06,61.6053
6645,6538,0.83209,0.871711,332323,4.14129e+06,49.4664
3569,3502,0.831867,0.961129,333120,4.1405e+06,92.5548
2605,2553,0.831832,0.987565,333297,4.14136e+06,47.682
2557,2493,0.831763,0.483845,333297,4.14136e+06,47.512
5527,5476,0.831761,0.764779,332440,4.14092e+06,47.2911
2582,2508,0.83175,0.976364,333296,4.14136e+06,47.4388
4381,4308,0.831711,0.801697,332452,4.14092e+06,47.8181
2848,2787,0.831461,0.928848,333031,4.14131e+06,55.0846
4433,4381,0.831412,0.706102,332452,4.14092e+06,47.8136
2940,2861,0.831403,0.875372,333027,4.14128e+06,96.7923
6650,6536,0.831395,0.759178,332322,4.14129e+06,49.4837
5570,5518,0.831386,0.754641,332440,4.14092e+06,47.3549
4456,4400,0.831343,0.809297,332452,4.14092e+06,47.9936
3483,3409,0.831313,0.980433,333085,4.1405e+06,57.0309
4534,4481,0.831269,0.677611,332452,4.14092e+06,48.1628
3499,3440,0.831207,0.978084,333085,4.1405e+06,57.3454
5385,5318,0.831094,0.752021,332728,4.14091e+06,46.6067
4480,4420,0.830925,0.62195,332452,4.14092e+06,47.9085
3557,3455,0.83089,0.747152,333119,4.1405e+06,60.079
3912,3838,0.830846,0.932391,332934,4.14073e+06,45.4664
3906,3843,0.830846,0.845912,332934,4.14073e+06,45.4706
5536,5476,0.830769,0.830262,332440,4.14092e+06,47.215
5556,5496,0.830769,0.674528,332440,4.14092e+06,47.208
2585,2505,0.830709,0.836576,333296,4.14136e+06,47.561
3517,3453,0.830677,0.96865,333121,4.1405e+06,56.9712
2812,2748,0.830357,0.852835,333028,4.14127e+06,55.2558
4065,4006,0.830339,0.657219,332983,4.14092e+06,42.9437
2819,2748,0.830317,0.939378,333027,4.14127e+06,54.9817
5567,5515,0.830218,0.470116,332440,4.14092e+06,47.2694
2589,2487,0.830137,0.966798,333296,4.14136e+06,47.5441
2838,2787,0.830103,0.847462,333028,4.14127e+06,55.0915
3937,3850,0.830015,0.670184,332934,4.14073e+06,45.5253
3492,3439,0.829912,0.968044,333085,4.1405e+06,57.1895
4452,4401,0.829882,0.68736,332452,4.14092e+06,47.9367
2581,2485,0.82976,0.998343,333296,4.14136e+06,47.5276
3500,3440,0.829703,0.968192,333085,4.1405e+06,59.9592
3911,3843,0.829618,0.951988,332934,4.14074e+06,84.9031
3497,3431,0.829557,0.975206,333084,4.1405e+06,92.7528
6395,6268,0.829532,0.975375,332696,4.14124e+06,61.5491
5607,5538,0.829508,0.655798,332440,4.14092e+06,47.2402
683,621,0.829394,0.644322,332694,4.14122e+06,61.4697
6421,6262,0.829384,0.69153,332696,4.14124e+06,61.6
2817,2759,0.829379,0.861403,333065,4.14128e+06,57.847
6430,6377,0.829238,0.866502,332696,4.14124e+06,61.7179
2947,2874,0.829237,0.503836,333068,4.14127e+06,55.7896
4459,4401,0.829197,0.520756,332452,4.14092e+06,47.8832
5383,5329,0.829091,0.818377,332728,4.14091e+06,46.6468
2931,2846,0.829082,0.927166,333027,4.14128e+06,95.0353
5399,5324,0.829044,0.534428,332728,4.14091e+06,46.662
4412,4316,0.828909,0.700762,332452,4.14092e+06,47.8464
5610,5516,0.828767,0.773459,332440,4.14092e+06,47.2824
2547,2488,0.828758,0.553816,333296,4.14136e+06,47.5482
4517,4404,0.828746,0.745924,332452,4.14092e+06,47.9658
4400,4308,0.828737,0.897239,332452,4.14092e+06,47.822
2938,2823,0.828715,0.861804,333027,4.14127e+06,55.2122
4372,4309,0.828614,0.76173,332452,4.14092e+06,47.9487
677,623,0.828599,0.919143,332693,4.14122e+06,61.4324
2552,2498,0.828571,0.944088,333296,4.14136e+06,47.5495
4385,4309,0.82853,0.662533,332452,4.14092e+06,47.811
4357,4305,0.82853,0.700441,332452,4.14092e+06,47.8369
4453,4401,0.828528,0.623375,332452,4.14092e+06,47.8995
4142,4077,0.828402,0.912678,332979,4.14087e+06,42.9116
2808,2745,0.828358,0.904145,333064,4.14127e+06,57.8843
6385,6243,0.828271,0.87346,332696,4.14124e+06,61.4311
4380,4305,0.828239,0.737799,332452,4.14092e+06,47.8124
4487,4423,0.828221,0.660189,332452,4.14092e+06,47.9928
4402,4308,0.828169,0.821739,332452,4.14092e+06,47.7845
4750,4699,0.828148,0.964685,332441,4.14054e+06,49.2318
3866,3813,0.82807,0.502705,332934,4.14073e+06,86.8084
6398,6243,0.827957,0.917445,332696,4.14124e+06,61.427
2544,2491,0.827858,0.893424,333296,4.14136e+06,47.5242
6627,6538,0.827801,0.834703,332322,4.14129e+06,49.5696
4426,4357,0.827786,0.845512,332452,4.14092e+06,47.7829
3903,3830,0.827703,0.931493,332934,4.14073e+06,45.4128
3103,3048,0.827703,0.797119,333028,4.14094e+06,97.3797
2586,2494,0.827676,0.512323,333296,4.14136e+06,47.5909
706,650,0.827586,0.941406,332693,4.14122e+06,61.3227
4088,4032,0.827586,0.432761,332984,4.14093e+06,43.0219
3880,3820,0.827471,0.907008,332934,4.14074e+06,85.755
6407,6238,0.827417,0.913042,332696,4.14124e+06,61.498
2863,2783,0.827417,0.567719,333027,4.14127e+06,55.0579
4136,4056,0.827402,0.473484,332979,4.14087e+06,97.341
2841,2788,0.827388,0.95426,333028,4.14128e+06,54.8549
4484,4425,0.827273,0.646057,332452,4.14092e+06,47.9074
2100,2027,0.82699,0.936795,332339,4.14091e+06,44.8966
4414,4310,0.826979,0.70788,332452,4.14092e+06,47.8257
3527,3451,0.826979,0.974577,333085,4.1405e+06,57.393
4437,4367,0.826979,0.896255,332452,4.14092e+06,47.8396
4718,4667,0.826923,0.860903,332441,4.14054e+06,49.2056
5581,5528,0.826861,0.779718,332440,4.14092e+06,47.3504
2539,2473,0.826816,0.985048,333296,4.14136e+06,47.4587
2936,2879,0.826802,0.536872,333030,4.14131e+06,55.644
2609,2503,0.826783,0.991847,333340,4.14136e+06,51.1094
2599,2528,0.826761,0.994831,333297,4.14136e+06,47.6872
4371,4309,0.826725,0.627121,332452,4.14092e+06,47.9132
2937,2879,0.826649,0.942382,333030,4.14131e+06,55.5992
4374,4316,0.826648,0.762114,332452,4.14092e+06,47.8658
5562,5491,0.82658,0.935659,332440,4.14092e+06,47.2627
3479,3415,0.82655,0.653676,333085,4.1405e+06,91.0041
2864,2784,0.826506,0.901018,333027,4.14127e+06,58.1648
5537,5477,0.826433,0.645443,332440,4.14092e+06,47.2098
4451,4381,0.826421,0.662672,332452,4.14092e+06,47.9623
6394,6253,0.826389,0.910153,332696,4.14124e+06,61.4474
5563,5494,0.826357,0.642908,332440,4.14092e+06,47.1855
2546,2485,0.826144,0.990414,333296,4.14136e+06,47.5565
2807,2745,0.826135,0.823447,333065,4.14128e+06,91.9956
4364,4312,0.826087,0.696555,332452,4.14092e+06,47.8223
6436,6376,0.825983,0.884323,332696,4.14124e+06,61.6797
4102,4021,0.825911,0.833932,332984,4.14087e+06,99.7794
3935,3812,0.825871,0.515902,332934,4.14073e+06,48.8074
6370,6270,0.825815,0.802177,332697,4.14124e+06,61.5858
4387,4315,0.825702,0.793082,332452,4.14092e+06,47.8645
5533,5480,0.825674,0.74089,332440,4.14092e+06,47.3573
328,223,0.825598,0.679101,332637,4.1409e+06,48.9967
330,265,0.825598,0.588743,332637,4.1409e+06,49.449
5365,5309,0.825581,0.77411,332728,4.14091e+06,46.6153
2083,2030,0.825444,0.96173,332339,4.14091e+06,44.9302
4367,4312,0.825352,0.697423,332452,4.14092e+06,47.798
2856,2782,0.825328,0.9134,333028,4.14127e+06,55.0226
3878,3812,0.825291,0.685282,332934,4.14073e+06,45.4033
684,627,0.82529,0.556452,332696,4.14126e+06,61.4761
5565,5476,0.825273,0.647742,332440,4.14092e+06,47.234
682,623,0.825099,0.893392,332732,4.14122e+06,64.4816
2090,2027,0.824934,0.997665,332338,4.14091e+06,44.8704
2099,2045,0.824916,0.940265,332339,4.14091e+06,44.9166
2811,2745,0.824885,0.803286,333031,4.14131e+06,54.9591
4369,4317,0.824818,0.801881,332452,4.14092e+06,47.8698
3888,3813,0.824759,0.975867,332934,4.14074e+06,85.0325
4409,4312,0.824713,0.621689,332452,4.14092e+06,47.794
4382,4316,0.824666,0.74971,332452,4.14092e+06,47.8909
671,620,0.824649,0.865219,332693,4.14122e+06,61.3835
6432,6376,0.824437,0.491624,332696,4.14124e+06,61.6783
4462,4403,0.824427,0.530175,332452,4.14092e+06,47.9311
2563,2471,0.824377,0.357123,333296,4.14136e+06,47.4978
2934,2878,0.824359,0.851707,333069,4.14127e+06,59.1904
3576,3492,0.824311,0.994353,333084,4.1405e+06,92.9854
5602,5540,0.824281,0.611427,332440,4.14092e+06,47.248
2948,2891,0.824251,0.981734,333026,4.14127e+06,55.6561
4421,4318,0.824225,0.751773,332452,4.14092e+06,47.7996
4361,4308,0.824207,0.86253,332452,4.14092e+06,47.8232
2919,2826,0.824176,0.697326,333027,4.14127e+06,55.2692
4468,4401,0.824143,0.57356,332452,4.14092e+06,47.9272
4444,4387,0.824128,0.836751,332452,4.14092e+06,47.9083
3520,3454,0.824101,0.674911,333087,4.14054e+06,57.3212
3504,3449,0.824092,0.963914,333118,4.1405e+06,60.1506
4079,4003,0.824074,0.837708,332983,4.14092e+06,42.9397
698,625,0.824044,0.916263,332697,4.14126e+06,61.6609
2084,2027,0.824022,0.996731,332338,4.14091e+06,44.8687
2809,2750,0.823884,0.906515,333028,4.14128e+06,54.8026
2092,2028,0.823864,0.988372,332338,4.14091e+06,44.8688
4473,4413,0.823789,0.702161,332452,4.14092e+06,47.9446
4422,4362,0.823776,0.796369,332452,4.14092e+06,47.7872
2850,2764,0.823737,0.739601,333028,4.14128e+06,55.0025
3896,3837,0.823627,0.94841,332976,4.14073e+06,45.4591
4429,4316,0.823446,0.691988,332452,4.14092e+06,47.8542
2555,2503,0.823373,0.997337,333296,4.14136e+06,47.5606
6662,6536,0.823301,0.829654,332323,4.14129e+06,49.4043
6384,6268,0.823239,0.969077,332696,4.14124e+06,61.5866
2901,2826,0.823232,0.670529,333027,4.14127e+06,55.201
2571,2489,0.823219,0.997474,333296,4.14136e+06,47.5211
2530,2473,0.823212,0.979152,333296,4.14136e+06,47.4927
2635,2493,0.823022,0.973886,333341,4.14136e+06,51.2464
3515,3440,0.823009,0.978599,333084,4.1405e+06,57.3156
2852,2775,0.822999,0.94101,333027,4.14128e+06,93.2373
3511,3460,0.822896,0.530742,333085,4.1405e+06,57.2079
4427,4371,0.822857,0.871551,332452,4.14092e+06,47.8988
4449,4387,0.822747,0.858002,332452,4.14092e+06,47.9209
2576,2505,0.822715,0.966623,333296,4.14136e+06,47.6495
5547,5484,0.82263,0.854622,332440,4.14092e+06,47.4051
4420,4305,0.822626,0.496382,332452,4.14092e+06,47.7993
4463,4388,0.822416,0.761425,332452,4.14092e+06,47.9528
4478,4413,0.822378,0.729089,332452,4.14092e+06,47.8968
6388,6264,0.8223,0.838732,332696,4.14124e+06,61.5521
4467,4411,0.822289,0.914484,332452,4.14092e+06,47.9843
3895,3844,0.822186,0.455987,332938,4.14077e+06,45.4318
4785,4725,0.822153,0.822151,332441,4.14054e+06,49.3313
3868,3813,0.82199,0.635667,332935,4.14073e+06,45.6404
2942,2849,0.821954,0.877418,333027,4.14127e+06,58.6796
3877,3822,0.82194,0.932659,332938,4.14077e+06,45.4893
2813,2759,0.821853,0.975096,333027,4.14128e+06,93.6296
676,622,0.821833,0.920693,332697,4.14126e+06,61.515
6359,6293,0.821832,0.900742,332696,4.14124e+06,61.5577
678,625,0.821792,0.981301,332693,4.14126e+06,64.9386
4526,4472,0.82153,0.657151,332452,4.14092e+06,48.0303
2922,2844,0.821522,0.777713,333027,4.14127e+06,55.4299
948,886,0.821429,0.910752,332326,4.14129e+06,51.6334
2905,2851,0.821429,0.859241,333030,4.14128e+06,95.8064
4450,4358,0.821321,0.777017,332452,4.14092e+06,47.8694
3503,3446,0.821251,0.968231,333120,4.1405e+06,59.871
6434,6380,0.821216,0.885766,332696,4.14124e+06,61.6741
2945,2892,0.821192,0.783829,333027,4.14127e+06,55.7999
4434,4383,0.821114,0.766565,332452,4.14092e+06,47.9039
4465,4413,0.821068,0.72336,332452,4.14092e+06,47.9154
2561,2481,0.820955,0.965488,333296,4.14136e+06,47.4619
6405,6251,0.820878,0.940616,332696,4.14124e+06,61.5314
2932,2881,0.820817,0.772542,333027,4.14127e+06,55.7124
2536,2477,0.820809,0.974328,333297,4.14136e+06,47.5093
3440,3387,0.820663,0.98765,333085,4.1405e+06,57.2384
6360,6275,0.820611,0.91135,332696,4.14124e+06,61.5392
5540,5476,0.820593,0.715799,332440,4.14092e+06,47.2371
2603,2544,0.820588,0.869495,333297,4.14136e+06,47.723
4365,4310,0.820584,0.911332,332452,4.14092e+06,47.79
744,673,0.820563,0.913736,332693,4.14122e+06,61.1915
6640,6537,0.820561,0.87079,332322,4.14129e+06,49.4734
5554,5476,0.820552,0.937322,332440,4.14092e+06,47.2328
6338,6250,0.820545,0.598973,332696,4.14124e+06,61.5281
2831,2754,0.820483,0.671933,333027,4.14128e+06,54.9079
2644,2578,0.820477,0.584294,333296,4.14136e+06,51.3064
2911,2835,0.820446,0.513598,333067,4.14127e+06,55.4221
4430,4366,0.820438,0.819849,332452,4.14092e+06,47.8055
4505,4449,0.820396,0.860977,332452,4.14092e+06,48.0854
2597,2482,0.820375,0.957618,333296,4.14136e+06,47.5489
2657,2565,0.820334,0.859213,333340,4.14136e+06,51.3187
6409,6263,0.820331,0.982818,332696,4.14124e+06,61.563
6350,6297,0.820282,0.930837,332697,4.14124e+06,61.7201
679,627,0.820225,0.943854,332693,4.14122e+06,101.25
3886,3833,0.820225,0.941373,332938,4.14077e+06,45.463
5574,5517,0.820225,0.793923,332440,4.14092e+06,47.3053
4476,4420,0.820144,0.517242,332452,4.14092e+06,47.8776
3572,3461,0.82002,0.619512,333087,4.14054e+06,57.0086
4766,4704,0.82,0.822966,332441,4.14054e+06,49.0956
4474,4404,0.81994,0.697838,332452,4.14092e+06,47.8856
2828,2759,0.819936,0.9425,333028,4.14127e+06,54.8644
2917,2842,0.819923,0.900069,333027,4.14128e+06,95.1975
3907,3836,0.819905,0.82029,332938,4.14077e+06,45.5162
6308,6242,0.819853,0.947746,332696,4.14124e+06,61.4986
2578,2493,0.81982,0.977021,333296,4.14136e+06,47.5859
2545,2492,0.81976,0.998779,333296,4.14136e+06,47.5712
2531,2471,0.819737,0.977901,333300,4.1414e+06,47.5671
692,623,0.819637,0.826703,332693,4.14122e+06,61.4349
3528,3476,0.819572,0.993824,333087,4.14054e+06,57.2047
6366,6282,0.819549,0.837858,332696,4.14124e+06,61.5147
6304,6245,0.819427,0.939729,332696,4.14124e+06,61.4727
3901,3824,0.819421,0.917371,332934,4.14073e+06,48.731
4440,4376,0.819364,0.78804,332452,4.14092e+06,47.774
3546,3440,0.819361,0.976129,333084,4.1405e+06,57.1858
4519,4465,0.819355,0.716796,332452,4.14092e+06,48.1658
3480,3425,0.819203,0.977249,333085,4.1405e+06,56.9998
3472,3416,0.819159,0.983768,333088,4.14054e+06,56.9702
6306,6245,0.819083,0.942199,332696,4.14124e+06,61.4523
6382,6264,0.818935,0.82383,332696,4.14124e+06,61.546
6376,6272,0.818925,0.884481,332696,4.14124e+06,61.5015
2818,2752,0.818916,0.798813,333027,4.14128e+06,54.9792
3481,3409,0.818882,0.98154,333119,4.1405e+06,91.5141
4442,4340,0.818862,0.675193,332452,4.14092e+06,47.843
4396,4308,0.818731,0.790301,332452,4.14092e+06,47.8958
2596,2491,0.818533,0.971034,333296,4.14136e+06,47.4951
6301,6235,0.818523,0.967404,332697,4.14124e+06,61.4474
4408,4312,0.818436,0.590059,332452,4.14092e+06,47.7599
4415,4308,0.818312,0.870706,332452,4.14092e+06,47.8695
4477,4413,0.818182,0.82502,332452,4.14092e+06,47.8898
4425,4358,0.818182,0.775748,332452,4.14092e+06,47.7491
6615,6543,0.818182,0.847248,332322,4.14129e+06,49.5739
2551,2482,0.818066,0.992123,333296,4.14136e+06,47.5626
2535,2478,0.818065,0.98906,333337,4.14136e+06,50.8151
4466,4410,0.818049,0.745345,332452,4.14092e+06,47.9802
2825,2755,0.817873,0.785356,333028,4.14128e+06,55.0584
6397,6238,0.817853,0.941341,332696,4.14124e+06,61.4654
6612,6537,0.817778,0.834556,332322,4.14129e+06,49.55
3884,3812,0.81775,0.666655,332934,4.14073e+06,45.445
2559,2476,0.817539,0.989013,333297,4.14136e+06,47.4059
4483,4431,0.817518,0.649832,332452,4.14092e+06,47.922
2082,2031,0.817439,0.520344,332338,4.14091e+06,44.8708
4366,4312,0.817404,0.681447,332452,4.14092e+06,47.7979
6371,6262,0.817296,0.71941,332696,4.14124e+06,61.5577
2900,2844,0.817232,0.704797,333027,4.14127e+06,55.2731
5572,5518,0.81717,0.658635,332440,4.14092e+06,47.3034
6372,6264,0.817088,0.859009,332696,4.14124e+06,61.602
4435,4358,0.81686,0.796099,332452,4.14092e+06,47.8607
3518,3460,0.816846,0.982514,333085,4.1405e+06,57.1875
699,625,0.81682,0.488288,332694,4.14122e+06,61.8296
3541,3476,0.816764,0.992451,333119,4.1405e+06,91.87
2914,2854,0.816667,0.781817,333030,4.14132e+06,55.2181
6380,6281,0.816667,0.95552,332696,4.14124e+06,61.5642
6367,6312,0.816647,0.931788,332696,4.14124e+06,61.5892
2579,2503,0.816576,0.994411,333296,4.14136e+06,47.5423
6418,6253,0.816425,0.951465,332696,4.14124e+06,61.5416
3463,3409,0.81641,0.987494,333088,4.14054e+06,56.8321
4438,4383,0.816356,0.916792,332452,4.14092e+06,47.8607
736,673,0.816327,0.917042,332693,4.14122e+06,61.2109
3940,3849,0.816294,0.334307,332975,4.14073e+06,45.397
681,621,0.816265,0.74067,332733,4.14122e+06,61.4693
3108,3045,0.816151,0.784398,332978,4.14094e+06,47.3086
6633,6534,0.816135,0.85692,332323,4.14129e+06,49.4753
6401,6263,0.816106,0.961135,332696,4.14124e+06,61.5738
4539,4401,0.816092,0.503456,332452,4.14092e+06,47.9325
6368,6262,0.816092,0.743249,332696,4.14124e+06,61.5744
2654,2597,0.816058,0.955107,333297,4.14136e+06,92.1649
3524,3439,0.816047,0.962194,333085,4.1405e+06,57.3094
325,196,0.816011,0.922806,332637,4.1409e+06,49.0629
6377,6245,0.815821,0.822705,332696,4.14124e+06,61.5108
2595,2503,0.815789,0.5586,333296,4.14136e+06,47.595
6410,6263,0.815759,0.964378,332696,4.14124e+06,61.5332
694,625,0.815735,0.649997,332696,4.14126e+06,61.5768
6351,6272,0.815722,0.931377,332696,4.14124e+06,61.6015
6373,6268,0.815636,0.928786,332696,4.14124e+06,61.5335
725,673,0.815516,0.94362,332693,4.14122e+06,61.2111
4524,4413,0.815504,0.48063,332452,4.14092e+06,48.0743
2859,2792,0.815498,0.734523,333068,4.14128e+06,55.1851
4540,4487,0.815407,0.745352,332452,4.14092e+06,48.236
3510,3446,0.815293,0.966429,333085,4.1405e+06,92.3948
2913,2853,0.815245,0.600661,333027,4.14127e+06,55.4178
2858,2796,0.81523,0.473848,333031,4.14131e+06,55.1803
4399,4309,0.815186,0.640816,332452,4.14092e+06,47.7938
6391,6262,0.815166,0.727869,332696,4.14124e+06,61.5526
4395,4309,0.815152,0.606192,332452,4.14092e+06,47.8931
6383,6264,0.815116,0.815402,332696,4.14124e+06,61.5899
5357,5305,0.815094,0.888383,332728,4.14091e+06,46.634
2946,2781,0.815029,0.889801,333030,4.14132e+06,55.2483
3507,3451,0.815005,0.96642,333087,4.14054e+06,57.1507
3547,3462,0.814961,0.981074,333120,4.1405e+06,57.1803
6357,6298,0.814956,0.945511,332697,4.14124e+06,61.6449
3476,3416,0.814887,0.98431,333088,4.14054e+06,57.0972
4485,4403,0.814871,0.83306,332452,4.14092e+06,47.9681
4418,4358,0.814867,0.736681,332452,4.14092e+06,47.776
4384,4309,0.814815,0.841035,332452,4.14092e+06,47.7997
2949,2849,0.814815,0.927365,333069,4.14128e+06,96.9232
672,620,0.814815,0.947561,332697,4.14126e+06,61.4337
702,627,0.814737,0.729598,332693,4.14122e+06,61.4751
6423,6371,0.814681,0.95615,332696,4.14124e+06,61.7576
2925,2808,0.81456,0.82443,333068,4.14127e+06,55.4311
2944,2745,0.814505,0.808972,333027,4.14127e+06,55.2486
5543,5489,0.814465,0.708616,332441,4.14092e+06,47.3893
6288,6235,0.814408,0.910001,332696,4.14124e+06,61.4191
5608,5536,0.8144,0.73954,332440,4.14092e+06,47.2203
3488,3425,0.814383,0.98351,333085,4.1405e+06,91.3604
5575,5515,0.814236,0.651547,332440,4.14092e+06,47.3919
2646,2554,0.814121,0.870407,333296,4.14136e+06,47.8177
4490,4427,0.814093,0.871527,332452,4.14092e+06,47.9638
3489,3412,0.814021,0.98563,333085,4.1405e+06,57.2209
2933,2839,0.814013,0.923141,333070,4.14127e+06,58.9663
6404,6284,0.813953,0.883335,332696,4.14124e+06,61.5245
701,650,0.813857,0.629991,332694,4.14122e+06,99.9373
5583,5514,0.813804,0.724139,332440,4.14092e+06,47.2227
3556,3442,0.813793,0.975639,333085,4.1405e+06,59.9953
3871,3820,0.813675,0.713488,332935,4.14073e+06,45.4767
4368,4309,0.813609,0.616498,332452,4.14092e+06,47.8283
6387,6243,0.813599,0.894492,332696,4.14124e+06,61.4094
6369,6272,0.813559,0.906077,332696,4.14124e+06,61.4727
5542,5476,0.813559,0.893716,332440,4.14092e+06,47.2733
4403,4309,0.813559,0.600524,332452,4.14092e+06,47.7828
4416,4356,0.81351,0.891969,332452,4.14092e+06,47.8322
4439,4344,0.81351,0.763118,332452,4.14092e+06,47.8369
4482,4413,0.813486,0.858982,332452,4.14092e+06,47.9
6365,6296,0.813415,0.906467,332696,4.14124e+06,61.5808
3567,3483,0.813265,0.985206,333085,4.14051e+06,93.3285
4481,4418,0.813218,0.485611,332452,4.14092e+06,47.9324
2939,2879,0.813215,0.928009,333026,4.14128e+06,98.8906
4389,4310,0.813187,0.940766,332452,4.14092e+06,47.8918
4370,4318,0.81317,0.593702,332452,4.14092e+06,47.9319
6435,6372,0.813161,0.939024,332696,4.14124e+06,61.6605
263,201,0.81311,0.56865,332637,4.14095e+06,49.2813
2593,2503,0.813084,0.971549,333296,4.14136e+06,47.6789
6326,6273,0.813038,0.894963,332696,4.14124e+06,61.5394
2896,2822,0.812977,0.84908,333027,4.14128e+06,94.6332
3493,3437,0.812935,0.966182,333085,4.1405e+06,57.1406
6141,4996,0.812865,0.903496,332689,4.141e+06,51.9605
4507,4440,0.812779,0.798779,332452,4.14092e+06,47.9728
6654,6536,0.812741,0.801773,332322,4.14129e+06,49.4682
3881,3815,0.812704,0.894746,332934,4.14073e+06,45.4757
4436,4358,0.812676,0.690442,332452,4.14092e+06,47.7956
6289,6238,0.812649,0.952995,332696,4.14124e+06,61.3715
738,663,0.812625,0.921159,332693,4.14122e+06,61.2929
2886,2815,0.8125,0.572174,333027,4.14128e+06,58.5
4392,4318,0.81241,0.755716,332452,4.14092e+06,47.8187
6639,6537,0.812386,0.876944,332323,4.14129e+06,49.4329
2528,2473,0.812339,0.95966,333296,4.14136e+06,47.6253
2875,2820,0.812332,0.843743,333027,4.14127e+06,55.0585
2652,2581,0.812329,0.929563,333297,4.14136e+06,47.8566
3482,3425,0.812245,0.986117,333120,4.1405e+06,59.8835
3941,3831,0.812221,0.86206,332934,4.14073e+06,45.4392
3873,3813,0.812183,0.947857,332938,4.14077e+06,45.4948
4515,4440,0.812102,0.811742,332452,4.14092e+06,48.0444
2598,2480,0.812071,0.97507,333296,4.14136e+06,47.5124
6412,6263,0.812065,0.968782,332696,4.14124e+06,61.5344
4458,4363,0.81203,0.741718,332452,4.14092e+06,47.8991
4431,4308,0.811978,0.767979,332452,4.14092e+06,47.7827
4457,4404,0.81194,0.826425,332452,4.14092e+06,47.8897
6341,6284,0.811881,0.937715,332696,4.14124e+06,61.5497
6433,6284,0.811847,0.876796,332696,4.14124e+06,61.5405
3505,3429,0.811823,0.969042,333085,4.1405e+06,57.3149
2634,2542,0.811765,0.958209,333296,4.14136e+06,51.2397
674,623,0.811741,0.958588,332693,4.14122e+06,61.4755
6671,6612,0.811736,0.978843,332320,4.14129e+06,49.5995
691,627,0.811728,0.688271,332731,4.14122e+06,64.5278
4362,4307,0.811615,0.804331,332452,4.14092e+06,47.8361
6396,6254,0.811611,0.822668,332696,4.14124e+06,61.4735
6403,6252,0.811494,0.807992,332696,4.14124e+06,61.4774
4393,4316,0.811377,0.489304,332452,4.14092e+06,47.9136
2915,2801,0.81137,0.740114,333031,4.14131e+06,55.3403
6392,6238,0.811343,0.94278,332696,4.14124e+06,61.4349
3574,3502,0.811339,0.967442,333084,4.1405e+06,57.237
2610,2491,0.811293,0.973851,333296,4.14136e+06,90.6432
4536,4476,0.811239,0.79532,332452,4.14092e+06,48.0927
4535,4480,0.811209,0.813912,332452,4.14092e+06,48.1479
4537,4472,0.811209,0.483796,332452,4.14092e+06,48.0978
2607,2491,0.8112,0.966123,333296,4.14136e+06,47.657
6656,6538,0.811111,0.866106,332323,4.14129e+06,49.4895
675,623,0.811078,0.879982,332693,4.14122e+06,99.6228
3872,3812,0.811037,0.647719,332935,4.14073e+06,45.5103
688,623,0.810976,0.789918,332693,4.14122e+06,100.688
695,637,0.810945,0.538564,332731,4.14122e+06,61.2619
312,259,0.810924,0.99925,332637,4.14091e+06,100.044
739,661,0.810865,0.91221,332693,4.14122e+06,61.2831
5576,5517,0.810855,0.855644,332441,4.14092e+06,47.3552
3544,3454,0.81068,0.977652,333085,4.14054e+06,60.0401
6637,6538,0.810662,0.848825,332323,4.14129e+06,49.4875
2542,2473,0.810636,0.958425,333296,4.14136e+06,47.5613
4758,4659,0.810594,0.796317,332442,4.14054e+06,49.3904
3465,3409,0.810577,0.995349,333085,4.1405e+06,91.076
2524,2470,0.810499,0.889035,333296,4.14136e+06,47.5547
2558,2493,0.810499,0.974216,333296,4.14136e+06,47.5458
2935,2833,0.810484,0.622582,333027,4.14127e+06,55.3674
6381,6264,0.810474,0.871129,332696,4.14124e+06,61.5865
4441,4382,0.810448,0.844876,332452,4.14092e+06,47.8998
2952,2896,0.81039,0.841786,333026,4.14127e+06,59.2533
6317,6264,0.810386,0.797984,332696,4.14124e+06,61.6165
4757,4695,0.810373,0.830619,332441,4.14054e+06,49.1572
3513,3446,0.810139,0.979119,333120,4.1405e+06,59.9026
6297,6238,0.810063,0.94979,332696,4.14124e+06,61.4552
2604,2548,0.810056,0.976908,333297,4.14136e+06,47.7356
2943,2887,0.810026,0.862274,333070,4.14127e+06,59.2998
2839,2776,0.809965,0.860856,333028,4.14128e+06,93.5651
3568,3504,0.809933,0.557672,333084,4.1405e+06,57.4962
3531,3431,0.809804,0.98623,333084,4.1405e+06,92.5529
673,621,0.809804,0.932231,332732,4.14122e+06,61.4068
5569,5476,0.809756,0.636684,332440,4.14092e+06,47.2629
4401,4309,0.809722,0.668474,332452,4.14092e+06,47.7608
4530,4478,0.809663,0.513672,332452,4.14092e+06,48.1172
6356,6270,0.809648,0.628629,332697,4.14124e+06,61.5698
3484,3395,0.809617,0.969217,333087,4.14054e+06,57.3974
4528,4404,0.809591,0.803248,332452,4.14092e+06,47.9258
2522,2466,0.809589,0.99011,333297,4.14136e+06,47.5758
4509,4440,0.809524,0.708416,332452,4.14092e+06,48.0994
3553,3461,0.809524,0.620169,333085,4.1405e+06,92.1284
3882,3816,0.809524,0.929252,332975,4.14073e+06,45.4392
6328,6268,0.809409,0.954795,332696,4.14124e+06,61.5481
3555,3496,0.809387,0.978081,333085,4.1405e+06,57.3436
3491,3420,0.809293,0.933447,333120,4.1405e+06,60.0233
2643,2572,0.809249,0.863106,333296,4.14136e+06,47.882
2572,2476,0.809219,0.977845,333296,4.14136e+06,47.5695
4520,4449,0.80916,0.867486,332452,4.14092e+06,48.1138
6402,6284,0.809133,0.909905,332696,4.14124e+06,61.5055
2829,2773,0.809091,0.755154,333065,4.14128e+06,92.7856
4379,4308,0.808989,0.517074,332452,4.14092e+06,47.8101
4454,4401,0.808973,0.565561,332452,4.14092e+06,47.8299
3539,3487,0.808967,0.953255,333120,4.1405e+06,57.3112
6311,6243,0.808933,0.902346,332696,4.14124e+06,61.3898
2950,2897,0.808901,0.729673,333030,4.14131e+06,55.7253
6358,6282,0.808878,0.896377,332696,4.14124e+06,61.5117
2951,2855,0.808824,0.778323,333027,4.14127e+06,55.3558
4411,4306,0.808782,0.701323,332452,4.14092e+06,47.8943
4405,4313,0.808759,0.623948,332452,4.14092e+06,47.8432
2525,2470,0.808743,0.883806,333297,4.14136e+06,47.5447
2594,2495,0.80872,0.968993,333296,4.14136e+06,47.5068
4106,3999,0.808642,0.885275,332979,4.14087e+06,96.3555
6324,6268,0.808642,0.937853,332696,4.14124e+06,61.5429
735,684,0.80863,0.563922,332693,4.14122e+06,61.1212
2872,2801,0.808619,0.932766,333027,4.14127e+06,55.1743
6649,6539,0.80855,0.79534,332323,4.14129e+06,49.4056
4406,4312,0.80854,0.613159,332452,4.14092e+06,47.8077
2086,2035,0.808511,0.945925,332338,4.14091e+06,44.8754
3550,3468,0.808366,0.978776,333087,4.14054e+06,57.2343
4538,4476,0.808298,0.693587,332452,4.14092e+06,48.1216
710,659,0.808285,0.841005,332693,4.14122e+06,61.2563
319,266,0.808239,0.908271,332637,4.1409e+06,49.5492
6415,6254,0.808235,0.808558,332696,4.14124e+06,61.4895
6653,6535,0.808194,0.778936,332322,4.14129e+06,49.4637
6336,6263,0.808118,0.932498,332696,4.14124e+06,61.519
4060,4003,0.808118,0.904816,333031,4.14087e+06,42.9555
5736,1807,0.808061,0.425432,331933,4.14096e+06,52.7152
6307,6249,0.807882,0.939312,332696,4.14124e+06,61.4707
6414,6247,0.807829,0.521119,332696,4.14124e+06,61.5259
6406,6240,0.807825,0.892496,332696,4.14124e+06,61.506
4087,4033,0.807692,0.840006,332984,4.14092e+06,43.0569
4516,4449,0.807692,0.844921,332452,4.14092e+06,48.063
6287,6234,0.807646,0.924753,332696,4.14124e+06,61.3846
6352,6275,0.807643,0.494084,332696,4.14124e+06,61.5678
2910,2856,0.80764,0.826418,333027,4.14127e+06,55.2544
2903,2830,0.807592,0.867339,333067,4.14127e+06,55.1383
2532,2473,0.807479,0.957502,333339,4.14136e+06,50.8983
4471,4401,0.807471,0.546711,332452,4.14092e+06,47.8845
3455,3387,0.807436,0.742523,333085,4.1405e+06,57.3021
2540,2471,0.807377,0.976776,333296,4.14136e+06,47.5296
6428,6377,0.807372,0.520385,332696,4.14124e+06,61.7018
6416,6284,0.807329,0.850116,332696,4.14124e+06,61.5523
331,186,0.807314,0.997561,332637,4.14091e+06,95.0879
4356,4305,0.807314,0.694909,332455,4.14096e+06,47.8405
2881,2810,0.807305,0.854729,333067,4.14127e+06,55.311
712,661,0.807302,0.584102,332693,4.14122e+06,61.2523
3554,3492,0.807287,0.9969,333084,4.1405e+06,91.9391
2612,2549,0.807194,0.918057,333341,4.14136e+06,51.3454
4518,4465,0.807175,0.69239,332452,4.14092e+06,48.1277
742,690,0.807116,0.93605,332693,4.14122e+06,61.1272
4398,4310,0.807069,0.809118,332452,4.14092e+06,47.8199
2629,2553,0.807065,0.95042,333296,4.14136e+06,47.7011
6290,6235,0.807062,0.994403,332696,4.14124e+06,61.4677
4404,4316,0.807018,0.707305,332452,4.14092e+06,47.785
6347,6284,0.806995,0.916091,332696,4.14124e+06,61.5513
2802,2743,0.806977,0.53197,333028,4.14128e+06,55.0184
3548,3491,0.806931,0.986315,333119,4.1405e+06,60.1586
3561,3491,0.806883,0.582626,333119,4.1405e+06,57.5053
6295,6240,0.806861,0.985366,332697,4.14124e+06,61.4885
6399,6261,0.806857,0.550807,332696,4.14124e+06,61.5028
3469,3392,0.806841,0.992361,333120,4.1405e+06,59.8412
6670,6608,0.806794,0.841174,332321,4.14129e+06,49.7006
4413,4308,0.80677,0.760157,332452,4.14092e+06,47.8061
2621,2477,0.806748,0.8604,333296,4.14136e+06,47.8265
3462,3406,0.806608,0.988571,333088,4.14054e+06,56.9868
5568,5516,0.806349,0.729883,332440,4.14092e+06,47.3113
705,627,0.806218,0.917955,332693,4.14122e+06,61.4398
6632,6534,0.806216,0.885522,332322,4.14129e+06,49.449
6084,349,0.806202,0.864017,332649,4.1409e+06,48.3893
2862,2787,0.806173,0.926067,333031,4.14131e+06,55.2858
3490,3424,0.806102,0.919566,333085,4.1405e+06,59.9981
6068,6014,0.806069,0.708663,332629,4.14091e+06,49.3953
3532,3459,0.806061,0.977624,333085,4.1405e+06,92.4315
713,657,0.806034,0.887346,332693,4.14122e+06,61.3234
732,664,0.805998,0.914905,332693,4.14122e+06,61.2968
4525,4414,0.805991,0.740191,332452,4.14092e+06,48.0426
333,201,0.805991,0.712631,332637,4.1409e+06,49.1759
3458,3387,0.805985,0.99877,333085,4.1405e+06,57.3189
2533,2478,0.805913,0.978837,333296,4.14136e+06,88.7588
4802,4726,0.805907,0.602042,332440,4.14054e+06,49.1168
2633,2521,0.805825,0.7602,333297,4.14136e+06,47.8153
2899,2848,0.805801,0.830492,333067,4.14127e+06,58.5484
3533,3423,0.805748,0.976912,333085,4.1405e+06,57.1913
3473,3419,0.805748,0.988665,333119,4.1405e+06,57.1353
6322,6264,0.805658,0.765309,332696,4.14124e+06,61.5887
6362,6261,0.805522,0.911089,332696,4.14124e+06,61.4898
3573,3506,0.805447,0.993204,333087,4.14054e+06,57.3593
6417,6364,0.805425,0.853661,332696,4.14124e+06,61.5751
3543,3476,0.805362,0.558621,333084,4.1405e+06,57.3123
4506,4438,0.805349,0.851693,332452,4.14092e+06,47.9913
6330,6278,0.805344,0.831121,332696,4.14124e+06,61.5337
745,677,0.805284,0.962032,332693,4.14122e+06,61.3231
2527,2471,0.805249,0.977108,333296,4.14136e+06,47.5362
3477,3422,0.805221,0.977152,333085,4.1405e+06,56.8767
2636,2546,0.805108,0.92109,333296,4.14136e+06,47.8671
2920,2846,0.805108,0.912639,333027,4.14127e+06,58.7709
6658,6534,0.8051,0.92995,332322,4.14129e+06,49.3999
334,258,0.805085,0.93621,332637,4.1409e+06,53.6694
2574,2483,0.805031,0.385656,333296,4.14136e+06,47.5428
4464,4395,0.805022,0.862842,332452,4.14092e+06,48.0398
228,176,0.805007,0.952271,332640,4.14095e+06,49.0091
3109,3056,0.804965,0.745771,333032,4.14094e+06,100.688
2835,2784,0.804795,0.49267,333027,4.14127e+06,54.9944
6411,6294,0.804762,0.892128,332696,4.14124e+06,61.6508
690,634,0.804752,0.551277,332693,4.14122e+06,64.4551
3485,3425,0.804711,0.968484,333087,4.14054e+06,57.2888
4832,4717,0.804598,0.717225,332441,4.14054e+06,49.1074
301,206,0.804565,0.544032,332641,4.14095e+06,49.1098
3579,3487,0.804541,0.988484,333120,4.1405e+06,60.098
6389,6253,0.804424,0.883279,332696,4.14124e+06,61.4531
2814,2754,0.804424,0.598264,333028,4.14128e+06,93.6148
4522,4452,0.80438,0.697502,332452,4.14092e+06,48.2383
2798,2747,0.804372,0.949339,333065,4.14128e+06,54.9368
320,262,0.804286,0.455864,332638,4.1409e+06,49.5905
6340,6235,0.804266,0.817036,332697,4.14124e+06,61.515
3439,3387,0.804264,0.986352,333085,4.1405e+06,91.0573
709,641,0.804243,0.976021,332693,4.14122e+06,61.2431
2926,2798,0.804178,0.886151,333027,4.14127e+06,55.3816
4493,4403,0.804124,0.698535,332452,4.14092e+06,47.9881
220,169,0.804097,0.904889,332637,4.1409e+06,49.009
4543,4476,0.804035,0.759067,332452,4.14092e+06,48.1111
2577,2477,0.804,0.974348,333296,4.14136e+06,47.5829
6321,6268,0.80397,0.849369,332696,4.14124e+06,61.5608
6342,6270,0.803946,0.848969,332697,4.14124e+06,61.5836
289,230,0.803892,0.852804,332637,4.1409e+06,49.5076
4373,4309,0.803863,0.702687,332452,4.14092e+06,47.9146
2906,2853,0.803822,0.770468,333031,4.14131e+06,55.4554
2587,2475,0.803763,0.999026,333297,4.14136e+06,47.4966
2627,2546,0.803714,0.930235,333297,4.14136e+06,47.7695
265,180,0.803698,0.580939,332637,4.1409e+06,49.271
6361,6259,0.803549,0.930694,332696,4.14124e+06,61.6851
4747,4658,0.803543,0.82129,332443,4.14054e+06,49.2267
4388,4308,0.803443,0.86968,332452,4.14092e+06,47.8365
2081,2030,0.803371,0.987153,332338,4.14091e+06,44.9241
731,650,0.803279,0.92902,332693,4.14122e+06,61.2161
685,625,0.803279,0.500746,332696,4.14126e+06,61.6711
687,627,0.803229,0.926673,332693,4.14122e+06,100.561
2918,2860,0.803109,0.874636,333027,4.14128e+06,96.9309
6422,6365,0.80303,0.841751,332696,4.14124e+06,61.6782
4533,4425,0.802985,0.871721,332452,4.14092e+06,47.9611
6296,6243,0.802938,0.913142,332696,4.14124e+06,61.4245
3577,3446,0.802899,0.962453,333085,4.1405e+06,57.1778
2568,2493,0.802799,0.973658,333296,4.14136e+06,47.5214
2632,2572,0.80274,0.944818,333297,4.14136e+06,91.1546
4469,4418,0.802671,0.81401,332452,4.14092e+06,47.9458
715,641,0.802658,0.910535,332693,4.14122e+06,61.328
6294,6240,0.802469,0.984341,332696,4.14124e+06,61.4861
6431,6378,0.802469,0.902573,332696,4.14124e+06,61.8156
2506,2455,0.802436,0.991457,333296,4.14136e+06,47.7202
314,253,0.802309,0.959479,332687,4.1409e+06,53.5597
2625,2544,0.802228,0.883676,333296,4.14136e+06,47.8443
5528,5477,0.802198,0.763862,332440,4.14092e+06,47.324
6312,6261,0.802133,0.972025,332696,4.14124e+06,61.4793
697,621,0.802116,0.850746,332694,4.14122e+06,100.001
3538,3476,0.802113,0.982163,333087,4.14054e+06,57.4508
2887,2786,0.802097,0.965339,333027,4.14128e+06,96.3418
4527,4472,0.802009,0.622401,332452,4.14092e+06,48.0576
6429,6371,0.801909,0.971472,332696,4.14124e+06,61.7007
6647,6537,0.801905,0.854226,332322,4.14129e+06,49.4539
6638,6542,0.801869,0.809249,332323,4.14129e+06,49.5759
3566,3497,0.801732,0.98733,333085,4.1405e+06,60.184
268,175,0.801724,0.519039,332637,4.1409e+06,49.2953
6327,6263,0.801714,0.889733,332696,4.14124e+06,61.5479
2608,2521,0.801653,0.742344,333300,4.1414e+06,47.805
6293,6238,0.801643,0.90329,332696,4.14124e+06,61.4029
3540,3417,0.801572,0.969899,333085,4.1405e+06,57.241
4360,4309,0.801389,0.595156,332452,4.14092e+06,47.759
743,690,0.801337,0.568664,332693,4.14122e+06,61.1557
5595,5526,0.801252,0.889229,332440,4.14092e+06,47.2835
6291,6240,0.801205,0.970089,332696,4.14124e+06,61.4611
2087,2025,0.80109,0.887477,332338,4.14091e+06,44.8754
3536,3464,0.800971,0.980508,333084,4.1405e+06,57.2332
6329,6272,0.800971,0.467167,332696,4.14124e+06,61.5132
724,655,0.800922,0.878008,332693,4.14122e+06,61.2145
4461,4409,0.800898,0.700931,332452,4.14092e+06,47.9201
295,206,0.800872,0.624515,332637,4.1409e+06,49.2381
2645,2548,0.800819,0.419144,333296,4.14136e+06,90.765
6315,6262,0.800776,0.74962,332696,4.14124e+06,61.6028
6354,6238,0.800771,0.547264,332696,4.14124e+06,61.4636
2592,2526,0.800766,0.759218,333296,4.14136e+06,47.672
5580,5516,0.800687,0.855721,332440,4.14092e+06,47.4082
951,881,0.800633,0.892701,332325,4.14129e+06,51.7198
747,684,0.800601,0.522704,332693,4.14122e+06,61.2112
2570,2505,0.80057,0.591814,333297,4.14136e+06,47.461
6349,6293,0.800505,0.914254,332696,4.14124e+06,61.6235
6298,6242,0.800487,0.904077,332696,4.14124e+06,61.4782
3564,3476,0.800384,0.980857,333087,4.14054e+06,57.3956
324,240,0.800285,0.554884,332637,4.1409e+06,49.4013
943,881,0.8,0.878439,332326,4.14129e+06,51.6406
2529,2473,0.8,0.956344,333297,4.14136e+06,47.5292
2641,2521,0.8,0.793921,333339,4.14136e+06,90.7799
4523,4466,0.8,0.832059,332452,4.14092e+06,48.2601
2638,2572,0.8,0.943673,333300,4.1414e+06,47.8681
3570,3501,0.799809,0.637447,333119,4.1405e+06,60.1689
3495,3435,0.799807,0.972451,333118,4.1405e+06,57.4703
3459,3387,0.799804,0.988312,333119,4.1405e+06,57.2112
2816,2758,0.799775,0.669955,333028,4.14128e+06,58.2043
4390,4316,0.799699,0.853569,332452,4.14092e+06,47.9547
5566,5477,0.799677,0.831355,332440,4.14092e+06,47.2873
3899,3837,0.799666,0.938598,332938,4.14077e+06,45.4349
733,672,0.799618,0.881559,332693,4.14122e+06,61.3935
3563,3484,0.799607,0.996175,333084,4.1405e+06,92.5667
4472,4411,0.799431,0.804532,332452,4.14092e+06,47.911
269,186,0.799423,0.497493,332637,4.1409e+06,49.2795
3562,3491,0.799176,0.982793,333084,4.1405e+06,57.2209
2623,2480,0.799145,0.926232,333296,4.14136e+06,47.7709
305,204,0.799114,0.52016,332686,4.1409e+06,49.0512
759,695,0.799034,0.51076,332692,4.14122e+06,61.045
3875,3818,0.799003,0.930835,332934,4.14073e+06,45.441
3864,3813,0.798969,0.975766,332937,4.14077e+06,45.428
237,186,0.798935,0.697827,332640,4.14095e+06,49.0594
2626,2534,0.79889,0.82391,333297,4.14136e+06,47.7135
6332,6281,0.79881,0.961356,332696,4.14124e+06,61.5743
2845,2791,0.798595,0.582965,333067,4.14128e+06,93.9246
2890,2798,0.798498,0.647716,333066,4.14127e+06,58.4183
703,623,0.798345,0.808907,332731,4.14122e+06,99.2196
6313,6238,0.798257,0.518244,332696,4.14124e+06,61.4161
711,636,0.79822,0.808198,332693,4.14122e+06,61.3572
4501,4437,0.798179,0.541459,332452,4.14092e+06,48.0771
298,193,0.798179,0.996175,332637,4.1409e+06,49.1075
6390,6280,0.798122,0.947992,332696,4.14124e+06,61.5561
4378,4317,0.798023,0.941206,332452,4.14092e+06,47.794
2892,2826,0.798005,0.648703,333030,4.14131e+06,55.2291
2614,2543,0.79792,0.974126,333300,4.1414e+06,47.694
2591,2488,0.797914,0.935456,333296,4.14136e+06,47.5744
6424,6272,0.797897,0.85993,332695,4.14124e+06,61.6073
4494,4417,0.797856,0.830756,332452,4.14092e+06,48.0467
2656,2572,0.797753,0.878389,333297,4.14136e+06,51.5096
2508,2454,0.797695,0.972886,333296,4.14136e+06,47.5686
4445,4357,0.797654,0.767385,332452,4.14092e+06,47.8431
271,186,0.797637,0.992725,332637,4.1409e+06,49.2636
6419,6254,0.797633,0.818541,332696,4.14124e+06,61.5553
4508,4449,0.797619,0.703982,332452,4.14092e+06,48.0499
6374,6272,0.79693,0.573846,332696,4.14124e+06,61.5169
281,196,0.796897,0.961851,332637,4.1409e+06,49.2559
6318,6264,0.796818,0.812318,332696,4.14124e+06,61.5862
2891,2783,0.796813,0.667563,333027,4.14127e+06,55.1132
2879,2798,0.79661,0.897043,333027,4.14127e+06,55.2293
2865,2787,0.796591,0.82957,333028,4.14128e+06,92.5576
6314,6245,0.796569,0.418588,332696,4.14124e+06,61.5026
6378,6249,0.796491,0.907911,332696,4.14124e+06,61.5487
741,673,0.796435,0.577302,332693,4.14122e+06,61.2035
728,667,0.796125,0.955189,332693,4.14122e+06,61.3676
2868,2804,0.796117,0.889395,333068,4.14127e+06,58.3277
3578,3502,0.796078,0.957696,333084,4.1405e+06,60.0988
311,197,0.796006,0.927274,332684,4.1409e+06,52.9596
6379,6268,0.795991,0.968577,332696,4.14124e+06,61.5746
247,186,0.795699,0.769832,332683,4.1409e+06,53.0177
2583,2524,0.795685,0.895894,333296,4.14136e+06,47.5953
4424,4353,0.79558,0.825776,332452,4.14092e+06,47.7774
2651,2593,0.79533,0.825064,333300,4.1414e+06,47.8934
322,194,0.79533,0.995941,332637,4.1409e+06,49.1509
717,636,0.795215,0.94508,332693,4.14122e+06,61.1634
6286,6235,0.795152,0.951608,332696,4.14124e+06,61.4118
740,661,0.795122,0.923647,332693,4.14122e+06,61.2532
3571,3476,0.79509,0.993733,333084,4.1405e+06,57.3933
2649,2567,0.795082,0.881316,333296,4.14136e+06,47.7589
2637,2503,0.795022,0.798811,333297,4.14136e+06,47.8212
758,695,0.795019,0.563353,332692,4.14122e+06,61.0661
6331,6237,0.794969,0.588952,332696,4.14124e+06,61.4832
6333,6275,0.794934,0.919607,332696,4.14124e+06,61.5475
4514,4452,0.794913,0.739809,332451,4.14092e+06,48.2999
707,650,0.794846,0.936186,332693,4.14122e+06,61.2492
6659,6543,0.794824,0.817611,332322,4.14129e+06,49.4786
6400,6262,0.794808,0.711844,332696,4.14124e+06,61.5942
4532,4477,0.794798,0.84865,332452,4.14092e+06,48.0963
273,196,0.794721,0.555769,332637,4.1409e+06,49.3191
4754,4695,0.794712,0.84828,332441,4.14054e+06,49.072
6300,6240,0.79471,0.9325,332697,4.14124e+06,61.4864
310,186,0.794603,0.936442,332637,4.1409e+06,49.1297
2588,2455,0.794574,0.958876,333296,4.14135e+06,47.6659
282,217,0.79454,0.79174,332637,4.1409e+06,49.2969
704,650,0.794462,0.532843,332693,4.14122e+06,61.3012
2867,2812,0.794425,0.886961,333067,4.14127e+06,58.5446
3467,3399,0.794411,0.96885,333085,4.1405e+06,57.0883
3471,3398,0.794411,0.992774,333085,4.1405e+06,57.0368
6642,6542,0.794355,0.801111,332323,4.14129e+06,49.6432
2648,2555,0.794278,0.858546,333340,4.14136e+06,51.2314
2630,2500,0.794278,0.774565,333296,4.14136e+06,47.6908
680,621,0.794118,0.600912,332694,4.14122e+06,61.4216
297,183,0.794076,0.963528,332637,4.1409e+06,49.2079
315,233,0.794034,0.96957,332637,4.14091e+06,98.7228
6408,6284,0.794016,0.851241,332696,4.14124e+06,61.5173
2924,2844,0.793883,0.554953,333030,4.14131e+06,55.3669
693,624,0.793803,0.804232,332694,4.14122e+06,61.5611
329,193,0.793758,0.77357,332637,4.1409e+06,49.0474
327,186,0.793693,0.564798,332637,4.1409e+06,49.086
3512,3461,0.793667,0.870601,333085,4.1405e+06,59.8861
2617,2538,0.793629,0.981843,333300,4.1414e+06,47.9222
261,196,0.79351,0.956095,332637,4.1409e+06,49.2578
2810,2759,0.79349,0.674156,333031,4.14131e+06,54.8465
726,650,0.793449,0.92109,332693,4.14122e+06,61.1039
338,233,0.793363,0.87936,332641,4.14095e+06,49.6701
332,235,0.793296,0.802833,332637,4.14091e+06,97.524
708,648,0.793241,0.903077,332693,4.14122e+06,61.2828
2091,2029,0.793194,0.945682,332338,4.14091e+06,44.8599
2620,2538,0.793153,0.809331,333296,4.14136e+06,47.8561
2526,2466,0.793149,0.964963,333296,4.14136e+06,47.5846
6426,6289,0.793103,0.862053,332696,4.14124e+06,61.6475
255,196,0.793103,0.965403,332641,4.14095e+06,49.2521
277,196,0.793054,0.961503,332637,4.1409e+06,49.3046
4475,4404,0.793007,0.873755,332452,4.14092e+06,47.8994
6320,6268,0.792974,0.940692,332696,4.14124e+06,61.5711
253,194,0.792963,0.955887,332683,4.1409e+06,52.9735
6607,6543,0.792771,0.812863,332322,4.14129e+06,49.6945
4497,4439,0.792738,0.775155,332452,4.14092e+06,48.0781
6067,6009,0.792668,0.997572,332629,4.14091e+06,49.5098
6644,6538,0.792593,0.861875,332323,4.14129e+06,49.4524
230,178,0.792428,0.722272,332637,4.1409e+06,49.0935
2889,2792,0.792328,0.800877,333068,4.14127e+06,96.9414
291,223,0.792285,0.688799,332637,4.1409e+06,49.2871
279,212,0.792244,0.96518,332637,4.1409e+06,49.2629
6292,6237,0.792176,0.605135,332696,4.14124e+06,61.4692
2873,2768,0.792,0.659648,333027,4.14128e+06,96.0036
2622,2551,0.791956,0.860105,333296,4.14135e+06,47.9821
2912,2828,0.791885,0.87956,333066,4.14127e+06,58.3876
2882,2815,0.791831,0.713626,333027,4.14127e+06,55.3185
2655,2488,0.791785,0.592244,333297,4.14136e+06,47.8517
5975,128,0.791749,0.38435,332523,4.14091e+06,49.5181
6337,6238,0.791667,0.931372,332696,4.14124e+06,61.4655
304,235,0.791495,0.815662,332641,4.14095e+06,49.3656
308,252,0.791489,0.977095,332687,4.1409e+06,53.5189
335,229,0.79142,0.810385,332687,4.1409e+06,53.3844
4447,4310,0.79142,0.659277,332452,4.14092e+06,47.8881
6346,6289,0.791411,0.933642,332696,4.14124e+06,61.6152
4500,4422,0.791356,0.653893,332452,4.14092e+06,48.0697
723,661,0.791249,0.890197,332693,4.14122e+06,61.0805
4496,4404,0.791241,0.730658,332452,4.14092e+06,48.0087
2606,2544,0.791176,0.90656,333296,4.14136e+06,47.7652
721,663,0.791045,0.965624,332693,4.14122e+06,61.1605
2874,2821,0.790989,0.897171,333027,4.14128e+06,93.5909
722,671,0.79096,0.951665,332693,4.14122e+06,61.1498
6437,6372,0.790954,0.934987,332696,4.14124e+06,61.72
2618,2551,0.790922,0.971985,333339,4.14136e+06,51.3105
6299,6243,0.790816,0.844462,332696,4.14124e+06,61.4098
6316,6264,0.790725,0.760143,332696,4.14124e+06,61.5962
3558,3507,0.790721,0.78717,333084,4.1405e+06,57.0949
2869,2807,0.790668,0.958111,333028,4.14127e+06,55.093
6364,6265,0.790643,0.85577,332696,4.14124e+06,61.5193
6427,6375,0.79064,0.882921,332696,4.14124e+06,61.7198
4448,4367,0.790462,0.702995,332452,4.14092e+06,47.9228
686,634,0.790437,0.528269,332693,4.14122e+06,61.4469
337,244,0.790436,0.905002,332637,4.1409e+06,49.6319
3468,3399,0.790307,0.991147,333085,4.1405e+06,59.911
339,174,0.790295,0.957333,332688,4.1409e+06,49.4152
4397,4315,0.790278,0.611869,332452,4.14092e+06,47.8168
292,201,0.79023,0.573429,332637,4.1409e+06,49.3386
689,625,0.79021,0.565029,332693,4.14122e+06,61.6292
4544,4472,0.789866,0.452482,332452,4.14092e+06,48.1645
293,236,0.789781,0.715981,332637,4.1409e+06,49.516
6413,6272,0.789779,0.874916,332696,4.14124e+06,61.5368
2521,2469,0.789737,0.744961,333296,4.14136e+06,47.5427
3551,3478,0.789733,0.52218,333087,4.14054e+06,57.2085
287,206,0.7897,0.538979,332637,4.1409e+06,49.3072
306,244,0.789546,0.739855,332637,4.14091e+06,49.5358
734,677,0.789523,0.968641,332693,4.14122e+06,61.2102
5402,5342,0.789474,0.809951,332728,4.14091e+06,46.6196
930,879,0.789474,0.94442,332326,4.14129e+06,51.6666
296,230,0.7894,0.847974,332637,4.1409e+06,49.4481
2615,2535,0.789398,0.956951,333339,4.14136e+06,51.327
5529,5478,0.789298,0.723062,332440,4.14092e+06,47.3247
3451,3387,0.78922,0.994198,333085,4.1405e+06,57.3165
955,886,0.789157,0.913652,332326,4.14129e+06,51.5068
2908,2851,0.789014,0.813141,333027,4.14131e+06,58.7285
2523,2466,0.788991,0.999071,333297,4.14136e+06,47.5815
4358,4307,0.788904,0.872313,332452,4.14092e+06,47.7943
241,176,0.788828,0.769579,332682,4.1409e+06,52.8036
2520,2465,0.788828,0.877294,333297,4.14136e+06,47.454
276,201,0.788489,0.866248,332637,4.1409e+06,49.3402
231,176,0.78836,0.649049,332637,4.14091e+06,94.2798
2871,2768,0.78834,0.860236,333030,4.14131e+06,55.3374
6305,6241,0.788207,0.962514,332696,4.14124e+06,61.4493
3447,3393,0.788177,0.797173,333088,4.14054e+06,57.0645
323,217,0.788136,0.734184,332637,4.1409e+06,49.1483
730,668,0.788049,0.515799,332693,4.14122e+06,61.2008
6302,6235,0.78799,0.879383,332696,4.14124e+06,61.4301
755,657,0.787971,0.641405,332692,4.14122e+06,61.3654
2921,2778,0.787962,0.874083,333068,4.14127e+06,58.5739
4713,4648,0.787923,0.529389,332442,4.14054e+06,49.3052
6069,6016,0.787688,0.996909,332629,4.14091e+06,49.3414
6334,6263,0.787469,0.970536,332696,4.14124e+06,61.5516
336,242,0.787466,0.922037,332637,4.1409e+06,49.4974
6339,6284,0.78726,0.944033,332696,4.14124e+06,61.5407
3549,3492,0.787255,0.985939,333084,4.1405e+06,57.2914
2519,2468,0.787149,0.66487,333296,4.14136e+06,47.4825
3529,3475,0.786965,0.801462,333087,4.14054e+06,57.435
3454,3395,0.786807,0.978093,333085,4.1405e+06,57.2991
714,634,0.786706,0.521186,332693,4.14122e+06,61.2603
3498,3420,0.786706,0.920133,333088,4.14054e+06,57.0697
259,191,0.786704,0.987749,332637,4.1409e+06,49.2434
2616,2542,0.786482,0.957826,333296,4.14136e+06,92.0273
4511,4454,0.786364,0.702987,332452,4.14092e+06,48.1827
696,643,0.786139,0.677287,332693,4.14122e+06,61.263
4504,4428,0.786054,0.709765,332452,4.14092e+06,48.0389
2101,2027,0.785953,0.997142,332339,4.14091e+06,44.9251
4542,4472,0.785714,0.724656,332452,4.14092e+06,48.0709
6345,6277,0.785714,0.932832,332696,4.14124e+06,61.6024
2895,2830,0.785526,0.630852,333027,4.14128e+06,95.8736
262,183,0.785511,0.929409,332637,4.1409e+06,49.2776
284,206,0.785503,0.874286,332637,4.1409e+06,49.287
2573,2519,0.785425,0.977753,333296,4.14136e+06,47.5164
290,206,0.785311,0.55887,332637,4.1409e+06,49.3011
317,230,0.785206,0.46828,332637,4.1409e+06,49.4508
288,233,0.785112,0.962087,332637,4.1409e+06,49.7127
6303,6235,0.785104,0.948112,332696,4.14124e+06,61.449
260,176,0.784615,0.965848,332637,4.1409e+06,49.3037
2927,2806,0.784574,0.77514,333068,4.14128e+06,95.8965
720,657,0.784466,0.553551,332693,4.14122e+06,61.1527
303,205,0.784286,0.723594,332637,4.14091e+06,95.4964
294,241,0.784161,0.796474,332637,4.1409e+06,49.5307
6309,6242,0.784077,0.935842,332696,4.14124e+06,61.484
6319,6245,0.783981,0.915158,332696,4.14124e+06,61.5191
283,206,0.783821,0.807129,332637,4.1409e+06,49.2956
762,655,0.783677,0.853582,332692,4.14122e+06,61.2943
752,695,0.783607,0.533511,332692,4.14122e+06,61.3625
6353,6301,0.783518,0.679755,332697,4.14124e+06,61.5967
949,891,0.783505,0.899233,332326,4.14129e+06,51.658
6438,6386,0.783469,0.984056,332696,4.14124e+06,61.5907
3583,3532,0.783465,0.947391,333120,4.1405e+06,57.1626
257,203,0.783286,0.936782,332637,4.14091e+06,96.2225
302,230,0.783265,0.854874,332637,4.1409e+06,53.2168
2653,2511,0.783167,0.95736,333298,4.14136e+06,93.1293
2628,2475,0.783117,0.863614,333296,4.14136e+06,47.6409
2619,2555,0.782991,0.988095,333297,4.14136e+06,47.6896
274,210,0.782991,0.882037,332637,4.1409e+06,49.3614
307,196,0.782979,0.940237,332637,4.1409e+06,49.1181
242,186,0.782842,0.922175,332637,4.14091e+06,95.18
221,169,0.782835,0.939044,332637,4.14091e+06,93.9891
4145,4010,0.782609,0.603039,332980,4.14087e+06,43.1443
4531,4403,0.782421,0.740359,332452,4.14092e+06,47.9841
252,183,0.782313,0.945181,332641,4.14095e+06,49.2653
248,189,0.782235,0.638028,332637,4.14091e+06,97.7542
5611,5526,0.78223,0.608852,332440,4.14092e+06,47.2604
4495,4424,0.78209,0.939478,332452,4.14092e+06,48.0526
3470,3391,0.78209,0.989406,333085,4.1405e+06,57.2703
2650,2537,0.782032,0.842896,333301,4.1414e+06,47.7998
4498,4433,0.781923,0.75213,332452,4.14092e+06,48.058
935,881,0.781818,0.861244,332325,4.14129e+06,51.6038
309,233,0.781818,0.92402,332637,-nan,49.5145
3565,3431,0.781544,0.984416,333084,4.1405e+06,57.6066
6335,6249,0.781441,0.967322,332696,4.14124e+06,61.4944
6144,4997,0.781369,0.826161,332689,4.14101e+06,52.4751
4470,4306,0.781341,0.707688,332452,4.14092e+06,48.0361
299,193,0.781295,0.937981,332685,4.1409e+06,52.9311
238,186,0.780654,0.914049,332682,4.1409e+06,52.7297
4486,4428,0.780488,0.983008,332452,4.14092e+06,47.9326
4545,4479,0.780303,0.672079,332452,4.14092e+06,48.2124
746,664,0.78024,0.953165,332693,4.14122e+06,61.1792
4460,4381,0.780236,0.835356,332452,4.14092e+06,47.9839
2516,2460,0.78022,0.98707,333301,4.14136e+06,47.8897
729,672,0.780177,0.89841,332693,4.14122e+06,61.34
4491,4413,0.780172,0.771182,332452,4.14092e+06,47.9739
300,238,0.780142,0.849842,332637,4.14091e+06,97.7493
5216,4212,0.780093,0.750053,332847,4.14091e+06,49.3687
3534,3468,0.780019,0.968065,333085,4.1405e+06,60.1048
6663,6610,0.779923,0.900807,332322,4.14129e+06,49.5091
3559,3462,0.77979,0.960484,333085,4.1405e+06,57.3369
3582,3446,0.779727,0.932843,333087,4.14054e+06,57.1652
2884,2814,0.779639,0.924633,333030,4.14131e+06,55.2583
316,253,0.779637,0.956751,332637,4.1409e+06,49.6056
6344,6286,0.779412,0.978174,332696,4.14124e+06,61.5935
270,196,0.779349,0.975595,332637,4.1409e+06,49.254
6323,6272,0.779343,0.982921,332696,4.14124e+06,61.5288
4488,4422,0.77924,0.587886,332452,4.14092e+06,47.9505
748,664,0.778947,0.970196,332692,4.14122e+06,61.2089
719,650,0.778837,0.872371,332693,4.14122e+06,61.1532
280,199,0.778761,0.967963,332637,4.1409e+06,49.2457
264,186,0.778626,0.939186,332637,4.1409e+06,49.2363
727,631,0.778511,0.576912,332693,4.14122e+06,61.2817
6425,6278,0.778325,0.734885,332696,4.14124e+06,61.6133
4512,4427,0.77795,0.656484,332452,4.14092e+06,48.145
240,174,0.777926,0.932556,332640,4.14095e+06,49.2237
4394,4337,0.777612,0.912941,332452,4.14092e+06,47.8926
5464,4306,0.777528,0.641138,332450,4.14092e+06,48.0135
326,258,0.77748,0.913223,332637,4.1409e+06,49.4993
4104,4027,0.777302,0.816211,332980,4.14087e+06,43.1101
3466,3390,0.777218,0.940699,333085,4.1405e+06,92.0158
950,899,0.77707,0.586156,332325,4.14129e+06,51.6921
6348,6243,0.776933,0.902485,332696,4.14124e+06,61.4848
285,189,0.776758,0.965937,332637,4.1409e+06,49.2892
225,174,0.776439,0.480898,332682,4.1409e+06,52.6302
4499,4433,0.776398,0.687272,332452,4.14092e+06,48.1236
3580,3476,0.776367,0.982335,333084,4.1405e+06,57.4192
754,657,0.776316,0.590631,332692,4.14122e+06,61.6024
4767,4707,0.776296,0.752185,332441,4.14054e+06,49.2845
3584,3492,0.776291,0.95266,333084,4.1405e+06,57.417
737,667,0.776204,0.963881,332693,4.14122e+06,61.2022
750,691,0.775826,0.692076,332692,4.14122e+06,61.2303
3450,3399,0.775595,0.978974,333085,4.1405e+06,92.021
2613,2519,0.775482,0.957486,333296,4.14136e+06,90.7479
236,169,0.775132,0.729696,332637,4.14091e+06,95.861
2897,2843,0.775061,0.672734,333027,4.14127e+06,55.3294
6666,6543,0.774947,0.763659,332323,4.14129e+06,49.5923
258,196,0.774862,0.881883,332637,4.1409e+06,49.2625
6611,6537,0.774834,0.8784,332322,4.14129e+06,49.5691
756,683,0.774747,0.808935,332693,4.14122e+06,61.4557
2904,2791,0.774718,0.789466,333028,4.14127e+06,55.4213
760,681,0.7747,0.67542,332693,4.14122e+06,61.2024
286,199,0.774687,0.945983,332637,4.1409e+06,49.3802
340,204,0.77453,0.530916,332638,4.1409e+06,49.4137
3581,3507,0.774323,0.929945,333084,4.1405e+06,57.1794
6064,6013,0.774314,0.51382,332629,4.14091e+06,49.4441
6669,6615,0.774067,0.956384,332322,4.14129e+06,49.5283
751,680,0.774023,0.587544,332692,4.14122e+06,61.3564
3530,3477,0.773663,0.983724,333085,4.1405e+06,56.935
254,186,0.773558,0.658201,332637,4.14091e+06,96.9161
243,169,0.773533,0.725516,332641,4.14095e+06,49.305
2815,2757,0.773474,0.546536,333027,4.14128e+06,55.1697
4502,4444,0.773273,0.817066,332452,4.14092e+06,48.0798
256,201,0.773098,0.54049,332683,4.1409e+06,53.0003
2658,2581,0.772989,0.896807,333297,4.14136e+06,47.9737
2097,2045,0.772727,0.988081,332338,4.14091e+06,44.9054
3552,3471,0.772727,0.970182,333085,4.1405e+06,57.2032
953,885,0.772575,0.94718,332325,4.14129e+06,51.6134
4521,4452,0.772189,0.668076,332452,4.14092e+06,48.281
4513,4424,0.772093,0.677159,332452,4.14092e+06,48.0666
954,877,0.771987,0.870678,332325,4.14129e+06,51.5855
4489,4425,0.771982,0.792829,332452,4.14092e+06,47.9766
4541,4488,0.771955,0.63443,332452,4.14092e+06,48.1894
763,655,0.771948,0.883307,332692,4.14122e+06,61.4202
2893,2776,0.771622,0.837431,333030,4.14131e+06,55.1903
2902,2848,0.77154,0.891502,333030,4.14131e+06,55.3043
3870,3811,0.771478,0.830994,332975,4.14073e+06,48.9276
3475,3423,0.771374,0.800452,333085,4.1405e+06,91.424
6355,6263,0.77125,0.994046,332696,4.14124e+06,61.5808
718,664,0.771186,0.654274,332693,4.14122e+06,61.1583
2631,2490,0.770942,0.966128,333296,4.14136e+06,47.6492
4503,4440,0.770932,0.652241,332452,4.14092e+06,48.0499
2080,2029,0.770898,0.987684,332338,4.14091e+06,44.9116
249,196,0.770751,0.876685,332641,4.14095e+06,49.275
6325,6264,0.77027,0.782539,332696,4.14124e+06,61.5954
6070,6015,0.77013,0.523201,332629,4.14091e+06,49.3048
250,174,0.769448,0.978063,332685,4.1409e+06,53.1611
3460,3393,0.769154,0.998421,333119,4.1405e+06,59.839
3486,3395,0.768928,0.973351,333085,4.1405e+06,57.3819
278,201,0.768895,0.56968,332637,4.1409e+06,49.2402
245,186,0.768595,0.697376,332637,4.14091e+06,96.0589
3535,3394,0.768563,0.857589,333118,4.1405e+06,60.2492
3876,3811,0.768473,0.831155,332938,4.14074e+06,86.2574
6343,6249,0.768293,0.934763,332696,4.14124e+06,61.5147
2518,2456,0.768276,0.965154,333296,4.14136e+06,47.5648
266,187,0.767956,0.955215,332637,4.1409e+06,49.2745
3474,3419,0.767686,0.990106,333085,4.1405e+06,57.349
267,185,0.767568,0.957787,332637,4.1409e+06,49.2865
321,229,0.767204,0.897205,332637,4.1409e+06,49.2568
753,627,0.766807,0.697552,332692,4.14122e+06,61.7977
939,886,0.766667,0.967425,332326,4.14129e+06,51.6226
6664,6612,0.766284,0.85335,332322,4.14129e+06,49.5199
233,169,0.766268,0.904405,332637,4.1409e+06,49.3728
757,695,0.765738,0.574726,332692,4.14122e+06,61.1564
234,183,0.76573,0.901733,332641,4.14095e+06,49.133
2642,2509,0.765603,0.860083,333300,4.1414e+06,47.8287
235,180,0.765464,0.84122,332682,4.1409e+06,52.7769
716,657,0.765432,0.606206,332693,4.14122e+06,61.2087
251,185,0.764946,0.992215,332637,4.14091e+06,95.7365
318,222,0.764463,0.941135,332637,4.1409e+06,49.2449
244,191,0.764391,0.743667,332684,4.1409e+06,52.9615
4355,4304,0.764192,0.778168,332456,4.14096e+06,47.7826
4720,4654,0.764179,0.970545,332442,4.14054e+06,49.371
2171,200,0.763501,0.877336,332637,4.1409e+06,49.1496
2624,2478,0.763485,0.818119,333296,4.14136e+06,47.8233
6061,6006,0.763441,0.994925,332629,4.14091e+06,49.412
2509,2455,0.763411,0.990888,333296,4.14136e+06,47.5964
246,180,0.763231,0.954655,332641,4.14095e+06,49.2526
345,215,0.763006,0.919757,332639,4.14091e+06,92.9931
4702,4648,0.762963,0.870334,332442,4.14054e+06,49.272
5982,2158,0.762948,0.528114,332561,4.14091e+06,49.4132
2885,2831,0.762821,0.725904,333027,4.14127e+06,55.2431
938,881,0.762712,0.912588,332326,4.14129e+06,51.6113
942,883,0.762542,0.943843,332325,4.14129e+06,51.653
764,673,0.762168,0.860897,332692,4.14122e+06,61.4899
934,878,0.762069,0.943333,332325,4.14129e+06,51.6732
947,881,0.762058,0.908645,332325,4.14129e+06,51.6374
2611,2542,0.76204,0.990376,333300,4.1414e+06,47.8536
3869,3818,0.761996,0.860882,332934,4.14073e+06,49.0519
313,192,0.761905,0.754842,332641,4.14095e+06,49.1495
3105,3054,0.761818,0.995615,332978,4.14094e+06,47.509
229,175,0.761719,0.918231,332682,4.1409e+06,49.0886
3542,3399,0.761715,0.949475,333087,4.14054e+06,57.1846
931,875,0.761589,0.867914,332326,4.14129e+06,51.5757
749,672,0.761329,0.902658,332692,4.14122e+06,61.3126
2916,2791,0.760982,0.750437,333028,4.14127e+06,55.5314
4492,4436,0.760807,0.814654,332452,4.14092e+06,48.0181
224,169,0.760705,0.910052,332638,4.1409e+06,52.7019
226,169,0.760705,0.901505,332637,4.1409e+06,49.0761
3585,3501,0.760659,0.944072,333119,4.1405e+06,91.8718
4510,4427,0.760606,0.608231,332452,4.14092e+06,48.0851
4789,4658,0.76006,0.815657,332442,4.14054e+06,49.2848
239,180,0.76,0.974938,332637,4.14091e+06,96.1238
3448,3396,0.759714,0.986633,333085,4.1405e+06,56.9195
232,179,0.759312,0.803978,332641,4.14095e+06,49.0458
2894,2826,0.759259,0.658527,333027,4.14127e+06,55.2586
6285,6233,0.758162,0.957885,332696,4.14124e+06,61.4218
2514,2451,0.758087,0.974393,333297,4.14136e+06,47.6671
6063,6007,0.757853,0.989325,332629,4.14091e+06,49.5348
6673,6614,0.757848,0.437961,332322,4.14129e+06,49.6568
932,872,0.757576,0.857038,332326,4.14129e+06,51.5221
3545,3429,0.756629,0.937888,333085,4.1405e+06,91.2892
2639,2535,0.756278,0.908435,333341,4.14136e+06,47.7434
3560,3502,0.756148,0.962883,333087,4.14054e+06,57.053
2880,2809,0.756065,0.88094,333030,4.14132e+06,55.0039
940,889,0.755396,0.657696,332325,4.14129e+06,51.7519
670,619,0.754473,0.88273,332694,4.14122e+06,61.4989
2953,2823,0.754412,0.835434,333027,4.14128e+06,95.8187
222,169,0.754386,0.890066,332637,4.14091e+06,93.7518
925,872,0.754209,0.805269,332326,4.14129e+06,51.4727
761,690,0.753385,0.553051,332692,4.14122e+06,61.2154
946,878,0.753378,0.850528,332325,4.14129e+06,51.7359
4701,4650,0.752976,0.906814,332442,4.14054e+06,49.3198
2928,2875,0.752368,0.964037,333030,4.14132e+06,55.5442
6593,6537,0.752358,0.873015,332322,4.14129e+06,49.7275
2515,2460,0.752149,0.988156,333297,4.14136e+06,93.2093
941,881,0.751678,0.938608,332325,4.14129e+06,51.6092
944,885,0.751656,0.610416,332325,4.14129e+06,51.6769
2799,2748,0.751142,0.903538,333027,4.14127e+06,54.8942
272,196,0.751055,0.463603,332637,4.1409e+06,49.3434
2504,2452,0.751004,0.485884,333296,4.14136e+06,47.5858
6065,6007,0.750958,0.988375,332629,4.14091e+06,49.511
2647,2556,0.75,0.87938,333339,4.14136e+06,47.8114
2640,2526,0.75,0.910476,333297,4.14136e+06,47.8144
6594,6534,0.75,0.919241,332322,4.14129e+06,49.6931
929,875,0.748428,0.840658,332326,4.14129e+06,51.5055
3102,3044,0.748239,0.984083,332978,4.14094e+06,47.2314
1392,1079,0.747549,0.785029,331931,4.14146e+06,52.4862
945,891,0.747368,0.976262,332325,4.14129e+06,51.6567
5613,5554,0.747232,0.911066,332440,4.14092e+06,47.2457
6595,6537,0.746377,0.787738,332322,4.14129e+06,49.8094
2507,2451,0.746289,0.963158,333296,4.14136e+06,47.5884
2517,2463,0.746121,0.975478,333297,4.14136e+06,47.8094
4096,4044,0.745136,0.956222,332979,4.14087e+06,43.0011
4738,4676,0.744557,0.775842,332440,4.14054e+06,49.317
275,177,0.744479,0.690505,332637,4.1409e+06,49.1972
6080,229,0.744231,0.868659,332638,4.1409e+06,48.9391
223,168,0.743386,0.907783,332637,4.1409e+06,48.8842
2590,2528,0.743224,0.960507,333297,4.14136e+06,47.6347
3111,3047,0.741811,0.796535,332978,4.14094e+06,47.1665
6628,6532,0.741414,0.729486,332323,4.14129e+06,49.5878
937,876,0.739726,0.797373,332325,4.14129e+06,51.6579
952,888,0.73913,0.934371,332326,4.14129e+06,51.5803
936,877,0.738971,0.939285,332325,4.14129e+06,51.6693
3948,3861,0.738245,0.255625,332974,4.14073e+06,45.5234
5612,5516,0.738053,0.736477,332440,4.14092e+06,47.2404
3949,3864,0.737815,0.638907,332976,4.14073e+06,48.7548
5145,2996,0.737475,0.991966,332973,4.14113e+06,51.9171
5615,4555,0.737452,0.670609,332439,4.14092e+06,47.1463
2078,2027,0.736527,0.996322,332338,4.14091e+06,44.878
227,169,0.736486,0.910136,332637,4.1409e+06,49.0599
5614,5534,0.735632,0.583491,332439,4.14092e+06,47.2539
6071,6014,0.735516,0.718969,332629,4.14091e+06,49.4211
4550,4433,0.734694,0.8538,332451,4.14092e+06,47.8008
4118,4055,0.733333,0.636122,333035,4.14087e+06,47.4863
3445,3392,0.730585,0.998962,333088,4.14054e+06,57.0771
2888,2810,0.72914,0.662487,333027,4.14127e+06,55.2468
6060,6009,0.728411,0.991506,332629,4.14091e+06,49.5296
4768,4701,0.727838,0.982503,332441,4.14054e+06,49.1558
3112,3044,0.727273,0.951616,332983,4.14099e+06,47.2312
5204,417,0.726115,0.729482,332900,4.14091e+06,45.2902
6634,6563,0.725338,0.51905,332322,4.14129e+06,49.6261
927,871,0.723636,0.689781,332326,4.14129e+06,51.6672
2187,370,0.722543,0.503445,332753,4.14091e+06,45.53
4052,3998,0.722008,0.988848,332979,4.14087e+06,95.2969
2513,2458,0.721739,0.901125,333297,4.14136e+06,47.819
923,871,0.721254,0.976339,332325,4.14129e+06,51.5488
4101,3999,0.720703,0.841733,332979,4.14087e+06,42.882
4761,4704,0.718887,0.842485,332440,4.14054e+06,49.0386
4549,4337,0.71875,0.515682,332451,4.14092e+06,47.8965
6625,6532,0.716667,0.799526,332322,4.14129e+06,49.552
1384,1072,0.716216,0.572416,331957,4.14145e+06,52.1095
6439,6254,0.715286,0.562063,332695,4.14124e+06,61.192
5616,4555,0.714579,0.770335,332438,4.14092e+06,47.158
926,870,0.714286,0.883446,332326,4.14129e+06,51.5208
3861,3810,0.714055,0.302516,332974,4.14073e+06,48.6472
344,229,0.713483,0.919224,332638,4.14091e+06,52.8921
4762,4656,0.712934,0.907514,332442,4.14054e+06,49.32
4710,4643,0.711567,0.847514,332443,4.14054e+06,49.4651
4546,4436,0.710843,0.755122,332452,4.14092e+06,48.0167
6660,6605,0.710037,0.889493,332322,4.14129e+06,49.5619
6604,6537,0.709602,0.821555,332322,4.14129e+06,49.6463
5526,5475,0.706625,0.612135,332440,4.14092e+06,47.3236
933,875,0.706081,0.842403,332326,4.14129e+06,51.5997
6646,6595,0.705776,0.81736,332322,4.14129e+06,49.6957
5266,4221,0.704036,0.750057,332828,4.14092e+06,48.9611
2074,2023,0.703601,0.917045,332338,4.14091e+06,44.8747
2923,2855,0.702849,0.805127,333027,4.14127e+06,55.428
4719,4652,0.702096,0.952498,332442,4.14054e+06,49.3023
4794,4643,0.6997,0.816693,332443,4.14054e+06,49.5415
922,870,0.698997,0.950026,332326,4.14129e+06,51.4957
3575,3512,0.698656,0.704412,333084,4.1405e+06,92.5644
2907,2754,0.698287,0.698532,333027,4.14127e+06,55.3853
2876,2774,0.698137,0.924898,333027,4.14127e+06,58.5444
2102,2040,0.695513,0.979446,332339,4.14091e+06,44.9803
956,895,0.694704,0.884027,332326,4.14129e+06,51.573
3461,3390,0.694634,0.593086,333085,4.1405e+06,57.0378
6443,6241,0.690815,0.576093,332695,4.14125e+06,60.8872
4756,4693,0.689382,0.868574,332441,4.14054e+06,49.1589
4704,4635,0.687954,0.952104,332443,4.14054e+06,49.3485
4760,4701,0.686728,0.967579,332441,4.14054e+06,49.1712
6591,6538,0.686321,0.825587,332322,4.14129e+06,49.7424
4547,4449,0.684887,0.718204,332451,4.14092e+06,48.0814
5728,1799,0.684874,0.850254,331941,4.14093e+06,51.1068
6284,6233,0.684642,0.964805,332696,4.14124e+06,61.3953
4141,4062,0.684404,0.913538,332979,4.14087e+06,42.8899
4698,4645,0.684211,0.976135,332443,4.14054e+06,49.5114
6062,6011,0.683871,0.990926,332629,4.14091e+06,49.4882
771,718,0.681723,0.571291,332691,4.14122e+06,60.9533
6066,6013,0.681462,0.93709,332629,4.1409e+06,49.4446
765,655,0.679904,0.881756,332691,4.14122e+06,61.607
6636,6566,0.679463,0.898285,332322,4.14129e+06,49.8308
3952,3886,0.679245,0.626364,332939,4.14077e+06,45.648
6059,6006,0.678934,0.994702,332629,4.14091e+06,49.44
6587,6535,0.677419,0.822918,332322,4.14129e+06,49.8425
6072,6011,0.676944,0.676211,332629,4.14091e+06,49.3501
5469,4554,0.675302,0.827446,332442,4.14092e+06,47.4438
6648,6586,0.674632,0.890392,332322,4.14129e+06,49.6923
2169,149,0.673358,0.873673,332626,4.1409e+06,49.8253
3950,3829,0.67128,0.757431,332935,4.14073e+06,45.4507
217,166,0.670839,0.863321,332637,4.1409e+06,48.8747
6641,6579,0.670588,0.826922,332321,4.14129e+06,49.8693
6440,6249,0.66899,0.728382,332695,4.14124e+06,61.0254
5198,4165,0.668934,0.746563,332925,4.14091e+06,45.8568
2510,2452,0.664326,0.503101,333297,4.14136e+06,47.6323
341,197,0.664062,0.421306,332637,4.14091e+06,103.968
3587,3505,0.661,0.954996,333084,4.1405e+06,57.1775
2317,2266,0.660661,0.885392,333260,4.14089e+06,44.1536
2319,2266,0.659843,0.898699,333260,4.14089e+06,44.1702
4548,4400,0.657331,0.830876,332451,4.14092e+06,47.9449
4083,4001,0.656772,0.399703,332979,4.14087e+06,42.9498
957,876,0.655949,0.872643,332326,4.14129e+06,51.6538
4945,3983,0.653595,0,332845,4.14079e+06,42.8048
2243,130,0.651064,0,332868,4.1409e+06,46.7245
4359,4307,0.650442,0.943085,332452,4.14092e+06,47.8237
3449,3392,0.649275,0.973163,333085,4.1405e+06,91.4507
2877,2776,0.6491,0.924047,333067,4.14127e+06,58.4399
924,870,0.648936,0.841293,332326,4.14129e+06,51.5368
343,156,0.647959,0.779773,332635,4.1409e+06,49.3061
3586,3496,0.647638,0.946036,333087,4.14054e+06,57.2744
3441,3386,0.647564,0.987525,333119,4.1405e+06,57.2207
2183,380,0.643312,0.15058,332767,4.14091e+06,45.4014
5630,796,0.642405,0,332525,4.14109e+06,51.7108
2878,2784,0.642401,0.803263,333027,4.14127e+06,55.1519
4697,4642,0.642325,0.820675,332443,4.14054e+06,49.4435
2883,2778,0.642132,0.947493,333027,4.14128e+06,94.6605
2106,2040,0.638132,0.904417,332337,4.14091e+06,44.9766
4596,4115,0.636829,0,332706,4.14079e+06,44.2428
3163,2248,0.635379,0.599801,333203,4.14093e+06,43.3259
3215,852,0.635258,0,332741,4.14115e+06,48.5041
5963,112,0.63048,0.88195,332459,4.14091e+06,51.136
2659,2481,0.628049,0.927971,333297,4.14136e+06,47.8691
4944,3979,0.62776,0,332836,4.14077e+06,42.9952
4735,4648,0.625,0.873723,332442,4.14054e+06,49.3023
2105,2046,0.624,0.761026,332337,4.14091e+06,45.091
2207,2048,0.623016,0,332635,4.14091e+06,44.4433
4703,4648,0.622614,0.930057,332442,4.14054e+06,49.3491
216,165,0.621871,0.677914,332637,4.1409e+06,48.8587
4711,4648,0.621739,0.907503,332442,4.14054e+06,49.2611
4746,4658,0.621578,0.609184,332443,4.14054e+06,49.3531
4125,4025,0.621339,0.842534,332984,4.14093e+06,42.9917
669,617,0.619395,0.527024,332734,4.14122e+06,64.8042
6108,4992,0.617711,0.841468,332690,4.14097e+06,50.4744
2502,2451,0.617198,0.974776,333297,4.14136e+06,47.5088
6661,6588,0.613333,0.723183,332321,4.14129e+06,49.7314
6643,6574,0.612167,0.82974,332322,4.14129e+06,49.6635
6629,6532,0.607214,0.80896,332322,4.14129e+06,49.6415
2112,2036,0.604762,0.906081,332339,4.14091e+06,45.0418
2170,151,0.60199,0.801183,332631,4.1409e+06,49.5825
3537,3465,0.599593,0.942441,333085,4.1405e+06,57.0932
6441,6299,0.596958,0.721957,332695,4.14124e+06,61.0964
349,153,0.596869,0.773341,332641,4.1409e+06,49.1182
4727,4659,0.594074,0.899753,332442,4.14054e+06,49.3198
3593,3382,0.587963,0.771093,333119,4.1405e+06,59.7101
6112,4994,0.586354,0.781627,332689,4.14099e+06,51.1755
2075,2021,0.58631,0.458243,332338,4.14091e+06,44.8904
3865,3811,0.584027,0.827335,332934,4.14073e+06,45.5034
4717,4650,0.581979,0.984378,332442,4.14054e+06,49.3517
6058,6007,0.5798,0.989736,332629,4.14091e+06,49.4778
6676,6526,0.579737,0.660271,332323,4.14129e+06,49.3721
6680,6620,0.575318,0.868395,332321,4.14129e+06,49.6005
4353,4302,0.573034,0.621877,332492,4.14092e+06,51.0491
394,138,0.572016,0,332695,4.14091e+06,93.952
2898,2826,0.571429,0.618211,333027,4.14127e+06,58.3665
6110,154,0.570115,0.216256,332663,4.14094e+06,50.1603
5910,2091,0.562893,0,332304,4.14109e+06,46.5542
4098,4015,0.562118,0.806978,332983,4.14093e+06,42.9582
2870,2801,0.561008,0.921411,333030,4.14131e+06,55.0692
2108,2034,0.558333,0.887058,332338,4.14091e+06,44.9632
5207,4174,0.55814,0.848075,332881,4.14091e+06,46.24
218,167,0.557616,0.971796,332640,4.14095e+06,48.8594
5403,5342,0.556936,0.560571,332728,4.14091e+06,46.6442
3453,3396,0.555777,0.990266,333120,4.1405e+06,59.8269
2114,2031,0.553488,0.823248,332342,4.14091e+06,45.0557
6711,2050,0.552326,0,332304,4.14109e+06,46.65
2113,2056,0.551913,0.845152,332340,4.14091e+06,45.0863
4252,2378,0.550505,0,333069,4.141e+06,49.3791
5619,4024,0.548463,0,332684,4.1409e+06,44.926
4706,4650,0.547478,0.923595,332442,4.14054e+06,49.2862
2909,2851,0.54607,0.804364,333027,4.14128e+06,95.8483
4729,4637,0.54519,0.761036,332443,4.14054e+06,49.4092
3110,3044,0.544444,0.531679,333031,4.14094e+06,51.4681
2107,2027,0.543307,0.972136,332337,4.14091e+06,44.9536
212,161,0.543038,0.855815,332636,4.1409e+06,48.8377
4755,4654,0.538226,0.931984,332442,4.14054e+06,49.3683
4620,1962,0.536313,0,332258,4.1408e+06,48.5447
4708,4654,0.535294,0.956947,332442,4.14054e+06,49.3726
5740,1810,0.534021,0.656692,331929,4.14097e+06,51.8134
6614,6537,0.531868,0.48379,332322,4.14129e+06,49.5312
6283,6232,0.531707,0.926618,332696,4.14124e+06,61.3775
2110,2035,0.527897,0.90238,332338,4.14091e+06,44.9888
5514,4553,0.527473,0.452964,332443,4.14092e+06,47.3568
3099,3044,0.527119,0.771439,332978,4.14094e+06,47.247
3216,3017,0.524242,0,333112,4.14095e+06,46.2615
4833,4782,0.5231,0.765079,332441,4.14054e+06,49.1616
210,159,0.5225,0.918177,332636,4.1409e+06,48.8431
5991,142,0.521418,0.697105,332600,4.1409e+06,51.9882
4695,4642,0.518797,0.837423,332443,4.14054e+06,49.3653
219,156,0.515625,0.821573,332639,4.14095e+06,49.0342
215,156,0.514175,0.742346,332635,4.1409e+06,49.0674
211,159,0.511749,0.906962,332636,4.1409e+06,48.8044
214,159,0.507874,0.923657,332636,4.1409e+06,48.8239
5638,4870,0.504098,0,332475,4.14064e+06,51.615
6630,6543,0.504065,0.825457,332322,4.14129e+06,49.6426
6076,2171,0.502627,0.851501,332635,4.1409e+06,49.3526
2511,2460,0.5,0.958556,333298,4.14136e+06,47.8776
5896,1287,0.5,0,331957,4.14129e+06,53.5128
4835,4756,0.49919,0.87052,332441,4.14054e+06,49.1208
3464,3411,0.499008,0.988147,333085,4.1405e+06,56.9134
2204,423,0.496296,0.623305,332878,4.14091e+06,45.882
342,175,0.494058,0.877896,332640,4.14095e+06,49.3612
4067,3996,0.488518,0.561681,332978,4.14087e+06,43.102
2109,2046,0.488372,0.881981,332338,4.14091e+06,44.9913
2073,2019,0.486559,0.904054,332338,4.14091e+06,44.8633
5970,123,0.486486,0.612707,332499,4.14091e+06,52.8599
4707,4638,0.485317,0.880229,332443,4.14054e+06,49.5115
4058,4001,0.481973,0.652403,332979,4.14087e+06,42.9566
2806,2745,0.479592,0.737073,333027,4.14128e+06,54.8393
4055,4000,0.477273,0.735634,332979,4.14087e+06,47.2034
6078,162,0.476015,0.824036,332635,4.1409e+06,48.9086
3457,3400,0.470165,0.520306,333121,4.1405e+06,56.7247
5404,5325,0.466231,0.471578,332727,4.14091e+06,46.6904
3452,3390,0.461307,0.950869,333085,4.1405e+06,59.7032
2079,2028,0.46,0.98445,332338,4.14091e+06,44.8839
2147,123,0.459168,0.720832,332500,4.14091e+06,52.5034
5203,4169,0.458967,0.522346,332904,4.14091e+06,45.2765
6693,6514,0.457806,0.417342,332327,4.14129e+06,50.0418
1572,1085,0.456825,0,331958,4.14132e+06,51.8784
4611,121,0.456583,0,332474,4.1408e+06,51.23
5971,123,0.455657,0.726558,332501,4.14091e+06,52.4958
2103,2029,0.450355,0.970704,332338,4.14091e+06,45.0536
1892,1721,0.448331,0.489324,332052,4.14104e+06,50.0864
2174,353,0.448065,0.61799,332659,4.1409e+06,48.0185
4965,3981,0.447977,0,332821,4.14084e+06,44.0008
5890,507,0.446237,0,332654,4.14118e+06,55.2335
6057,6005,0.445693,0.986091,332629,4.14091e+06,49.4271
2208,477,0.444805,0,332887,4.141e+06,50.4621
4751,4661,0.442155,0.82672,332442,4.14054e+06,49.4188
4700,4644,0.439695,0.720267,332443,4.14054e+06,49.4493
4734,4654,0.433846,0.972115,332442,4.14054e+06,49.3538
423,149,0.428571,0,332746,4.14091e+06,48.0326
4784,4719,0.426829,0.77916,332441,4.14054e+06,49.2325
4110,4041,0.42549,0.81392,332979,4.14087e+06,43.0175
4730,4679,0.425113,0.993006,332441,4.14054e+06,49.2208
3096,3042,0.422945,0.767051,332978,4.14094e+06,51.0983
3444,3387,0.418426,0.994458,333085,4.1405e+06,57.3326
4837,4693,0.415771,0.846918,332440,4.14054e+06,49.2706
5413,5285,0.413793,0.316885,332732,4.14091e+06,46.8873
6282,6231,0.41224,0.921712,332696,4.14124e+06,61.443
5428,4263,0.412048,0.841618,332631,4.14091e+06,51.242
3757,2534,0.410256,0,333035,4.14102e+06,88.5493
5146,2997,0.410112,0.823528,332972,4.14112e+06,51.7339
4059,4006,0.408829,0.462268,332983,4.14093e+06,42.8625
4251,1131,0.406162,0,332110,4.14134e+06,54.2895
5755,1947,0.406114,0,332046,4.14099e+06,52.4797
5263,4221,0.405138,0.725436,332830,4.14092e+06,48.8663
2320,2269,0.404399,0.373383,333260,4.14089e+06,44.1603
4752,4701,0.403374,0.825742,332441,4.14054e+06,49.1214
5961,4451,0.40305,0.622365,332447,4.14091e+06,48.312
4712,4657,0.400598,0.755766,332442,4.14054e+06,49.298
4160,1113,0.398601,0,332343,4.14128e+06,54.3046
5639,2038,0.391473,0.611327,332333,4.14092e+06,45.4392
3101,3043,0.389456,0.98818,333028,4.14094e+06,47.1882
6201,780,0.388021,0.617874,332694,4.14123e+06,60.9756
4748,4670,0.386364,0.951356,332441,4.14054e+06,49.3636
3161,1189,0.38565,0,332468,4.14117e+06,52.0183
4044,3981,0.381526,0.408389,332978,4.14085e+06,42.5423
6143,4996,0.380762,0.812114,332689,4.14101e+06,52.1491
4621,405,0.380054,0,332711,4.14075e+06,45.8517
412,179,0.377119,0,332783,4.14091e+06,50.7739
984,133,0.374517,0,332440,4.14105e+06,48.7999
3494,3409,0.374269,0.971522,333087,4.14054e+06,57.1862
492,155,0.373178,0,332771,4.14105e+06,54.2495
1404,155,0.37246,0,332230,4.14122e+06,51.7227
2805,2745,0.372437,0.800567,333027,4.14128e+06,92.2941
5730,1800,0.37037,0.44051,331938,4.14093e+06,51.1341
2168,147,0.369792,0.822407,332621,4.1409e+06,50.0096
2013,1065,0.368852,0,332113,4.14123e+06,48.9663
5271,4225,0.368557,0.867997,332815,4.14091e+06,47.6677
1188,1081,0.367206,0,331772,4.14148e+06,57.4096
3508,3450,0.362018,0.746405,333085,4.1405e+06,57.0254
6085,350,0.362,0.841575,332652,4.1409e+06,48.0734
4715,4658,0.357567,0.828464,332442,4.14054e+06,49.2761
6688,256,0.356557,0,332476,4.1411e+06,49.6598
4966,1400,0.355114,0,332242,4.14122e+06,50.1424
3456,3396,0.354966,0.974951,333088,4.14054e+06,57.0652
4132,4062,0.351852,0.738218,332979,4.14087e+06,42.8954
5274,1475,0.351562,0,332149,4.14116e+06,53.8964
6081,2171,0.344262,0.869201,332639,4.1409e+06,49.0119
5848,1399,0.341463,0,331965,4.14139e+06,51.5978
6624,6534,0.339827,0.942749,332322,4.14129e+06,49.5574
4081,4003,0.333938,0.865681,332979,4.14087e+06,47.0574
921,869,0.329154,0.944046,332326,4.14129e+06,51.5508
5355,5304,0.327715,0.836089,332728,4.14091e+06,46.5998
5636,2038,0.326316,0.66315,332345,4.14091e+06,45.0587
207,156,0.325301,0.749149,332636,4.1409e+06,49.026
4951,552,0.324074,0,332748,4.14105e+06,56.067
5881,1376,0.322695,0,332054,4.14137e+06,50.5374
4582,1481,0.321981,0,331995,4.14112e+06,52.2671
5897,825,0.320755,0,332423,4.14128e+06,53.0877
4028,2395,0.317797,0,333194,4.14105e+06,45.2314
6125,6039,0.316609,0.105273,332656,4.14095e+06,50.2479
4262,2073,0.315315,0,332515,4.14091e+06,48.4632
5360,5306,0.314286,0.910009,332728,4.14091e+06,46.6213
5992,2166,0.313253,0.843946,332608,4.1409e+06,51.1654
5430,229,0.312088,0.598379,332627,4.14091e+06,50.7951
3982,1495,0.311573,0,332149,4.14112e+06,86.8109
5996,4309,0.310469,0,332535,4.14091e+06,48.874
6549,5114,0.306792,0,332645,4.14127e+06,51.0621
523,459,0.304802,0,332904,4.1411e+06,59.0774
1145,505,0.304245,0,332290,4.14137e+06,58.3217
5620,2042,0.303371,0.242873,332387,4.14092e+06,45.7843
5187,4229,0.303279,0,332873,4.14092e+06,45.9887
3787,3630,0.299099,0,332882,4.14063e+06,48.1455
6202,779,0.298879,0.409719,332694,4.14123e+06,60.8818
6651,6539,0.298279,0.740687,332323,4.14129e+06,49.4157
5917,2192,0.297436,0,332512,4.14106e+06,47.4603
1004,133,0.296912,0,332349,4.14109e+06,49.5489
2971,863,0.296875,0,332652,4.14128e+06,56.567
4742,4683,0.296687,0.729777,332441,4.14054e+06,49.23
1714,754,0.295858,0,332372,4.14114e+06,55.7812
2123,1091,0.294326,0,332080,4.14127e+06,50.1053
4592,2981,0.292683,0,332753,4.14103e+06,51.6175
4926,2392,0.291367,0,333057,4.14092e+06,46.3296
2068,1429,0.291105,0,332011,4.14127e+06,52.2416
2008,559,0.288889,0,332601,4.1411e+06,55.7478
4588,2036,0.286982,0.053921,332382,4.14085e+06,44.8281
1488,1273,0.286179,0.146415,331759,4.14132e+06,56.9802
1717,393,0.285714,0,332399,4.14099e+06,48.321
4629,502,0.285124,0,332712,4.1409e+06,55.4128
4354,4303,0.283498,0.802179,332452,4.14092e+06,47.7926
5218,504,0.283333,0,332860,4.14103e+06,54.6137
6526,6165,0.283105,0,332540,4.14117e+06,53.8756
1705,1284,0.280397,0,331911,4.14121e+06,53.7441
4213,423,0.27957,0.547419,332908,4.14091e+06,51.4422
6510,2420,0.278281,0,332891,4.14128e+06,50.7164
5932,3750,0.277635,0,332558,4.14085e+06,47.731
6075,151,0.277165,0.690077,332631,4.1409e+06,49.3765
2381,762,0.276256,0,333016,4.14115e+06,53.025
3217,134,0.27566,0,332868,4.14086e+06,45.9433
3674,1941,0.275463,0,332360,4.14082e+06,87.2307
3979,558,0.273026,0,332830,4.14107e+06,55.1626
5865,1648,0.271429,0.102495,332123,4.14123e+06,52.9545
2968,1396,0.271071,0,332441,4.14138e+06,53.6016
5807,249,0.270992,0,332221,4.14106e+06,50.5434
5882,1804,0.269231,0,332023,4.14107e+06,50.8777
2797,2745,0.268143,0.932077,333030,4.14131e+06,54.8415
992,427,0.26776,0,332621,4.14106e+06,49.4258
6088,2176,0.267176,0.662327,332666,4.1409e+06,47.2759
766,673,0.266355,0.789283,332690,4.14122e+06,61.9066
6115,1729,0.263374,0,332313,4.141e+06,51.6388
4836,4693,0.262799,0.720555,332441,4.14054e+06,49.1927
2795,2744,0.262217,0.829062,333027,4.14128e+06,54.8966
6268,6210,0.259953,0.818416,332695,4.14124e+06,60.9195
2371,1704,0.257634,0,332758,4.14106e+06,47.6645
1771,451,0.257009,0,332454,4.14096e+06,52.4003
5212,1469,0.256595,0,332242,4.14115e+06,54.2076
2012,1558,0.255639,0,332089,4.14108e+06,50.5148
6083,4317,0.25498,0,332547,4.14091e+06,48.0293
4705,4654,0.248503,0.980791,332442,4.14054e+06,49.4054
1601,1487,0.247159,0,331880,4.14125e+06,55.53
3720,525,0.246454,0,332791,4.14094e+06,54.6249
1005,785,0.245823,0,332409,4.14127e+06,56.091
4723,4654,0.245023,0.984979,332442,4.14054e+06,49.3576
208,156,0.244924,0.77547,332635,4.1409e+06,49.0529
2193,612,0.243506,0,332738,4.14109e+06,54.3741
213,159,0.242308,0.891229,332636,4.1409e+06,48.8131
5157,4860,0.238983,0,332712,4.14075e+06,53.6526
3207,1932,0.237726,0,332627,4.14095e+06,48.3619
3024,2418,0.236427,0,333172,4.14113e+06,84.0978
6558,1462,0.235683,0,331974,4.14133e+06,54.6107
4296,2664,0.235426,0,332862,4.1411e+06,51.3911
3978,2989,0.234875,0,332978,4.14108e+06,49.5159
6104,2392,0.23431,0,333053,4.14106e+06,47.5479
3759,2147,0.233766,0,332608,4.14082e+06,50.0756
2166,504,0.233083,0,332747,4.14102e+06,55.4752
6444,6298,0.229839,0.442944,332695,4.14125e+06,60.991
4915,1501,0.228471,0,332164,4.14094e+06,51.2414
6665,6542,0.22824,0.818283,332323,4.14129e+06,49.5616
4933,1480,0.228188,0,332009,4.14111e+06,53.3544
6270,6210,0.226766,0.522668,332696,4.14124e+06,60.928
4585,2048,0.224299,0.0802832,332384,4.14086e+06,45.041
6731,2337,0.217791,0,332859,4.14101e+06,45.9114
3976,2410,0.217557,0,333207,4.14107e+06,47.0526
2046,1399,0.217514,0,332078,4.14126e+06,50.0847
4943,3973,0.217262,0,332837,4.14075e+06,43.552
2205,170,0.217021,0,332757,4.14091e+06,47.3038
1163,412,0.214953,0,332308,4.14123e+06,52.0146
5813,843,0.213198,0,332211,4.14126e+06,52.752
4980,1631,0.212766,0,332392,4.14107e+06,49.9073
5239,1274,0.212121,0,332235,4.14114e+06,53.8641
1475,557,0.212014,0,332275,4.14126e+06,62.3971
2164,1808,0.210604,0,332227,4.14093e+06,53.0095
4911,1489,0.2103,0,332089,4.141e+06,53.5008
352,152,0.209503,0.585766,332689,4.1409e+06,93.0491
2014,1283,0.209125,0,331983,4.14117e+06,52.6463
5880,4335,0.209003,0,332324,4.14108e+06,48.4996
6542,1352,0.208163,0,332156,4.14134e+06,49.6987
2130,1131,0.207944,0,331998,4.14134e+06,53.216
5641,1826,0.207885,0,332080,4.14098e+06,50.4301
535,427,0.207006,0,332858,4.14109e+06,54.5614
4311,1492,0.205882,0,332011,4.14114e+06,85.0276
3983,3311,0.205714,0,333173,4.14064e+06,45.2962
4995,1303,0.203822,0,332183,4.14119e+06,54.1386
4740,4676,0.203812,0.704894,332441,4.14054e+06,49.4588
4317,1236,0.203438,0,332075,4.14115e+06,53.0853
4958,129,0.202091,0.0217208,332593,4.14087e+06,47.5065
2375,1399,0.20104,0,332695,4.14124e+06,48.8143
5324,1450,0.20075,0,332173,4.1412e+06,53.1525
6599,1731,0.196237,0,332142,4.14109e+06,51.3113
1194,566,0.195455,0,332245,4.14132e+06,60.3033
3219,2360,0.194969,0,333317,4.14089e+06,82.3435
6451,4386,0.194631,0,332567,4.14109e+06,53.1825
6169,5062,0.194379,0.00810298,332719,4.1412e+06,59.1064
6277,6218,0.194279,0.528645,332696,4.14124e+06,61.2708
1607,1272,0.192982,0,331945,4.14126e+06,55.9219
3971,507,0.192568,0,332958,4.14099e+06,56.4163
5289,4242,0.191977,0.648064,332744,4.14091e+06,46.7081
6479,165,0.191939,0,332604,4.14111e+06,53.2586
3195,1202,0.188259,0,332464,4.14117e+06,52.146
5808,5234,0.187793,0,332360,4.14106e+06,50.1067
5009,1473,0.1875,0,332144,4.14124e+06,58.1526
4325,2074,0.187135,0.205855,332406,4.14091e+06,46.6879
2691,1451,0.186732,0,332397,4.14139e+06,57.0685
4183,1472,0.186551,0,332200,4.1412e+06,55.1948
6544,2035,0.186207,0,332330,4.14111e+06,47.4577
6728,2551,0.185379,0,332802,4.14126e+06,48.4105
1577,1495,0.185345,0,331872,4.14123e+06,53.3155
3822,423,0.18507,0,332950,4.14082e+06,45.7976
2115,2054,0.183857,0.788542,332344,4.14091e+06,45.0006
2719,2060,0.183594,0,332874,4.14118e+06,53.2083
1320,824,0.182836,0,332230,4.14131e+06,53.6392
5843,5076,0.182143,0,332447,4.14127e+06,53.2006
6617,6184,0.180751,0,332554,4.14121e+06,56.4937
2210,1451,0.180124,0,332256,4.14119e+06,52.2142
6597,3151,0.180108,0,332885,4.14102e+06,49.039
5956,2324,0.179245,0,332952,4.1409e+06,44.6028
3214,552,0.179012,0,332959,4.14107e+06,55.3921
6077,2581,0.178634,0,332977,4.14114e+06,48.3926
2387,561,0.178082,0,333013,4.14116e+06,53.8888
3154,1477,0.176692,0,332473,4.14111e+06,55.1751
3746,1821,0.176039,0,332297,4.14085e+06,49.9093
6111,524,0.175355,0,332793,4.1411e+06,56.2995
5838,3270,0.174074,0,332737,4.14086e+06,49.41
3036,2377,0.173977,0,333176,4.14105e+06,48.9321
5958,4882,0.173494,0,332531,4.14067e+06,49.2044
1657,1492,0.17233,0,331898,4.14124e+06,54.9393
5704,1767,0.170833,0.716562,331994,4.14093e+06,51.8493
4014,2299,0.170412,0,333155,4.14092e+06,43.6693
5190,3199,0.17033,0,333178,4.14089e+06,44.3189
1672,1398,0.168675,0,331988,4.14134e+06,52.1366
3080,2922,0.16819,0,333010,4.14118e+06,52.3217
461,162,0.168044,0,332767,4.14097e+06,89.0408
1945,612,0.167323,0,332386,4.14108e+06,56.2468
1493,1288,0.165753,0.101539,331803,4.14128e+06,58.5853
1980,547,0.165689,0,332493,4.14105e+06,56.3665
6553,3216,0.165501,0,332810,4.14105e+06,45.6503
2015,1312,0.165079,0,332051,4.14118e+06,50.1056
5966,2192,0.164384,0,332605,4.14091e+06,50.0328
5434,194,0.162602,0.409378,332613,4.14091e+06,51.6973
3018,1484,0.162242,0,332285,4.14115e+06,53.8884
4843,2178,0.161184,0,332556,4.1407e+06,48.1188
3977,3259,0.161049,0,333192,4.14066e+06,87.0058
5115,2247,0.160428,0,333103,4.14104e+06,47.0222
5687,1946,0.160173,0,332118,4.14095e+06,51.4142
6087,6002,0.159475,0.627502,332643,4.14091e+06,48.6581
3060,782,0.157895,0,332811,4.14111e+06,55.3069
3093,1952,0.157343,0,332491,4.14094e+06,48.758
4614,2734,0.156499,0,332801,4.14101e+06,52.4974
4182,1932,0.155814,0,332453,4.14097e+06,50.8748
5281,1970,0.155779,0,332409,4.14092e+06,49.945
2707,504,0.155172,0,333022,4.14127e+06,55.3912
415,150,0.155,0,332800,4.14091e+06,51.0184
2050,1000,0.154472,0,332219,4.14115e+06,48.5883
3063,2038,0.154128,0,332729,4.14093e+06,50.7889
4685,2504,0.153963,0,332903,4.14098e+06,48.3113
4066,4007,0.152941,0.406759,332983,4.14093e+06,43.0163
4991,1626,0.151329,0,332402,4.14109e+06,52.2792
5410,4880,0.15051,0,332648,4.14066e+06,50.1657
6476,782,0.150327,0.0984993,332643,4.14126e+06,59.5096
2055,379,0.15,0,332598,4.14091e+06,45.1541
5007,2662,0.147268,0,332945,4.14121e+06,53.3409
1068,346,0.146993,0,332287,4.14118e+06,50.1159
4860,778,0.145455,0,332589,4.14085e+06,58.6918
5016,1948,0.144262,0,332397,4.14105e+06,55.4206
525,143,0.143911,0,332755,4.14107e+06,56.9443
2135,323,0.14359,0,332535,4.14091e+06,47.5653
3183,1549,0.143508,0,332534,4.14104e+06,48.9488
3975,2095,0.141791,0,332720,4.14085e+06,43.6523
1349,570,0.141684,0,332419,4.14128e+06,54.8983
2040,344,0.141274,0,332507,4.14091e+06,47.181
4668,849,0.140171,0,332411,4.14098e+06,51.9781
3022,1494,0.14003,0,332290,4.14113e+06,53.1671
559,431,0.139767,0,332838,4.14107e+06,87.252
5448,1489,0.138498,0,332057,4.14113e+06,53.4668
5219,4218,0.138393,0.704598,332837,4.14091e+06,48.9897
1056,557,0.138374,0,332428,4.1413e+06,57.4172
985,608,0.138075,0,332519,4.14124e+06,55.7349
3800,552,0.136452,0,332845,4.14099e+06,88.0557
1520,557,0.13555,0,332354,4.14118e+06,57.9269
2373,1936,0.135458,0,332674,4.14102e+06,49.7438
6674,4171,0.13449,0,332627,4.14109e+06,47.3945
2964,1399,0.133874,0,332438,4.14138e+06,53.986
6217,1493,0.133858,0,332115,4.14125e+06,57.9478
5919,2425,0.133858,0,332877,4.14124e+06,50.0859
1477,1280,0.133441,0.148293,331757,4.14131e+06,89.2368
3208,1662,0.132931,0,332645,4.14104e+06,50.6559
6507,3747,0.132379,0,332553,4.14098e+06,49.9683
867,263,0.132308,0,332505,4.14107e+06,50.4568
1469,1260,0.131849,0.555698,331749,4.14134e+06,58.7234
2035,1192,0.130194,0,331914,4.14125e+06,55.0123
2417,840,0.13,0,332875,4.14127e+06,52.3048
2370,1765,0.129699,0,332694,4.14098e+06,48.4623
2021,1596,0.129032,0,332176,4.14108e+06,49.4951
3687,1986,0.128458,0,332461,4.14075e+06,51.7969
1037,510,0.128205,0,332469,4.14127e+06,55.2314
4301,2508,0.128205,0,332853,4.14112e+06,47.7586
1487,1271,0.128,0.12021,331753,4.1413e+06,87.6765
6128,3211,0.127551,0,332987,4.14092e+06,46.7797
5938,4186,0.127341,0,332604,4.14096e+06,50.8908
6576,4184,0.127273,0,332641,4.14106e+06,49.6035
4914,4863,0.127237,0.00206337,332580,4.14052e+06,52.4234
5424,1281,0.126819,0,332167,4.14114e+06,53.9576
2403,1947,0.126087,0,332689,4.14107e+06,50.2138
2056,700,0.125654,0,332548,4.14109e+06,54.9052
5123,175,0.125,0,332792,4.14106e+06,51.1226
4570,551,0.125,0,332661,4.1411e+06,56.7382
6011,1472,0.124839,0,332087,4.14116e+06,55.5215
2127,215,0.124555,0,332530,4.14091e+06,47.1648
5784,1480,0.124444,0.0234833,331770,4.14124e+06,54.7546
4328,112,0.123955,0.674841,332456,4.14091e+06,49.4015
2726,1808,0.12395,0,332528,4.14116e+06,54.6716
3020,1735,0.123824,0,332451,4.14097e+06,51.0822
5692,812,0.123762,0,332348,4.14112e+06,55.2214
839,129,0.123746,0,332488,4.14111e+06,52.4132
1716,1393,0.123656,0,331991,4.14125e+06,51.3397
5132,4866,0.123386,0,332716,4.1408e+06,55.5073
901,524,0.123028,0,332704,4.14122e+06,57.7017
6655,261,0.122222,0,332474,4.1411e+06,49.5658
5349,5293,0.12218,0.662967,332731,4.14091e+06,46.6435
5872,1858,0.121739,0,332048,4.14115e+06,52.1172
5250,1500,0.121157,0,332192,4.14111e+06,52.2768
4176,1212,0.121065,0,332219,4.14119e+06,57.693
5042,1072,0.120603,0,332299,4.14136e+06,55.5826
5902,1192,0.120275,0,331928,4.14137e+06,55.5967
1952,1737,0.120192,0,332101,4.14096e+06,51.1009
4909,1662,0.119626,0,332356,4.1409e+06,50.0156
4969,2601,0.118457,0,333023,4.14114e+06,46.7011
1287,554,0.118211,0,332319,4.14124e+06,59.5663
5240,2312,0.118056,0,333080,4.1409e+06,46.2745
510,192,0.117895,0,332768,4.14104e+06,93.1764
6204,783,0.11715,0.540751,332693,4.14124e+06,60.8513
2200,2043,0.116915,0,332633,4.14091e+06,46.7053
4683,2420,0.116844,0,332999,4.141e+06,49.5979
5107,123,0.116667,0,332645,4.14102e+06,52.111
5067,565,0.116522,0.112883,332749,4.14123e+06,59.8805
4885,612,0.116099,0,332655,4.14085e+06,55.9938
6154,1193,0.11588,0,332129,4.14127e+06,58.1257
4189,3375,0.115824,0,333029,4.14067e+06,52.6422
3136,2091,0.115806,0,332782,4.14091e+06,46.7113
6704,6519,0.115152,0.441134,332308,4.14129e+06,48.906
6540,4862,0.114662,0,332438,4.14078e+06,53.5893
3317,1253,0.114286,0,332500,4.14094e+06,52.6333
5154,1278,0.113523,0,332327,4.1412e+06,54.4777
5040,3257,0.113523,0,333067,4.14085e+06,53.349
2241,557,0.11336,0,332954,4.14105e+06,54.1346
782,547,0.113208,0.107268,332751,4.14121e+06,61.4248
506,198,0.113022,0,332772,4.14103e+06,54.647
1953,1477,0.112613,0,331938,4.14113e+06,53.2869
4655,366,0.112546,0,332596,4.14073e+06,47.5047
4208,2420,0.112457,0,333130,4.14113e+06,85.4563
5248,1941,0.112132,0,332410,4.14096e+06,52.0748
5088,1619,0.111628,0,332482,4.14124e+06,54.4289
4210,1480,0.110672,0,332195,4.14114e+06,53.5907
4949,2664,0.110465,0,333024,4.14109e+06,46.0427
5286,2374,0.109859,0,333076,4.14099e+06,45.6883
5112,4888,0.109792,0,332767,4.14083e+06,51.2824
6515,2020,0.109181,0,332339,4.14113e+06,48.0581
2985,1731,0.109118,0,332474,4.14113e+06,54.0999
3796,1736,0.108742,0,332402,4.14087e+06,82.5805
5262,5060,0.108527,0,332781,4.1411e+06,55.63
3594,3382,0.106838,0.498844,333117,4.1405e+06,59.6279
1399,1086,0.106771,0.329511,331906,4.14149e+06,53.4662
6162,1479,0.10643,0,332159,4.1412e+06,56.7323
3318,244,0.106036,0,333012,4.14072e+06,48.3818
4201,2800,0.105802,0,332988,4.14111e+06,56.0063
2025,1173,0.104683,0,331935,4.14129e+06,53.6622
5672,5068,0.104478,0,332430,4.14109e+06,54.8916
5652,3297,0.103723,0,332604,4.14079e+06,51.7753
3639,1302,0.103215,0,332308,4.14095e+06,53.5172
6482,2577,0.102767,0,332892,4.14132e+06,52.36
1697,1626,0.102725,0.0843108,332110,4.14116e+06,52.6912
2064,1192,0.102493,0,331917,4.14125e+06,54.95
5188,1491,0.10221,0,332116,4.14116e+06,52.6933
2395,1735,0.101968,0,332616,4.14106e+06,49.8062
4224,1637,0.101896,0,332468,4.14109e+06,85.3176
553,460,0.101852,0,332822,4.14111e+06,89.1395
3258,2421,0.101033,0,333315,4.14093e+06,79.8649
2020,1112,0.100575,0,332008,4.14132e+06,51.5244
842,772,0.10052,0,332560,4.14126e+06,57.3709
2172,782,0.1,0,332669,4.14108e+06,55.5378
612,282,0.0998553,0,332669,4.14108e+06,59.7281
1380,824,0.0997567,0,332262,4.14136e+06,53.7659
3672,2583,0.0994152,0,333018,4.14095e+06,47.9443
6176,556,0.0992063,0.246941,332736,4.14117e+06,60.2361
6730,5853,0.0990991,0,332196,4.1412e+06,50.1401
4309,1492,0.0988539,0,332019,4.14116e+06,53.0097
2036,1192,0.0986667,0,331920,4.14125e+06,54.8936
1494,1279,0.0985353,0.0787596,331769,4.14128e+06,56.4321
5185,2417,0.0980392,0,333186,4.14113e+06,47.7577
6153,1493,0.0979499,0,332090,4.14118e+06,55.3654
5232,2571,0.0979381,0,333073,4.14114e+06,48.4227
4594,2374,0.0978261,0,333009,4.14093e+06,45.0991
6097,1740,0.0976864,0,332283,4.14095e+06,50.2719
6723,6376,0.097619,0,332495,4.14122e+06,55.0811
3801,1742,0.0976096,0,332463,4.14085e+06,48.6941
1128,446,0.0973631,0,332378,4.14125e+06,55.1197
1567,459,0.0971129,0,332418,4.1411e+06,52.8961
4898,1946,0.0969828,0,332329,4.14081e+06,51.0123
1925,1185,0.0967742,0,331935,4.14123e+06,57.1239
3218,2635,0.0962733,0,333301,4.14109e+06,92.8952
4962,1450,0.0962099,0,332137,4.14118e+06,53.0044
4930,3153,0.0961538,0,332966,4.14081e+06,47.7106
599,528,0.0960784,0.00864162,332790,4.1412e+06,101.575
1936,547,0.0960118,0,332461,4.14109e+06,57.3199
4159,3296,0.0958904,0,333159,4.14074e+06,96.6194
2733,2424,0.0954447,0,333191,4.14129e+06,85.8588
3283,1270,0.0954003,0,332385,4.14101e+06,58.2758
3380,2408,0.0948012,0,333203,4.14083e+06,80.7995
894,402,0.0942249,0,332694,4.14105e+06,46.8929
4242,1948,0.0939948,0,332388,4.14097e+06,49.6924
5214,1486,0.0938215,0,332182,4.14114e+06,53.8618
4150,1115,0.0933014,0,332255,4.14131e+06,54.3308
3122,127,0.0928962,0,332710,4.14092e+06,88.2356
928,869,0.0927835,0.813711,332326,4.14129e+06,51.6405
4227,1040,0.0927318,0,332393,4.14117e+06,52.6429
2956,2872,0.0926518,0.797504,333066,4.14127e+06,58.7645
3981,2319,0.0925373,0,333154,4.14087e+06,46.7381
1662,190,0.0919881,0,332345,4.14106e+06,50.2545
2070,1192,0.0918635,0,331922,4.14125e+06,54.8306
2345,1931,0.0916335,0,332636,4.14097e+06,48.9429
1923,1495,0.0915033,0,331941,4.14115e+06,54.2986
4716,816,0.0914543,0,332531,4.14098e+06,54.5439
2717,412,0.0912548,0,333036,4.14115e+06,84.3232
3210,554,0.090625,0,332961,4.14108e+06,92.4249
968,825,0.0905512,0,332451,4.14129e+06,54.4652
3705,1488,0.0904762,0,332131,4.141e+06,53.4625
3725,1501,0.0894309,0,332189,4.14098e+06,87.8623
2999,1388,0.0892193,0,332480,4.14128e+06,88.8615
5855,4186,0.088993,0,332471,4.14109e+06,50.7366
4221,549,0.0888889,0,332810,4.14107e+06,56.526
6035,5273,0.0880829,0.0237285,332721,4.14091e+06,48.2622
836,775,0.087931,0,332570,4.14126e+06,58.0604
4848,1932,0.0878788,0,332286,4.14079e+06,54.645
4913,1401,0.0873984,0,332268,4.14105e+06,50.9794
6205,553,0.0873786,0.174287,332741,4.14121e+06,61.5157
2421,343,0.0868984,0,333061,4.14113e+06,49.916
1262,547,0.0868687,0,332306,4.14126e+06,60.0252
1298,556,0.0866511,0,332324,4.14125e+06,58.5463
2705,1040,0.0865385,0,332602,4.14137e+06,50.9567
3609,1948,0.0864198,0,332542,4.14076e+06,52.5481
4971,2290,0.0862534,0,333044,4.14088e+06,44.6547
2034,1660,0.0860215,0,332189,4.14109e+06,49.3049
4884,553,0.0859729,0,332707,4.14089e+06,57.6028
3718,1391,0.0855705,0,332307,4.14104e+06,53.3381
1821,1486,0.0854369,0,331813,4.14116e+06,54.7622
5118,1041,0.0850515,0,332427,4.14134e+06,52.6006
4232,1495,0.0849315,0,332150,4.14112e+06,52.3789
5267,1495,0.0849257,0,332171,4.14112e+06,52.9774
4714,3200,0.0848765,0,332980,4.14075e+06,46.1616
3140,1821,0.0847953,0,332555,4.14095e+06,50.0118
5406,2626,0.0846682,0,333011,4.14113e+06,47.3919
5650,4198,0.0846024,0,332489,4.14092e+06,50.6111
3618,126,0.0844687,0,332696,4.14076e+06,88.9937
5423,2720,0.0844444,0,332935,4.14115e+06,54.0313
6152,1803,0.0843882,0,332256,4.14098e+06,52.5061
3743,612,0.0843373,0,332702,4.14094e+06,53.921
2722,2237,0.0839552,0,333134,4.1411e+06,54.6753
1934,1472,0.0838608,0,331945,4.14117e+06,56.0963
1500,1276,0.0837887,0.0724327,331779,4.14127e+06,55.5574
4314,1809,0.0836879,0,332154,4.14095e+06,84.8026
3663,825,0.0833333,0,332639,4.14089e+06,53.2905
4206,1496,0.0833333,0,332170,4.14116e+06,53.4348
2720,1485,0.0828402,0,332447,4.14129e+06,59.1487
3205,1735,0.0823245,0,332615,4.14096e+06,48.385
1285,549,0.0822898,0,332316,4.14125e+06,59.4307
2415,1285,0.082,0,332511,4.14127e+06,53.5524
6461,1253,0.0817121,0,332181,4.14132e+06,58.4885
6199,1932,0.0815752,0,332403,4.14111e+06,56.35
2410,1471,0.0815217,0,332537,4.14128e+06,54.4857
4725,309,0.0810398,0,332546,4.14073e+06,49.4297
898,232,0.0809061,0,332510,4.14106e+06,50.2415
5734,4867,0.0802676,0,332245,4.14071e+06,53.6654
6532,3265,0.08,0,332926,4.14084e+06,49.3034
1924,554,0.0797872,0,332462,4.14111e+06,57.9561
4840,2420,0.0797227,0,332988,4.14099e+06,49.5831
5939,5451,0.0793951,0.0720341,332443,4.14096e+06,51.0635
1157,128,0.0792541,0,332121,4.14123e+06,53.7278
1385,808,0.0792541,0,332300,4.14136e+06,56.4386
4241,1810,0.0791557,0,332275,4.14094e+06,49.7516
780,617,0.07911,0.587581,332693,4.14123e+06,61.2889
2372,1739,0.079096,0,332610,4.14099e+06,49.3602
1450,554,0.0790774,0,332311,4.14129e+06,60.154
3334,556,0.0784929,0,333011,4.14086e+06,58.055
6134,2289,0.0784314,0,333036,4.14093e+06,46.9609
3630,1931,0.0780142,0,332480,4.14083e+06,54.3083
3637,1979,0.0776545,0,332496,4.14074e+06,83.6918
1988,1469,0.0767591,0,331991,4.14113e+06,53.5947
5861,2421,0.0766871,0,332835,4.14128e+06,50.8407
5852,559,0.0762712,0,332492,4.14122e+06,57.6631
6474,559,0.0760234,0.00691956,332690,4.14124e+06,60.2838
393,195,0.076,0,332744,4.14091e+06,47.5809
1619,553,0.0751566,0,332486,4.1412e+06,58.5892
3200,1936,0.0751342,0,332687,4.14095e+06,49.1722
5667,1975,0.0750436,0.521706,332173,4.14092e+06,51.1805
3023,1923,0.0750408,0,332507,4.141e+06,51.0541
6037,2289,0.0748387,0,332986,4.1409e+06,46.441
5732,5072,0.0748299,0,332340,4.1411e+06,54.3824
1521,1401,0.0744681,0,331865,4.14132e+06,53.4304
3591,1735,0.0744681,0,332522,4.14076e+06,85.8904
6550,2517,0.0744417,0,332875,4.14133e+06,48.6205
2724,2420,0.0744275,0,333194,4.14128e+06,53.1973
5196,4164,0.0744186,0.830037,332931,4.14091e+06,45.5676
4974,1957,0.0741758,0,332356,4.14091e+06,47.3631
6171,1950,0.0737327,0,332370,4.14102e+06,52.9885
3211,16,0.0736544,0,332844,4.14075e+06,44.0582
6055,5069,0.0735661,0,332707,4.14111e+06,54.9795
4146,1620,0.0735294,0,332489,4.14107e+06,90.1752
5056,550,0.0734824,0.123105,332762,4.14123e+06,62.3598
5782,1255,0.0734127,0,331792,4.14125e+06,55.441
5659,1473,0.0731415,0,331969,4.14112e+06,55.7428
5161,1316,0.0731293,0,332387,4.14119e+06,50.743
2661,2479,0.0728291,0.50797,333341,4.14136e+06,47.771
4179,547,0.0721154,0,332863,4.14107e+06,58.5945
5255,4863,0.0719298,0,332635,4.14066e+06,53.203
1735,780,0.0718475,0,332338,4.14109e+06,56.2956
3092,1277,0.0717863,0,332266,4.14116e+06,53.1965
3763,2427,0.0716253,0,333089,4.14107e+06,51.6027
2004,1285,0.0714286,0,332024,4.14113e+06,51.8246
4661,2176,0.0709343,0,332563,4.14073e+06,48.2686
4694,4638,0.0705521,0.970303,332443,4.14054e+06,49.3998
1549,1493,0.0704225,0,331821,4.14122e+06,55.0646
2363,1263,0.0697674,0,332540,4.14116e+06,51.7627
2180,360,0.0697051,0.504194,332698,4.1409e+06,45.4208
2060,148,0.0694444,0,332512,4.14091e+06,47.8291
3199,1446,0.0692464,0,332566,4.14116e+06,51.055
2000,556,0.0691824,0,332553,4.14107e+06,55.2019
1238,545,0.0690955,0,332302,4.14127e+06,59.6217
5034,3340,0.0690265,0,333019,4.14078e+06,53.5314
5235,2491,0.0686106,0,333073,4.14114e+06,48.2973
1515,811,0.0684597,0,332240,4.14123e+06,56.5843
5658,2430,0.0683761,0,332736,4.14111e+06,51.1309
2104,558,0.068,0,332643,4.14112e+06,57.052
5778,2306,0.0679934,0,332579,4.14101e+06,48.7512
3249,2240,0.0679348,0,333224,4.14077e+06,47.2504
4940,2501,0.0676692,0,333027,4.14106e+06,46.413
5701,1185,0.0674699,0,331835,4.1412e+06,56.4168
1830,1302,0.0672414,0,331881,4.14118e+06,55.7167
4692,3989,0.0671756,0,332723,4.14071e+06,45.7124
6590,1934,0.0670103,0,332209,4.1411e+06,51.9053
5288,428,0.0668524,0.0510469,332814,4.14092e+06,48.4614
4749,4646,0.0667702,0.623721,332443,4.14054e+06,49.3187
996,840,0.0664452,0,332334,4.14129e+06,53.3139
480,41,0.0657895,0,332725,4.14097e+06,51.0183
1946,1280,0.0656455,0,331994,4.14112e+06,54.6127
3993,814,0.0652174,0,332759,4.14111e+06,52.2566
6229,3314,0.0650118,0,333043,4.14082e+06,53.1509
4872,1936,0.0648415,0,332352,4.14076e+06,53.9163
1611,427,0.0645161,0,332470,4.14107e+06,52.1215
4929,556,0.0643863,0,332736,4.14098e+06,56.0849
4624,767,0.0643564,0,332571,4.14091e+06,56.1941
4576,1942,0.0643087,0,332245,4.14094e+06,50.5255
3383,1948,0.0640279,0,332577,4.14075e+06,56.4438
6265,6210,0.0634146,0.729103,332695,4.14124e+06,60.9486
5942,3272,0.0631579,0,332831,4.14077e+06,49.2922
1012,514,0.0629723,0,332542,4.14122e+06,55.4109
5024,1623,0.0628655,0,332423,4.1412e+06,57.2145
4022,740,0.0627706,0,332804,4.14109e+06,100.153
1260,154,0.0626263,0,332135,4.14115e+06,54.5859
5272,1489,0.0625,0,332143,4.14114e+06,53.0546
3315,1735,0.0623917,0,332628,4.14076e+06,49.7674
6157,1471,0.0623557,0,332133,4.14122e+06,57.9807
6266,6212,0.0623529,0.815446,332695,4.14124e+06,60.9048
3117,2388,0.0622407,0,333182,4.14104e+06,45.9686
2043,1610,0.0619469,0,332189,4.1411e+06,51.4518
1956,1688,0.0615385,0,332110,4.14104e+06,49.7619
6214,4879,0.0614709,0,332643,4.14085e+06,56.3223
5153,2073,0.0613718,0,332711,4.141e+06,48.6057
6209,780,0.0612717,0.710861,332693,4.14124e+06,60.7263
2160,1768,0.0611247,0,332294,4.14092e+06,52.2761
3212,2358,0.0606936,0.0384362,333360,4.14091e+06,85.7309
4972,2364,0.0606061,0,333084,4.14095e+06,45.986
5222,4862,0.0606061,0,332637,4.14066e+06,53.1519
6592,5773,0.060241,0,332025,4.14117e+06,52.4558
4939,1911,0.0601719,0,332316,4.14091e+06,49.4381
3809,2799,0.0599002,0,332983,4.14101e+06,50.2142
2111,924,0.0598291,0,332332,4.1411e+06,48.3594
5935,5274,0.0596659,0,332580,4.14097e+06,48.4084
1718,1479,0.0595533,0,331864,4.1412e+06,53.7582
5283,412,0.059126,0.0179529,332841,4.14091e+06,46.3539
5001,1738,0.0588235,0,332297,4.141e+06,53.4265
6183,1723,0.0586592,0,332387,4.1411e+06,55.5479
6103,2430,0.0585859,0,333055,4.14117e+06,49.6109
5752,1423,0.0585774,0,331875,4.14126e+06,54.1178
5269,4309,0.058548,0,332633,4.14092e+06,47.7748
2442,547,0.0580153,0,333022,4.14126e+06,55.8288
6137,2274,0.057947,0,333035,4.14093e+06,47.0166
5251,557,0.0576923,0,332791,4.14109e+06,56.9243
4964,2421,0.0576369,0,333080,4.14111e+06,48.5403
4952,2719,0.057508,0,332958,4.14112e+06,52.5624
6572,2462,0.0572207,0,332887,4.14133e+06,49.0875
4181,1488,0.057072,0,332177,4.14114e+06,53.6352
531,211,0.0569395,0,332755,4.14106e+06,54.8632
1806,1476,0.056926,0,331830,4.14113e+06,55.208
6050,5066,0.0566038,0,332701,4.14111e+06,55.7796
3988,552,0.0565111,0,332895,4.14106e+06,57.6459
1276,445,0.056314,0,332390,4.14112e+06,54.8375
4863,3314,0.0561056,0,332881,4.1405e+06,51.5329
2063,1252,0.0555556,0,331972,4.14118e+06,52.9797
4854,1629,0.0554017,0,332327,4.14082e+06,56.1198
3641,1947,0.0552585,0,332441,4.14078e+06,53.8573
1748,1283,0.0552147,0,331918,4.14113e+06,53.763
5776,1276,0.0550775,0,331824,4.14122e+06,55.4977
4001,1948,0.0550622,0,332441,4.14093e+06,48.5033
5066,555,0.0549828,0.184445,332764,4.14123e+06,61.5085
1375,514,0.0549451,0,332417,4.1413e+06,55.5274
5738,4867,0.054902,0,332239,4.14072e+06,53.7228
4851,782,0.0547112,0,332569,4.14085e+06,59.7484
4890,446,0.0546737,0,332777,4.14079e+06,52.1548
6708,3782,0.0545977,0,332607,4.14094e+06,47.2579
4188,3275,0.0539216,0,333067,4.14074e+06,92.4251
6257,2408,0.0538922,0,333068,4.14123e+06,54.1454
6027,1496,0.0538058,0,332077,4.14112e+06,53.2769
1402,154,0.0531178,0,332233,4.14122e+06,51.8942
2226,1469,0.0523338,0,332473,4.1411e+06,53.0454
1556,381,0.0523256,0,332294,4.14106e+06,50.2603
4584,2418,0.0522648,0,332992,4.14109e+06,47.329
6099,1947,0.0521327,0,332352,4.14095e+06,50.6844
2022,1053,0.0520548,0,332110,4.14124e+06,49.1081
5264,4863,0.0519751,0,332641,4.14067e+06,52.8322
6260,777,0.0518519,0.507042,332694,4.14123e+06,61.3406
5709,1720,0.0516854,0.0355879,332010,4.14098e+06,51.1265
2995,618,0.0516605,0,332836,4.14122e+06,56.7172
4158,1947,0.0512821,0,332455,4.14094e+06,49.8346
5045,1471,0.0510949,0,332129,4.14131e+06,59.6341
4927,4485,0.0509804,0,332568,4.14077e+06,47.5503
4226,2815,0.0507614,0,332926,4.14111e+06,51.4972
1720,1485,0.0504587,0,331864,4.14118e+06,54.2717
2227,1812,0.0504202,0,332548,4.14094e+06,49.9848
5623,571,0.0503432,0,332606,4.14108e+06,53.9505
5737,1952,0.0502901,0,332042,4.14095e+06,51.1337
3084,2589,0.0500894,0,333156,4.14122e+06,51.2609
459,392,0.0498688,0.0546457,332870,4.14102e+06,53.7946
5920,406,0.0498534,0,332607,4.14103e+06,46.9862
1706,549,0.0497382,0,332485,4.14115e+06,57.13
1419,1285,0.0496324,0,331827,4.14139e+06,55.7003
3000,509,0.0494845,0.115238,332920,4.14112e+06,54.7297
6082,5152,0.0493562,0,332806,4.14099e+06,49.4212
3998,3275,0.049236,0,333152,4.14074e+06,46.3741
6675,1387,0.0491493,0,332106,4.14138e+06,51.3865
3633,1278,0.0490368,0,332298,4.14098e+06,54.2205
6231,5273,0.0484472,0,332754,4.14107e+06,54.0801
3323,512,0.048414,0,333084,4.14086e+06,52.9767
6161,1937,0.0483193,0,332384,4.14103e+06,54.8286
5181,5082,0.0478873,0,332887,4.14113e+06,51.4455
6709,5863,0.047619,0.00630021,332176,4.14127e+06,49.8063
4554,2419,0.0474227,0,332958,4.14112e+06,48.0259
1828,1287,0.0473373,0,331861,4.14116e+06,55.5478
6195,5025,0.0473373,0.719235,332698,4.14121e+06,60.5223
6716,5146,0.0472973,0,332688,4.14116e+06,50.1717
6273,1473,0.047235,0,332112,4.1413e+06,60.2118
2432,1493,0.0471281,0,332462,4.14129e+06,53.1784
4605,3249,0.046832,0,332957,4.14063e+06,47.2353
2165,1744,0.046729,0,332313,4.14092e+06,51.4983
6577,669,0.0467033,0,332553,4.14125e+06,57.3242
3731,1491,0.04662,0,332077,4.14105e+06,52.6785
3835,1661,0.046549,0,332496,4.14098e+06,87.7786
3689,917,0.0464602,0,332544,4.14083e+06,50.1431
3138,608,0.0460317,0,332891,4.14104e+06,53.2696
6471,562,0.0457627,0.0311329,332687,4.14124e+06,60.3
561,471,0.0456081,0.00143949,332805,4.14114e+06,58.5991
4896,2440,0.0455342,0,333024,4.14098e+06,48.7235
3974,3719,0.0454545,0,332814,4.14074e+06,45.3998
2418,1079,0.0453686,0,332752,4.14134e+06,50.1647
4675,776,0.0452962,0,332594,4.14096e+06,56.6318
4255,3993,0.0451467,0,332868,4.14089e+06,49.635
668,617,0.0450098,0.718882,332693,4.14122e+06,64.5717
3261,2375,0.0448276,0,333314,4.14081e+06,49.6829
1760,1186,0.0447761,0,331835,4.14121e+06,56.1451
2405,778,0.0447094,0,333024,4.14121e+06,54.0727
2696,1805,0.0446809,0,332492,4.14113e+06,51.6822
3367,1484,0.0446321,0,332567,4.14084e+06,55.8791
5791,2318,0.0446097,0,332582,4.14103e+06,47.8432
5282,1480,0.0444444,0,332167,4.14114e+06,52.3361
2374,1704,0.0441176,0,332771,4.14107e+06,47.1865
4193,547,0.0439739,0,332823,4.14108e+06,59.3856
6114,1739,0.0439331,0,332293,4.14097e+06,51.8832
5674,1474,0.0438799,0,331910,4.14114e+06,54.5916
1719,1289,0.0436893,0,331918,4.14119e+06,53.6572
5079,1978,0.0435685,0,332448,4.14106e+06,53.5546
1816,1495,0.0433884,0,331827,4.14114e+06,53.8441
491,433,0.0433333,0,332870,4.14101e+06,54.1365
6506,1978,0.0431894,0,332279,4.14109e+06,52.5862
4025,2297,0.0431818,0,333167,4.14093e+06,43.7731
3236,233,0.043131,0,333028,4.14078e+06,88.8643
6691,4880,0.0431211,0,332479,4.14083e+06,51.2844
5012,1555,0.0431034,0,332288,4.14115e+06,55.1983
1482,1280,0.0431034,0.0798669,331790,4.1413e+06,59.6859
6276,6218,0.0431034,0.535632,332696,4.14124e+06,61.2815
4572,572,0.0430108,0,332603,4.14108e+06,53.6583
1861,1806,0.0429864,0.0696932,331959,4.141e+06,52.4451
6602,2599,0.0427136,0,332878,4.14133e+06,48.5084
4277,3294,0.0426829,0,332877,4.14077e+06,91.6994
6116,5923,0.0426357,0,332472,4.14107e+06,50.2961
4170,2945,0.0424242,0,332968,4.14114e+06,50.8429
2367,546,0.0424144,0,333061,4.1411e+06,53.922
472,122,0.0423729,0,332663,4.14098e+06,54.1514
3250,2421,0.0422886,0,333347,4.14096e+06,49.0926
3148,1496,0.0422222,0,332420,4.14111e+06,52.7261
4923,1739,0.0421394,0,332299,4.14082e+06,50.2673
1011,748,0.0418719,0,332427,4.14126e+06,56.346
830,646,0.041769,0,332593,4.14126e+06,57.899
5451,123,0.0417537,0.695563,332503,4.14091e+06,51.3988
3291,1270,0.0413534,0,332407,4.14102e+06,58.6442
4002,1379,0.0412186,0,332396,4.1412e+06,92.489
5907,478,0.0411985,0,332596,4.14115e+06,52.0508
1574,1472,0.0411523,0,331858,4.14127e+06,55.3577
6182,2147,0.0410557,0,332587,4.14102e+06,55.8945
2433,1808,0.0410184,0,332593,4.14114e+06,51.1814
6726,5670,0.0409639,0,332214,4.14103e+06,50.1125
5091,3366,0.040678,0,333056,4.14077e+06,55.2141
3307,1462,0.0404798,0,332532,4.14094e+06,52.795
2399,814,0.0402802,0,332975,4.14123e+06,53.1926
6264,1768,0.0402367,0,332304,4.14107e+06,56.1465
5087,2440,0.040201,0,333088,4.14131e+06,51.735
6243,3257,0.0401837,0,333061,4.14085e+06,54.0691
785,242,0.0401786,0,332664,4.14109e+06,55.9771
2444,1846,0.0399386,0,332531,4.14117e+06,51.2918
2470,1437,0.039897,0,332479,4.1414e+06,51.9584
3311,1953,0.0398773,0,332734,4.14074e+06,50.9593
4199,1941,0.0398671,0,332427,4.14096e+06,52.1463
5810,1956,0.039548,0,332047,4.14104e+06,49.2226
5278,4198,0.0394737,0.34056,332819,4.14091e+06,48.2308
5655,4864,0.0393185,0,332364,4.14071e+06,53.7791
4589,4374,0.0391566,0.100928,332445,4.14086e+06,46.7624
2408,554,0.0390356,0,333041,4.1412e+06,55.9478
6450,1894,0.0390016,0,332362,4.14115e+06,54.2346
4033,1326,0.0388548,0,332342,4.14116e+06,48.3555
1424,1268,0.0387597,0.0641199,331810,4.1414e+06,56.5123
2054,1817,0.038674,0,332063,4.14097e+06,49.2454
3097,811,0.0386643,0,332793,4.14116e+06,58.636
4245,1534,0.0386598,0,332245,4.14104e+06,88.2056
4627,2012,0.0385439,0,332390,4.14072e+06,47.3963
6279,6218,0.0384615,0.674451,332696,4.14124e+06,61.2567
5025,343,0.0384615,0,332672,4.14108e+06,55.717
3603,1493,0.0382979,0,332364,4.14093e+06,55.6279
2383,769,0.0381679,0,333031,4.14115e+06,53.006
3341,1936,0.0381098,0,332736,4.14074e+06,53.7505
6519,6398,0.0380711,0,332520,4.14127e+06,55.9033
4684,3316,0.0373832,0,332956,4.14052e+06,47.8892
1823,1465,0.0373832,0,331835,4.14118e+06,54.8397
5155,4198,0.0373665,0.0122662,332910,4.14099e+06,50.3098
1628,554,0.0373134,0,332516,4.1412e+06,58.5113
5863,1548,0.0372881,0,331990,4.14121e+06,53.0784
5226,5069,0.0370995,0,332797,4.14112e+06,54.9022
5116,1893,0.037037,0,332462,4.14113e+06,51.5729
560,191,0.0369775,0,332740,4.14108e+06,59.1051
1841,559,0.0368509,0,332346,4.14112e+06,57.728
3167,1614,0.0363636,0,332674,4.14105e+06,49.3389
1426,548,0.0363636,0,332334,4.14133e+06,59.0633
4175,2272,0.0363636,0,333093,4.1409e+06,45.2821
5273,1735,0.0363196,0,332356,4.14095e+06,50.3175
3632,2032,0.0361011,0,332672,4.14068e+06,48.1997
1932,547,0.0360721,0,332473,4.1411e+06,56.8765
4207,1520,0.0360656,0,332297,4.14104e+06,51.5092
6232,2424,0.0359629,0,333064,4.14127e+06,55.3275
6025,1481,0.035809,0,332101,4.14114e+06,53.6296
5133,1629,0.0357143,0,332573,4.1412e+06,54.7092
5294,3270,0.035545,0,333034,4.14072e+06,48.1317
3776,1104,0.0353535,0,332333,4.14112e+06,51.0619
1257,562,0.0353357,0,332284,4.14127e+06,59.3463
2512,2430,0.0352609,0.265094,333309,4.14133e+06,48.9971
5044,1499,0.0351391,0,332136,4.14125e+06,56.5633
1737,1469,0.0344311,0,331910,4.14114e+06,55.4685
5171,724,0.0343434,0,332818,4.1411e+06,55.3094
3251,2388,0.0342205,0,333350,4.14086e+06,49.3133
2967,2486,0.0341365,0,333152,4.14132e+06,94.194
4174,412,0.0340633,0.477251,332898,4.14091e+06,88.2479
6096,5651,0.0339426,0,332404,4.14092e+06,50.2465
1465,558,0.0336879,0,332308,4.14127e+06,59.7214
4946,3024,0.03367,0,332859,4.14087e+06,46.703
6725,4222,0.0336538,0,332572,4.14104e+06,48.9873
6701,2726,0.0335917,0,332823,4.14128e+06,53.9531
978,181,0.0335917,0,332480,4.14107e+06,48.8689
4214,2746,0.033557,0,332943,4.14111e+06,52.4908
6722,4853,0.0334129,0,332390,4.1408e+06,54.3713
2704,2304,0.0334076,0,333260,4.1411e+06,49.7082
3643,3323,0.0332779,0,333078,4.14051e+06,83.2964
4045,1485,0.0331858,0,332142,4.14119e+06,52.6475
6220,2740,0.0330969,0,332868,4.14126e+06,58.0819
3303,837,0.0330033,0,332847,4.14094e+06,84.9489
6036,2864,0.0329815,0,332841,4.1411e+06,52.4718
6000,5791,0.0328152,0,332178,4.14106e+06,50.9929
6473,780,0.032491,0.145785,332653,4.14126e+06,60.1605
5940,4278,0.0323741,0,332465,4.14095e+06,50.2068
4291,1629,0.0323383,0,332335,4.14105e+06,88.8525
6241,4880,0.0323353,0,332643,4.14083e+06,56.4387
3730,1950,0.0323276,0,332398,4.14083e+06,51.5482
1847,1505,0.0321593,0,331865,4.14113e+06,53.2203
1277,431,0.0321489,0,332338,4.14111e+06,53.994
5220,1399,0.0321199,0,332358,4.14121e+06,51.3011
5215,1939,0.0319635,0,332420,4.14096e+06,51.9143
4267,2432,0.0315985,0,332985,4.14116e+06,51.36
5946,3274,0.0315126,0,332840,4.14075e+06,48.5567
2350,783,0.03125,0,333014,4.14108e+06,52.8934
2459,1488,0.03125,0,332311,4.14131e+06,53.6109
3166,1470,0.03125,0,332456,4.14116e+06,51.5143
2016,1553,0.03125,0,332087,4.14107e+06,50.2251
1935,553,0.0312036,0,332466,4.1411e+06,57.7334
2438,1722,0.0309119,0,332694,4.14119e+06,49.8361
5876,1593,0.0308642,0.0798919,332107,4.14124e+06,50.5574
2430,554,0.0308166,0,333037,4.14125e+06,56.2495
1713,1655,0.0308123,0.0184578,332085,4.14114e+06,51.8683
4042,3820,0.0308008,0,332999,4.14079e+06,48.1896
3670,2152,0.0307692,0,332616,4.14077e+06,48.68
6263,4241,0.0305523,0,332723,4.14107e+06,53.939
2274,1500,0.0304414,0,332492,4.14107e+06,49.3035
5727,1849,0.030426,0.156721,331947,4.14099e+06,52.4614
3638,2449,0.030303,0,333072,4.14094e+06,49.0698
2228,825,0.030303,0,332849,4.14106e+06,52.0173
1614,1497,0.030303,0,331927,4.14123e+06,55.2656
3149,1476,0.0302326,0,332424,4.14111e+06,53.8525
1660,1493,0.0302198,0,331891,4.14124e+06,54.3996
6694,1925,0.0301724,0,332214,4.14113e+06,52.091
6570,4198,0.0300752,0,332644,4.14106e+06,49.7934
5859,2431,0.0300752,0,332822,4.1413e+06,50.7923
6280,6223,0.030012,0.530502,332696,4.14124e+06,61.366
2981,2072,0.029877,0,332753,4.14109e+06,55.3943
5019,2522,0.0298063,0,332964,4.14126e+06,54.7592
3712,431,0.0297619,0,332791,4.14081e+06,49.5138
5654,564,0.0297542,0,332464,4.14105e+06,55.8972
1413,736,0.029724,0,332293,4.14136e+06,58.0248
5035,1270,0.0297203,0,332194,4.14129e+06,58.5382
6557,4501,0.0296128,0,332394,4.14108e+06,48.9772
5642,2306,0.0296053,0,332853,4.1409e+06,45.2308
1964,1739,0.0295749,0.0591141,332100,4.14094e+06,51.3034
3155,1947,0.0295359,0,332653,4.14094e+06,52.3203
3134,3018,0.0294659,0.118262,333035,4.14094e+06,51.3618
2026,1053,0.0292553,0,332110,4.14124e+06,49.1105
2032,1564,0.0292553,0,332103,4.14108e+06,50.2056
5785,1495,0.0292276,0.155287,331784,4.14122e+06,54.4592
5138,612,0.0291859,0,332836,4.1412e+06,57.3549
5918,2427,0.0291262,0,332872,4.14125e+06,49.7446
2732,1496,0.0290179,0,332340,4.14126e+06,56.1216
4986,123,0.0289855,0,332571,4.14092e+06,50.7648
3297,557,0.0289532,0,332954,4.141e+06,57.6697
2248,561,0.0288462,0,332960,4.14106e+06,52.7
5332,4229,0.0286807,0.253448,332765,4.14091e+06,46.7362
4581,1732,0.0285714,0,332193,4.14093e+06,49.3731
1661,1531,0.02849,0,331974,4.14117e+06,53.1697
4593,2435,0.0284091,0,332998,4.14112e+06,47.8839
375,285,0.0283688,0.0718058,332717,4.14096e+06,47.6311
3431,1948,0.028348,0,332562,4.14079e+06,54.1699
5065,1486,0.0282862,0,332203,4.14128e+06,58.892
4041,2800,0.0282609,0,333054,4.14111e+06,53.7669
4948,3165,0.0282132,0,333021,4.14085e+06,43.1396
6101,1732,0.0280612,0,332312,4.14097e+06,50.7838
3378,1950,0.0278638,0,332687,4.1407e+06,52.7395
2461,1480,0.0278207,0,332329,4.14133e+06,53.3709
2494,2302,0.0277427,0,333276,4.1411e+06,45.6624
4191,1274,0.0276423,0,332261,4.14114e+06,53.8186
4880,1259,0.0275862,0,332175,4.14092e+06,55.3793
4690,2559,0.0275651,0,332905,4.14098e+06,48.1837
5186,4765,0.0275482,0,332706,4.14073e+06,47.4182
3844,2509,0.0274637,0,333111,4.14104e+06,49.7345
5003,4863,0.0273438,0,332588,4.14074e+06,55.9195
801,568,0.027248,0.119198,332706,4.14123e+06,59.3549
4586,4180,0.027027,0,332687,4.14087e+06,47.0104
1401,1268,0.0269608,0,331832,4.1414e+06,55.8797
3381,1947,0.0268657,0,332603,4.14077e+06,54.1189
812,560,0.026643,0.0300592,332687,4.14124e+06,60.5047
4010,2543,0.0265957,0,333153,4.14114e+06,45.3974
4667,155,0.0264901,0,332544,4.14073e+06,49.4347
6164,5064,0.0264423,0,332722,4.14119e+06,59.1878
5931,2357,0.0262467,0,332892,4.141e+06,47.111
4847,2395,0.0262346,0,332919,4.14085e+06,51.1975
5167,1011,0.0261682,0,332541,4.14113e+06,49.381
1480,1281,0.0261194,0.126428,331758,4.14134e+06,56.6905
4613,3979,0.0261097,0,332691,4.1407e+06,44.5305
3253,3121,0.0260223,0,333180,4.14077e+06,47.6956
4212,1942,0.026,0,332437,4.14096e+06,54.7451
1474,558,0.0259516,0,332244,4.14126e+06,60.2423
1598,1430,0.0259067,0,331942,4.14134e+06,54.9112
1006,783,0.0258621,0,332427,4.14127e+06,56.2683
4901,4034,0.0257732,0,332835,4.1407e+06,45.5251
1587,1126,0.0257143,0,331896,4.14141e+06,54.093
2278,1500,0.0256798,0,332497,4.14107e+06,49.2249
3004,1913,0.0255973,0,332484,4.14109e+06,52.2093
4591,3306,0.0255682,0,332986,4.14061e+06,46.977
5121,1413,0.0255319,0,332359,4.14139e+06,53.9752
6041,2782,0.0254692,0,332854,4.14111e+06,52.6785
5839,5278,0.0254545,0,332432,4.14107e+06,48.1401
649,380,0.0250522,0,332790,4.14108e+06,54.0748
1053,840,0.025,0,332224,4.14136e+06,53.6239
4953,825,0.025,0,332601,4.14107e+06,51.1232
3143,1981,0.0248756,0,332657,4.14091e+06,49.7764
1667,460,0.0248619,0,332515,4.1411e+06,52.2917
3382,552,0.0248447,0,332932,4.14085e+06,59.784
1884,1278,0.0248092,0,331913,4.14118e+06,53.8459
1981,1487,0.0247934,0,331957,4.14111e+06,54.1258
3007,2473,0.0247525,0,333132,4.1412e+06,89.5247
3631,1710,0.0246679,0,332467,4.1408e+06,50.2599
2029,263,0.0246575,0,332502,4.14091e+06,47.5444
1022,224,0.0245902,0,332327,4.14114e+06,49.9483
2296,1425,0.0245776,0,332537,4.14119e+06,49.9823
547,375,0.02443,0,332796,4.14112e+06,55.4881
3262,2377,0.02442,0,333348,4.14081e+06,49.7579
3813,2305,0.0243531,0,333110,4.14082e+06,44.7351
4287,825,0.0243408,0,332515,4.14108e+06,52.9166
2077,1471,0.0243243,0,331939,4.14119e+06,54.5794
2364,1744,0.0243056,0,332703,4.14097e+06,48.4746
2189,372,0.0242424,0.662296,332766,4.14091e+06,45.8878
1079,149,0.0242131,0,332307,4.14116e+06,50.9438
3647,2432,0.0242086,0,333092,4.14095e+06,49.6986
4676,4242,0.0241935,0,332613,4.14075e+06,48.0911
418,14,0.0241692,0,332687,4.14079e+06,45.6423
2474,552,0.0241117,0,332999,4.14126e+06,56.1402
5006,1971,0.0239651,0,332398,4.14099e+06,54.4824
6584,1733,0.0239234,0,332138,4.14108e+06,51.4919
503,289,0.0237467,0,332785,4.14108e+06,55.3881
3153,1401,0.0237389,0,332616,4.14115e+06,50.6632
598,345,0.0236686,0,332671,4.14105e+06,53.6741
4008,2906,0.0235507,0,333053,4.14109e+06,53.8107
2992,1262,0.0235081,0,332352,4.14126e+06,92.8817
2237,563,0.0234899,0,332943,4.14105e+06,54.1799
3270,1731,0.0234114,0,332605,4.1408e+06,50.8046
3100,1519,0.0233813,0,332269,4.14111e+06,50.9259
374,127,0.0233333,0,332626,4.14095e+06,48.32
5086,1492,0.0232558,0,332172,4.14127e+06,55.7738
6491,1915,0.0230769,0,332297,4.14116e+06,54.9324
1805,1480,0.0228873,0,331829,4.14112e+06,54.5262
4218,1749,0.0228833,0,332465,4.14093e+06,49.8128
4910,1486,0.022869,0,332102,4.14099e+06,53.5663
4144,3342,0.022869,0,333169,4.14062e+06,48.1858
1247,343,0.0228495,0,332131,4.14116e+06,54.1893
1929,780,0.0228311,0,332388,4.14111e+06,57.0003
5297,2521,0.0228216,0,333024,4.14114e+06,47.1996
3252,3200,0.0227848,0,333309,4.14074e+06,46.1157
3152,1480,0.0227273,0,332462,4.1411e+06,81.9667
1227,558,0.0224525,0,332293,4.14128e+06,59.8838
2017,411,0.022409,0,332679,4.14091e+06,45.5309
1528,825,0.0224033,0,332185,4.14121e+06,55.689
6186,3260,0.0222222,0,333007,4.14087e+06,54.7441
1734,1472,0.022187,0,331891,4.14116e+06,55.9216
4973,731,0.0221607,0,332689,4.14108e+06,54.8314
5930,2034,0.022113,0,332341,4.141e+06,47.089
4200,1733,0.0221088,0,332406,4.14096e+06,86.8537
4157,3210,0.0220588,0,333126,4.14088e+06,93.5765
3414,1626,0.0220518,0,332639,4.14084e+06,58.4485
3268,1932,0.0218409,0,332708,4.14081e+06,50.6128
6259,3257,0.0218182,0,333070,4.14084e+06,54.0735
5285,4212,0.0217984,0.266981,332803,4.14091e+06,48.2611
4878,1946,0.0217984,0,332348,4.14076e+06,52.8719
5771,555,0.0216963,0,332352,4.14115e+06,58.102
2132,213,0.0216867,0,332535,4.14091e+06,47.1757
2362,782,0.0216535,0,333028,4.1411e+06,52.7962
5980,1185,0.0215517,0,332110,4.14119e+06,54.9317
5981,1475,0.0214592,0,332090,4.14114e+06,54.2701
2982,1923,0.0214067,0,332491,4.14111e+06,54.1888
5057,1621,0.0213178,0,332420,4.14123e+06,57.8839
1744,514,0.0211268,0,332461,4.14105e+06,54.9858
3039,1621,0.0211161,0,332505,4.14109e+06,50.9891
6147,2354,0.021097,0,333057,4.14097e+06,48.8086
6619,1187,0.021028,0,331919,4.14141e+06,56.5705
3265,1401,0.0209205,0,332683,4.141e+06,51.206
6262,3257,0.0209059,0,333067,4.14084e+06,54.04
6216,1269,0.0209021,0,332206,4.14129e+06,59.2002
6014,1283,0.0208877,0,332145,4.14114e+06,53.6264
5134,1222,0.0208623,0,332237,4.14131e+06,58.9207
6239,1436,0.0208575,0,332198,4.14136e+06,58.0962
5059,1952,0.0204082,0,332413,4.14109e+06,55.1546
6246,2571,0.0203349,0,333009,4.1413e+06,54.2657
2998,2286,0.0203252,0,333118,4.141e+06,50.3156
2492,840,0.020202,0,332811,4.14132e+06,52.0127
371,276,0.020202,0.0897151,332702,4.1409e+06,47.6821
1319,1188,0.020202,0,331790,4.14141e+06,56.1616
1429,1376,0.0201613,0.0126181,331904,4.14145e+06,54.0904
906,288,0.0201342,0,332508,4.14106e+06,50.5918
818,505,0.0200401,0,332733,4.14121e+06,58.4916
5922,1931,0.0199501,0.00274131,332230,4.14107e+06,51.1516
1183,549,0.0199005,0,332291,4.14133e+06,61.7111
6119,1595,0.0198915,0,332350,4.14111e+06,51.7041
1140,783,0.0198171,0,332169,4.14144e+06,59.9559
2388,1499,0.0197531,0,332494,4.14118e+06,50.1837
5999,1479,0.0195759,0,332092,4.14114e+06,53.8038
5159,1496,0.0195382,0,332237,4.14116e+06,52.9557
1501,811,0.0195312,0,332192,4.14126e+06,56.8836
3359,2420,0.0193843,0,333263,4.14082e+06,54.542
3436,556,0.019368,0,332906,4.14092e+06,62.2206
6682,1619,0.0193662,0,332218,4.14124e+06,52.1578
3621,2633,0.0193237,0,333135,4.14093e+06,50.9765
5773,1267,0.0192982,0,331818,4.14122e+06,55.6725
4555,4452,0.0192308,0.596328,332446,4.14092e+06,47.667
1960,556,0.0192,0,332487,4.14107e+06,55.8929
6281,5778,0.0191847,0,332217,4.14118e+06,57.0501
4652,66,0.0191638,0,332440,4.14071e+06,47.84
4849,1480,0.0190476,0,332056,4.14093e+06,57.5748
3299,775,0.0190275,0,332956,4.14092e+06,55.904
3636,2812,0.0190174,0,332957,4.1409e+06,53.1161
3355,3261,0.0190157,0.0701367,333236,4.14053e+06,79.5562
2006,761,0.0190114,0,332522,4.14108e+06,54.0071
4919,1731,0.0189873,0,332331,4.14081e+06,50.0841
4954,3323,0.0188679,0,333039,4.14062e+06,45.9639
4868,1469,0.0186916,0,332187,4.14087e+06,56.534
5618,1845,0.0186047,0,332136,4.14099e+06,51.0859
5032,1937,0.0186047,0,332383,4.1411e+06,56.0777
3714,1266,0.0185874,0,332168,4.14101e+06,53.2242
6047,558,0.0184941,0,332709,4.14109e+06,56.9009
4305,2228,0.0184922,0,332826,4.14094e+06,48.5661
5632,613,0.0184615,0,332565,4.1411e+06,54.743
5405,1278,0.0184332,0,332191,4.14114e+06,52.6775
2713,1496,0.0184162,0,332436,4.14128e+06,81.8452
1559,1477,0.0183908,0,331830,4.14125e+06,55.5832
6198,277,0.0183727,0,332672,4.14109e+06,56.5806
2702,1648,0.0183299,0,332681,4.14127e+06,55.0076
2493,1500,0.0183246,0,332410,4.14129e+06,51.3698
6446,4881,0.0181818,0,332647,4.14086e+06,55.923
6056,1283,0.0181113,0,332143,4.14114e+06,53.5921
5143,1496,0.0180832,0,332256,4.14121e+06,54.3459
4216,1462,0.0180587,0,332244,4.1412e+06,53.9333
5892,1936,0.0179372,0,332180,4.14109e+06,51.5128
5962,1494,0.0178971,0,332023,4.14112e+06,53.7741
4239,2596,0.0178571,0,333072,4.14114e+06,50.4911
5894,5208,0.0178571,0,332604,4.14107e+06,46.9536
1931,1276,0.0177936,0,331992,4.14115e+06,54.6714
6729,2721,0.0177515,0,332774,4.14123e+06,53.3093
5127,714,0.0176678,0,332810,4.14122e+06,59.0156
3322,507,0.0176056,0,333092,4.14081e+06,86.9103
811,561,0.0176,0.0271852,332686,4.14124e+06,60.5193
4870,2812,0.0175913,0,332751,4.14082e+06,55.1021
5914,880,0.0174419,0.198163,332303,4.14123e+06,49.6825
5037,4863,0.017301,0,332584,4.1408e+06,56.9152
5617,2428,0.0172786,0,332964,4.14115e+06,48.6702
2366,2312,0.0172414,0.0691019,333293,4.14095e+06,45.0942
6551,5153,0.0171569,0,332703,4.14116e+06,50.6655
6588,5444,0.0170316,0,332463,4.14105e+06,49.7103
1434,1191,0.0170132,0,331738,4.14146e+06,58.2677
5816,5652,0.0169492,0,332124,4.14102e+06,51.998
3264,2844,0.0168831,0,333179,4.14088e+06,51.7194
816,657,0.0168421,0.0425568,332642,4.14125e+06,59.7564
5750,191,0.0168067,0,332218,4.14097e+06,50.7094
1191,1090,0.0167715,0,331768,4.14148e+06,57.5111
5287,411,0.0166667,0.0202566,332837,4.14091e+06,46.2685
2358,1263,0.0165485,0,332540,4.14115e+06,51.6156
3005,429,0.0165289,0.0357022,332920,4.14102e+06,51.2795
555,470,0.0165138,0.00983236,332818,4.14113e+06,59.333
3780,1952,0.0164948,0,332469,4.14087e+06,48.5466
5941,1615,0.0164835,0,332243,4.14111e+06,52.8713
3340,3257,0.0163934,0.0614676,333286,4.14054e+06,49.5977
6160,5003,0.0163599,0.80341,332693,4.14107e+06,56.3266
6272,556,0.0163551,0.167363,332739,4.14121e+06,61.762
2285,1279,0.0163447,0,332533,4.1411e+06,50.4792
1637,1024,0.0162791,0.00872002,332120,4.14127e+06,52.8773
4937,2777,0.0162602,0,332880,4.14101e+06,50.9443
3697,3355,0.0162272,0,333001,4.1405e+06,51.5856
4006,1394,0.0161871,0,332392,4.1412e+06,48.3608
6700,6116,0.0161663,0,332503,4.14113e+06,49.9471
6032,154,0.016129,0.708529,332631,4.1409e+06,49.5348
4203,1285,0.0159858,0,332232,4.14114e+06,53.9603
654,383,0.015984,0,332754,4.14113e+06,54.5537
3306,548,0.0159744,0,333024,4.1409e+06,89.144
2738,1461,0.0158983,0,332376,4.14136e+06,56.6485
1622,207,0.015873,0,332361,4.14107e+06,51.6531
5256,1284,0.0155979,0,332239,4.14114e+06,53.4488
6683,1471,0.0155709,0,331964,4.14132e+06,55.5236
1445,1302,0.0155039,0.162411,331824,4.14136e+06,56.7832
5148,1947,0.0154739,0,332502,4.14102e+06,51.484
2957,778,0.0154739,0,332881,4.14125e+06,61.4553
3107,1964,0.0153061,0,332457,4.14093e+06,88.4446
3356,2421,0.0152778,0,333244,4.14084e+06,51.3156
2468,1979,0.0152672,0,332651,4.1411e+06,50.034
2357,1396,0.0152381,0,332707,4.14118e+06,49.0448
134,75,0.0152091,0.0966807,332509,4.1409e+06,47.6715
888,426,0.0151515,0,332682,4.14105e+06,49.5991
4289,1485,0.0151515,0,332077,4.14115e+06,56.3108
5875,1276,0.0151515,0,331954,4.14129e+06,53.8821
2692,1960,0.0150376,0,332620,4.14113e+06,86.7974
6034,549,0.0150188,0,332728,4.14108e+06,57.0081
6564,2040,0.0149254,0,332330,4.1411e+06,47.381
5149,507,0.0148936,0.117041,332920,4.14112e+06,54.7526
5309,1120,0.0148148,0,332203,4.14128e+06,51.36
4274,1131,0.0147541,0,332151,4.14126e+06,55.3644
3348,1735,0.01473,0,332657,4.14072e+06,52.1419
1998,508,0.0147059,0,332575,4.14103e+06,53.0335
4195,1473,0.0146341,0,332178,4.14117e+06,89.8101
1472,550,0.0146341,0,332264,4.14126e+06,60.917
3678,553,0.0146138,0,332750,4.14094e+06,93.8373
3404,1626,0.0145773,0,332638,4.14084e+06,90.7842
4936,1628,0.0145278,0,332392,4.14097e+06,50.1899
1304,189,0.0144404,0,332178,4.14114e+06,52.7836
5071,552,0.0144231,0.191429,332780,4.14123e+06,60.6194
3235,1647,0.0143312,0,332671,4.14097e+06,50.6169
1219,837,0.0141844,0,332083,4.14135e+06,59.3094
3972,2294,0.0141844,0,333154,4.14085e+06,43.6889
3970,2029,0.0141643,0,332686,4.14083e+06,48.5448
5804,2515,0.0141643,0,332531,4.14127e+06,49.9767
4869,439,0.0141388,0,332691,4.1407e+06,53.0002
1288,568,0.0141066,0,332262,4.14125e+06,57.8763
5779,5056,0.0140845,0,332258,4.1412e+06,57.5785
2478,2419,0.0139949,0.180061,333313,4.1413e+06,48.0166
1134,481,0.013986,0,332253,4.14137e+06,57.3092
3076,1266,0.013986,0,332219,4.14118e+06,53.8606
5697,5064,0.013986,0,332399,4.14111e+06,56.4
798,133,0.0139665,0,332601,4.14106e+06,52.8885
1630,1451,0.0139665,0,331955,4.14131e+06,55.7536
5136,4856,0.0139082,0,332715,4.14083e+06,56.9658
3770,550,0.0138889,0,332834,4.14099e+06,56.2723
4337,2748,0.0138696,0,332755,4.14111e+06,89.5399
1451,253,0.0138675,0,332121,4.1412e+06,54.7034
3285,2748,0.0138648,0,333138,4.14097e+06,95.2723
5503,5240,0.0138462,0,332642,4.14092e+06,48.2384
5122,1808,0.0138249,0,332316,4.14107e+06,52.9489
666,253,0.0138067,0,332669,4.14108e+06,56.3285
2727,558,0.0137795,0,332940,4.14124e+06,58.9039
1833,379,0.0137615,0,332266,4.14099e+06,50.9128
6073,1185,0.0137552,0,332091,4.14123e+06,55.9317
3094,485,0.0136519,0.00747483,332967,4.14102e+06,55.9809
3719,431,0.0136519,0,332790,4.14079e+06,86.521
2392,1952,0.0135922,0,332727,4.14104e+06,47.8355
5152,296,0.0135659,0,332812,4.14099e+06,50.0264
5749,4862,0.0134831,0,332221,4.14074e+06,54.0238
5325,554,0.0134615,0,332757,4.14109e+06,56.366
1538,545,0.0134409,0,332328,4.14117e+06,57.03
3397,1929,0.0134159,0,332549,4.1408e+06,55.098
546,238,0.0133843,0,332775,4.14108e+06,94.4839
2497,1924,0.0133511,0,332610,4.14116e+06,51.2115
3808,335,0.0133111,0,332853,4.1408e+06,50.6975
2723,558,0.0132827,0,332923,4.14124e+06,58.7166
4567,1128,0.0131579,0,331983,4.14136e+06,52.9492
2496,1283,0.0131579,0,332459,4.14133e+06,52.643
2741,841,0.0131108,0,332711,4.14132e+06,57.6744
5916,2870,0.0130548,0,332660,4.14123e+06,51.9758
3257,840,0.0130011,0,332892,4.14093e+06,81.98
6135,5697,0.012987,0,332298,4.14096e+06,51.2707
3241,1731,0.0127505,0,332603,4.14085e+06,50.6042
6139,415,0.0126812,0,332806,4.14095e+06,48.3937
1994,412,0.0126582,0,332560,4.14091e+06,46.6627
4184,2595,0.012605,0,333118,4.14114e+06,48.403
1185,563,0.0125945,0,332242,4.14133e+06,60.6765
1512,556,0.0124069,0,332356,4.14119e+06,57.7225
6458,555,0.0123457,0.0862311,332735,4.14123e+06,60.8082
6212,4867,0.012318,0,332600,4.14081e+06,57.1506
2479,1768,0.0122951,0,332579,4.14112e+06,49.7822
1633,780,0.0121212,0,332438,4.14122e+06,56.7667
5237,558,0.0121107,0,332788,4.14109e+06,56.6812
1942,1425,0.0120898,0,332006,4.14122e+06,54.5207
4660,1202,0.012069,0,331972,4.14108e+06,56.3181
2222,138,0.0120275,0,332804,4.1409e+06,50.6936
775,253,0.0118662,0,332669,4.14109e+06,56.2992
1939,1287,0.011811,0,332001,4.14113e+06,54.8498
6278,1497,0.0117925,0,332118,4.14125e+06,57.6504
2424,488,0.011782,0,333133,4.14121e+06,53.5326
3121,2945,0.0117647,0,333005,4.14111e+06,96.7047
5885,5652,0.0117647,0,332227,4.14103e+06,51.3673
3082,1486,0.0117253,0,332167,4.14116e+06,53.6862
1957,470,0.0117188,0,332511,4.141e+06,52.0922
3635,175,0.0117057,0,332814,4.14069e+06,49.7572
5180,2187,0.0116959,0,332851,4.14092e+06,45.4207
5311,5058,0.0116959,0,332728,4.14111e+06,55.1301
5305,4452,0.0116505,0,332582,4.14091e+06,47.4377
1354,456,0.0115607,0,332512,4.14117e+06,51.7512
2397,551,0.0115512,0,333041,4.14118e+06,55.5374
5637,2168,0.0115385,0,332509,4.14091e+06,48.2239
4682,2779,0.0114943,0,332773,4.14096e+06,52.2833
4279,1184,0.0114679,0,332108,4.14123e+06,55.2203
6131,3529,0.0114566,0,332922,4.14071e+06,54.9655
3078,2266,0.0114192,0,333153,4.14091e+06,85.391
3747,561,0.0113895,0,332740,4.14098e+06,54.5726
2456,547,0.0113636,0,333005,4.14126e+06,55.9168
2425,1626,0.0113636,0,332789,4.14125e+06,52.3046
1092,327,0.0113636,0,332244,4.14121e+06,51.2939
5700,5063,0.0113314,0,332395,4.14111e+06,56.7492
4149,2796,0.0113122,0,333008,4.14111e+06,50.2513
2954,2817,0.0112676,0.861301,333027,4.14127e+06,55.3161
5191,2092,0.0112676,0,332668,4.14091e+06,44.6479
5189,1222,0.0112676,0,332107,4.14124e+06,55.616
5952,637,0.011236,0,332564,4.14109e+06,54.8212
456,166,0.0112045,0,332770,4.14096e+06,51.2165
5296,2308,0.0111111,0,333040,4.1409e+06,45.2184
4895,775,0.011041,0,332676,4.14092e+06,55.8315
3335,1936,0.0110236,0,332716,4.14074e+06,78.4885
3001,2374,0.0110193,0,333219,4.14106e+06,49.885
4209,3311,0.0110092,0,333105,4.14069e+06,86.607
5252,2769,0.010989,0,332939,4.14111e+06,52.551
3999,3376,0.0109689,0,333075,4.14064e+06,51.0792
6538,3649,0.010929,0,332598,4.14086e+06,49.2831
3396,1971,0.0108588,0,332586,4.14076e+06,54.6181
2314,1296,0.0108527,0,332535,4.1411e+06,49.7193
3358,561,0.0108342,0,332984,4.1408e+06,58.8777
2011,1641,0.0108303,0,332218,4.1411e+06,51.445
1361,1248,0.0107991,0,331878,4.14137e+06,54.5005
4029,549,0.0107759,0,332858,4.14109e+06,58.8186
773,617,0.0107527,0.806198,332692,4.14122e+06,61.3332
3237,2853,0.0107335,0,333176,4.141e+06,50.7274
5856,3374,0.0107296,0,332765,4.14076e+06,53.5113
617,312,0.0107271,0,332669,4.14108e+06,56.2257
2033,557,0.0106101,0,332626,4.1411e+06,56.3605
5781,549,0.0106007,0,332373,4.14117e+06,58.0858
6261,1391,0.0105386,0,332303,4.14136e+06,56.8476
1615,809,0.0105263,0,332375,4.14124e+06,57.6999
3960,3774,0.0105263,0.0400116,332883,4.14071e+06,85.1115
5168,165,0.0104895,0,332801,4.14094e+06,49.1906
1058,545,0.0104012,0,332410,4.14131e+06,56.7145
1893,825,0.0103986,0,332305,4.14117e+06,53.2439
5228,3313,0.0103627,0,333106,4.14068e+06,47.962
3277,2796,0.0103397,0,333152,4.14099e+06,52.6704
769,545,0.0103226,0.104729,332754,4.14121e+06,61.611
852,160,0.0102881,0,332495,4.14111e+06,51.1077
814,188,0.0102249,0,332619,4.14112e+06,54.4575
1023,243,0.0102041,0,332303,4.14115e+06,50.2048
1809,514,0.0102041,0,332368,4.14105e+06,55.5663
6601,4442,0.0100756,0,332398,4.14107e+06,48.628
4186,1948,0.0100671,0,332435,4.14094e+06,50.6599
6074,1498,0.0100143,0,332112,4.14111e+06,52.6087
4205,553,0.00993377,0,332811,4.14112e+06,57.3597
3418,554,0.00990099,0,332945,4.14088e+06,62.421
3610,1477,0.00987654,0,332330,4.14094e+06,88.511
1395,241,0.00982801,0,332257,4.1412e+06,51.3127
1184,253,0.00977995,0,332071,4.14124e+06,56.3192
5085,2755,0.00977995,0.00535882,332940,4.14127e+06,55.34
5337,554,0.00976562,0,332758,4.14109e+06,56.4923
6586,156,0.0097561,0,332501,4.14107e+06,49.6073
5082,554,0.00973236,0.121061,332798,4.14123e+06,59.5757
3424,3273,0.00972763,0,333181,4.14056e+06,53.7411
6689,6313,0.00972763,0,332511,4.14127e+06,55.6373
5860,2301,0.0096463,0,332785,4.14105e+06,47.1296
1704,1190,0.00963855,0,331835,4.1413e+06,56.0922
4295,2578,0.00963855,0,332899,4.14112e+06,47.992
3683,1108,0.00963391,0,332190,4.14112e+06,52.3831
3953,2440,0.00961538,0,333128,4.14105e+06,47.4893
565,408,0.0096,0,332827,4.1411e+06,53.1761
3772,565,0.0096,0,332808,4.14097e+06,56.8493
1506,1449,0.00959693,0,331788,4.1413e+06,54.932
1978,554,0.00957592,0,332482,4.14106e+06,57.2293
2343,811,0.00956023,0,332930,4.14112e+06,52.9789
1895,1500,0.00954198,0,331892,4.14115e+06,52.2204
3048,556,0.00953895,0,332848,4.14114e+06,56.4388
5805,1474,0.00949367,0.0338225,331770,4.14128e+06,56.0826
6013,4852,0.00948509,0,332532,4.14067e+06,54.8084
6524,6429,0.00947867,0,332528,4.14127e+06,56.1871
6537,5057,0.0094518,0,332552,4.14128e+06,56.7716
4140,552,0.0093985,0,332893,4.14108e+06,58.4399
6514,1732,0.00932401,0,332174,4.14112e+06,51.4515
5671,1471,0.00923077,0,331944,4.14112e+06,55.0387
5151,2374,0.0091954,0,333176,4.14106e+06,47.041
5023,4500,0.00917431,0,332592,4.14108e+06,55.2085
2784,1496,0.00912201,0,332276,4.14126e+06,55.2373
1245,545,0.00907912,0,332293,4.14127e+06,59.7489
1454,1291,0.00903614,0.124729,331796,4.14134e+06,57.2736
542,326,0.00900901,0,332742,4.14107e+06,55.6837
402,123,0.00900901,0,332658,4.14091e+06,83.5006
5046,2772,0.0089955,0,332883,4.14127e+06,57.2892
1312,550,0.00898204,0,332374,4.14126e+06,58.003
3129,1494,0.00896861,0,332212,4.14113e+06,51.9419
2048,127,0.00882353,0,332456,4.14091e+06,48.2383
3192,2293,0.00880282,0.2845,333281,4.14089e+06,43.6783
2665,2516,0.00875657,0.819062,333342,4.14136e+06,93.6012
5100,1276,0.00875274,0,332284,4.14129e+06,55.3361
3006,2293,0.00874126,0,333134,4.14096e+06,47.3875
1442,1249,0.008726,0.145692,331775,4.14139e+06,57.2272
453,148,0.0087146,0,332763,4.14099e+06,51.4932
5653,1626,0.00865266,0,332204,4.14104e+06,53.351
5656,1971,0.00863132,0.398913,332194,4.14092e+06,52.4603
2426,1250,0.00860585,0,332597,4.14133e+06,53.9196
5814,2388,0.00858369,0,332778,4.14116e+06,47.3163
5162,2963,0.00853242,0,332992,4.14114e+06,51.9968
1625,1499,0.00852878,0,331943,4.14122e+06,54.5116
4855,4383,0.00848485,0,332463,4.14069e+06,53.6125
1575,1332,0.00847458,0,331990,4.14127e+06,51.0751
416,119,0.00847458,0,332655,4.14091e+06,50.2422
5433,549,0.00847458,0,332709,4.14107e+06,58.4155
5707,1765,0.00845666,0.466134,331992,4.14093e+06,51.7487
4556,182,0.00845666,0,332539,4.14091e+06,47.9317
6219,4179,0.00845411,0,332783,4.14107e+06,54.3892
618,269,0.00842993,0,332670,4.14109e+06,56.4444
3130,572,0.0083682,0,332854,4.14107e+06,55.9561
3360,566,0.00834327,0,332997,4.14077e+06,56.532
6448,6014,0.00831025,0,332662,4.14109e+06,54.5745
6581,4518,0.00831025,0,332400,4.14106e+06,49.0148
4265,2289,0.00828157,0,332956,4.1409e+06,47.9757
2419,1270,0.00826446,0,332593,4.14129e+06,52.9751
1733,1089,0.00819672,0,331985,4.1412e+06,52.7899
1061,553,0.00818331,0,332437,4.1413e+06,57.7685
5292,443,0.00815217,0,332817,4.14094e+06,50.2243
1921,490,0.00815217,0,332449,4.14106e+06,54.9311
2037,1400,0.00808625,0,332074,4.14126e+06,50.1214
6521,2574,0.00808625,0,332864,4.14133e+06,48.4834
641,303,0.00808081,0,332669,4.14108e+06,99.5244
840,412,0.00807754,0,332647,4.14113e+06,51.3331
3003,618,0.00803213,0,332820,4.14116e+06,56.495
4552,2862,0.00796813,0,332746,4.1411e+06,51.7628
1411,136,0.00795229,0,332230,4.1412e+06,52.8188
5409,1798,0.0078534,0,332267,4.14092e+06,49.2627
5519,2592,0.00784929,0,332896,4.14115e+06,47.4716
2416,2039,0.00784314,0,332978,4.14113e+06,47.8405
5209,133,0.0078329,0,332698,4.14091e+06,47.8136
3752,2299,0.0078329,0,333031,4.1408e+06,45.0726
6105,2785,0.00782779,0,332870,4.14113e+06,52.525
6033,4851,0.00780234,0,332530,4.14067e+06,54.6684
5330,4871,0.00779727,0,332619,4.14065e+06,51.7958
3013,2879,0.00777605,0,332999,4.14114e+06,55.5626
4243,1446,0.00771208,0,332197,4.14124e+06,52.9284
5819,2278,0.00769231,0,332727,4.14102e+06,46.6788
5326,2066,0.00763359,0,332557,4.14091e+06,45.8804
3711,1698,0.00761905,0,332357,4.14087e+06,88.233
6635,1401,0.00760456,0,332084,4.1414e+06,51.8911
6024,1496,0.00759494,0,332081,4.14112e+06,53.283
2477,1492,0.00757576,0,332339,4.1413e+06,52.9011
1565,430,0.0074813,0,332415,4.14105e+06,52.2248
3190,2269,0.00747664,0.201717,333317,4.14089e+06,46.6529
1179,416,0.00746269,0,332209,4.14125e+06,54.1111
2281,1495,0.00746269,0,332431,4.14109e+06,50.5516
5829,5155,0.00743494,0,332507,4.14114e+06,50.8131
3343,2746,0.0074184,0,333141,4.14082e+06,52.3457
3293,1222,0.00739372,0,332246,4.1411e+06,57.6134
2261,1845,0.00738916,0,332590,4.14097e+06,49.0118
6166,2627,0.00735294,0,332961,4.14121e+06,53.0275
507,89,0.00728155,0,332706,4.14105e+06,97.3361
4273,2720,0.00722543,0,332895,4.14112e+06,55.0709
5280,1659,0.00719424,0,332405,4.14107e+06,49.8534
1966,1496,0.00714286,0,331940,4.1411e+06,53.5796
3592,3256,0.00713436,0,333203,4.14055e+06,52.8656
5244,4205,0.0070922,0.691452,332844,4.14092e+06,49.6544
2984,2234,0.00705219,0,333049,4.14104e+06,52.6623
5795,2313,0.00700935,0,332590,4.14103e+06,47.6697
550,442,0.00700525,0,332830,4.14107e+06,57.2506
368,235,0.00699301,0.183824,332737,4.1409e+06,51.5211
2752,285,0.00693642,0,332870,4.14112e+06,52.8945
552,430,0.00689655,0,332824,4.1411e+06,59.7672
4215,1549,0.00681818,0,332323,4.14105e+06,51.8331
4677,354,0.00680272,0,332561,4.14073e+06,48.2798
6132,5218,0.00677966,0.000791603,332769,4.14095e+06,50.0038
5165,162,0.00677966,0,332800,4.14094e+06,48.7053
5064,550,0.00676819,0.169295,332771,4.14123e+06,61.7787
5113,846,0.00668896,0,332631,4.14128e+06,53.0028
4032,1768,0.00663717,0,332367,4.14091e+06,93.4633
1100,825,0.00662252,0,332191,4.14141e+06,55.4119
3384,1265,0.00662252,0,332384,4.14095e+06,89.8387
3596,2231,0.00661376,0,333083,4.14073e+06,52.4825
4961,1739,0.00660066,0,332268,4.14092e+06,50.0124
1066,1004,0.00656455,0.00132752,332045,4.14137e+06,50.8813
4578,669,0.00655738,0,332567,4.14106e+06,54.2335
3002,2364,0.00647948,0,333218,4.14103e+06,50.9627
3057,1229,0.00642055,0,332247,4.1412e+06,95.3875
3319,2948,0.00637959,0,333212,4.14085e+06,51.3091
3823,332,0.00636943,0,332800,4.14081e+06,47.2783
3256,2957,0.00630915,0,333186,4.14088e+06,51.8138
1204,1138,0.00627615,0.0220788,331714,4.14153e+06,60.1104
2289,564,0.00624025,0,332995,4.14105e+06,52.224
4947,1627,0.00623053,0,332360,4.14103e+06,49.9416
665,179,0.00620476,0,332667,4.14107e+06,98.5823
5833,2356,0.00619195,0,332731,4.14108e+06,47.6335
6467,5651,0.00618557,0,332414,4.14108e+06,55.2393
2962,176,0.00618557,0,332835,4.14113e+06,51.9803
5651,2858,0.00618238,0,332578,4.14107e+06,53.3854
4857,3507,0.00617284,0,332771,4.1405e+06,57.5734
3817,551,0.00616333,0,332853,4.14103e+06,55.1165
5972,2814,0.00615385,0,332732,4.14107e+06,53.345
658,429,0.00615385,0,332789,4.14106e+06,55.807
4148,2880,0.00614754,0,333009,4.14113e+06,49.9166
3139,238,0.00613497,0,332893,4.14094e+06,48.5658
1170,808,0.00613497,0,332171,4.14141e+06,59.7614
2318,559,0.00611621,0,332990,4.14105e+06,53.4609
4610,1399,0.00609756,0,332145,4.14109e+06,50.3585
2346,1723,0.00608519,0,332672,4.14097e+06,47.2111
5645,2274,0.00600601,0,332767,4.14091e+06,46.4779
2143,1626,0.00598802,0,332332,4.14104e+06,53.6365
2344,177,0.00596421,0,332996,4.1409e+06,46.199
2354,1646,0.00594059,0,332721,4.14107e+06,50.1536
2431,1493,0.00593472,0,332464,4.14129e+06,53.2085
2420,1475,0.00585652,0,332499,4.1413e+06,54.2538
5327,4370,0.00583658,0,332583,4.14091e+06,47.401
5310,5203,0.00582524,0,332816,4.14091e+06,45.8706
5347,1982,0.00582524,0,332416,4.14092e+06,48.759
4171,2578,0.00574713,0,333105,4.14114e+06,46.5813
2199,306,0.00573066,0,332738,4.14091e+06,48.7509
6719,1612,0.00573066,0,332188,4.14121e+06,52.1965
5303,1939,0.00570342,0,332361,4.14097e+06,51.0518
5739,2844,0.0056926,0,332416,4.1411e+06,53.4723
2337,1298,0.00566038,0,332499,4.14112e+06,49.5515
4013,3380,0.00561798,0,333058,4.14062e+06,51.3644
2783,481,0.00561798,0,332990,4.14118e+06,58.4118
4351,2879,0.0056101,0,332771,4.14109e+06,51.5339
833,542,0.00560748,0,332650,4.14124e+06,58.0651
5345,2091,0.00560748,0,332555,4.14091e+06,45.8518
2069,162,0.00558659,0,332513,4.14091e+06,47.156
4968,4146,0.00557103,0,332837,4.14087e+06,44.4961
6218,783,0.00555556,0.601801,332693,4.14124e+06,61.1412
5673,5056,0.00554529,0,332389,4.14107e+06,55.341
3684,2524,0.00553506,0,333021,4.14097e+06,51.9445
2466,1826,0.00550206,0,332508,4.14117e+06,50.8791
2338,2250,0.00547445,0.131932,333257,4.1409e+06,43.2987
2997,551,0.00544465,0,332871,4.14116e+06,57.6398
5062,2771,0.00543478,0,332874,4.14127e+06,58.4841
6187,612,0.00542005,0.335276,332695,4.14119e+06,60.7675
2045,1410,0.00540541,0,332048,4.14128e+06,50.4643
629,507,0.00539374,0,332793,4.14118e+06,60.4553
2454,1621,0.00536193,0,332653,4.14127e+06,51.2399
1930,1735,0.00534759,0.0398752,332106,4.141e+06,52.7668
783,524,0.00531208,0,332785,4.14121e+06,60.7442
4978,3066,0.00527704,0,332840,4.14092e+06,46.7752
2229,1739,0.00527241,0,332569,4.14093e+06,50.7769
5984,4864,0.0052356,0,332539,4.14068e+06,53.8286
3289,1480,0.0052356,0,332345,4.14102e+06,57.5855
5231,1932,0.0051458,0,332433,4.14098e+06,51.028
1879,1438,0.00511945,0,331921,4.14125e+06,53.2129
6138,4312,0.00511945,0,332559,4.14095e+06,49.4062
1388,1258,0.00510204,0,331846,4.1414e+06,55.5131
6585,2467,0.00506329,0,332914,4.14133e+06,48.5527
3263,762,0.00503778,0,333024,4.14086e+06,54.5673
2498,1086,0.00503778,0,332597,4.14142e+06,50.5635
4921,1947,0.00501672,0,332362,4.14082e+06,50.3857
519,231,0.00501253,0,332776,4.14106e+06,55.1673
5120,2192,0.00501253,0,332882,4.14109e+06,49.1888
3231,556,0.00500835,0,333007,4.14098e+06,54.3968
4163,2806,0.005,0,332986,4.14111e+06,50.6452
6512,5791,0.005,0,332075,4.14124e+06,51.4625
2990,1276,0.00497512,0,332336,4.14125e+06,55.2871
5454,4864,0.00497512,0,332503,4.14068e+06,52.8615
1689,1436,0.00496278,0,331926,4.14131e+06,53.5637
5029,4860,0.004914,0,332597,4.14086e+06,58.6603
4599,1242,0.004914,0,332056,4.14106e+06,52.4308
1516,839,0.00488998,0,332151,4.14123e+06,54.3062
3055,1516,0.00488599,0,332286,4.14107e+06,50.6622
6207,423,0.00485437,0,332779,4.14109e+06,53.9058
2742,1750,0.00484848,0,332538,4.14111e+06,92.1217
1950,1486,0.00484262,0,331939,4.14112e+06,53.8798
6513,2441,0.00484262,0,332844,4.14132e+06,49.6033
5797,553,0.00483092,0,332355,4.14119e+06,57.8961
2756,1486,0.00482509,0,332270,4.14132e+06,56.2581
3040,2476,0.0048,0,333193,4.14116e+06,50.7093
5891,611,0.00478469,0,332518,4.14124e+06,55.6569
6269,554,0.00478469,0.147292,332744,4.14121e+06,62.0019
3033,2412,0.00475436,0,333190,4.14111e+06,48.4986
3038,2038,0.00473186,0,332692,4.14093e+06,98.5869
5951,2288,0.00472813,0,332919,4.14091e+06,45.0001
1961,1308,0.00470219,0,332018,4.14112e+06,50.9238
6517,2722,0.00469484,0,332811,4.14129e+06,53.8875
3769,545,0.00469484,0,332809,4.14096e+06,54.874
1364,210,0.0046729,0,332312,4.14116e+06,50.0529
539,181,0.00465116,0,332777,4.14106e+06,55.0752
2743,553,0.00463499,0,332887,4.14123e+06,59.2806
2268,562,0.00461538,0,332991,4.14105e+06,52.7351
6596,3250,0.00457666,0,332961,4.14086e+06,48.5941
1558,131,0.00455581,0,332245,4.14104e+06,51.1492
1638,808,0.0045045,0,332372,4.14124e+06,57.029
5685,428,0.0045045,0,332485,4.14092e+06,49.7583
847,423,0.00447094,0,332628,4.14111e+06,50.1645
3653,2527,0.00445104,0,333079,4.14092e+06,52.0462
1548,1134,0.00440529,0,331836,4.14138e+06,56.4299
5713,5075,0.00438596,0,332368,4.1411e+06,53.7732
4046,2486,0.00437637,0,333164,4.1412e+06,45.5276
2178,698,0.00436681,0,332689,4.14108e+06,54.6946
4339,553,0.00430416,0,332643,4.14108e+06,56.4043
4852,1478,0.00428571,0,332072,4.14092e+06,57.7183
1862,1451,0.00424628,0,331889,4.14121e+06,54.9991
1271,811,0.00423729,0,332214,4.1413e+06,58.8084
5058,554,0.00423729,0.142395,332755,4.14123e+06,62.1367
2669,1287,0.00421053,0,332411,4.14136e+06,52.7337
642,343,0.00419727,0,332668,4.14108e+06,56.0231
772,226,0.00419727,0,332667,4.14108e+06,55.5142
4988,1949,0.00419287,0,332367,4.14095e+06,50.352
4338,2483,0.00418994,0,332871,4.14117e+06,47.625
1190,559,0.00417537,0,332271,4.14132e+06,61.464
6478,2237,0.00417537,0,332896,4.14107e+06,52.4648
1280,1132,0.004158,0,331777,4.14145e+06,57.6199
610,191,0.00410959,0,332666,4.14107e+06,54.951
6029,1287,0.00410397,0,332142,4.14114e+06,53.6106
6026,156,0.00410397,0.625081,332631,4.1409e+06,49.3092
6042,1283,0.00409277,0,332140,4.14114e+06,53.6646
3330,2581,0.00406504,0,333274,4.14085e+06,47.0545
2119,1388,0.00406504,0,332094,4.14126e+06,50.2294
5640,1626,0.00403226,0,332233,4.14107e+06,50.5331
2244,2074,0.00401606,0,332892,4.1409e+06,44.578
2472,1473,0.0040107,0,332351,4.14134e+06,54.6406
634,252,0.00400802,0,332669,4.14108e+06,56.334
1099,1040,0.004,0.00893095,331938,4.14146e+06,53.042
5988,5256,0.00399467,0,332697,4.14091e+06,51.3583
2239,1488,0.00396825,0,332406,4.1411e+06,52.4821
3442,3387,0.00395648,0.995803,333119,4.1405e+06,59.9168
6015,1477,0.00395257,0,332084,4.14115e+06,54.1575
3229,2446,0.00394477,0,333302,4.14101e+06,49.2313
2457,556,0.00394218,0,332980,4.14126e+06,56.2698
4941,3983,0.00393701,0,332835,4.14077e+06,43.4076
5741,545,0.00392927,0,332352,4.14108e+06,56.3602
3228,782,0.00392927,0,333002,4.14098e+06,52.8241
2217,1087,0.00392157,0,332434,4.1412e+06,49.3774
5744,2812,0.00390625,0,332435,4.14112e+06,53.2494
1778,545,0.00389864,0,332407,4.14107e+06,56.782
1051,549,0.00389864,0,332409,4.14131e+06,57.243
3113,1744,0.00389105,0,332428,4.14098e+06,49.4063
1263,443,0.00386847,0,332368,4.14113e+06,54.8237
5103,4196,0.003861,0,332886,4.14107e+06,51.1299
5328,2531,0.003861,0,333031,4.14115e+06,47.2034
5090,1932,0.00384615,0,332464,4.14112e+06,53.4713
3393,1064,0.00382775,0,332605,4.14093e+06,57.486
6117,2364,0.00380952,0,333066,4.14099e+06,48.2622
3962,1808,0.00380228,0,332324,4.14088e+06,86.9867
5937,5067,0.00378788,0,332581,4.14115e+06,56.6094
3671,2531,0.00378072,0,333009,4.14098e+06,48.0019
5306,412,0.00377358,0,332827,4.14091e+06,46.2572
2754,253,0.00376884,0,332858,4.14115e+06,52.5981
1835,1475,0.00374532,0,331821,4.14119e+06,56.0563
1831,1278,0.00373134,0,331857,4.14117e+06,56.1815
6016,201,0.00369458,0.474919,332633,4.1409e+06,49.1159
4048,2585,0.00369004,0,333159,4.14114e+06,45.5613
6271,523,0.00367197,0.00292385,332798,4.14121e+06,60.4359
5223,2447,0.00364964,0,333077,4.14115e+06,48.5646
5850,546,0.00363636,0,332518,4.14122e+06,57.3286
3951,554,0.00362976,0,332845,4.14103e+06,55.3532
2751,1894,0.00361011,0,332582,4.14116e+06,55.7293
2401,1702,0.00359712,0,332772,4.14115e+06,48.8907
6480,181,0.00357782,0,332600,4.14111e+06,53.121
3321,1975,0.00357143,0,332689,4.14073e+06,50.4253
6249,4178,0.00357143,0,332784,4.14107e+06,54.2356
1959,1498,0.00355872,0,331940,4.1411e+06,51.9978
4654,2547,0.0035524,0,332932,4.14101e+06,48.4482
2966,192,0.0035524,0,332820,4.14109e+06,94.4486
4579,1097,0.0035461,0,332084,4.14125e+06,50.6206
3369,1494,0.0035461,0,332537,4.14084e+06,55.4296
135,79,0.00353982,0.0916037,332513,4.14091e+06,92.3397
5229,5075,0.00353982,0,332813,4.14111e+06,52.9523
5259,2553,0.00352734,0,333076,4.14115e+06,48.3436
5141,2065,0.00350877,0,332722,4.14106e+06,49.2829
3364,2424,0.0034965,0,333227,4.14082e+06,53.5495
5242,4233,0.0034965,0.251134,332808,4.14091e+06,48.0938
5236,547,0.0034904,0,332815,4.14108e+06,56.6384
5997,1982,0.00348432,0,332388,4.14091e+06,49.9196
4955,430,0.00346021,0,332795,4.14088e+06,48.7026
3232,2306,0.00346021,0,333282,4.14081e+06,44.5554
5840,2778,0.00343643,0,332600,4.14127e+06,52.7763
3973,1446,0.00342466,0,332217,4.14119e+06,52.2266
3010,1475,0.00342466,0,332260,4.1412e+06,54.6177
5471,2771,0.0034188,0,332763,4.14111e+06,51.6195
1460,1214,0.00339559,0.236091,331722,4.14139e+06,60.0107
3058,2866,0.00338983,0,333006,4.14113e+06,97.6259
3086,2267,0.00335008,0,333155,4.14091e+06,84.8313
2190,1399,0.00334448,0,332299,4.14122e+06,49.9918
1471,129,0.0033389,0,332108,4.14113e+06,54.5347
4680,2862,0.00333333,0,332782,4.14097e+06,53.0054
6121,5262,0.00332226,0.0218312,332768,4.14095e+06,49.8189
6133,2020,0.00332226,0,332529,4.14096e+06,48.4056
5480,501,0.00331675,0,332689,4.14104e+06,54.0412
3281,2856,0.00331126,0,333140,4.14097e+06,53.1304
4649,148,0.00331126,0,332548,4.14075e+06,49.6025
5506,2986,0.00330579,0,332739,4.14108e+06,52.5028
5163,2362,0.00327869,0,333173,4.14099e+06,46.9453
1139,450,0.00323102,0,332316,4.14129e+06,56.1154
3073,1894,0.00323102,0,332507,4.14099e+06,48.7634
920,543,0.00321543,0,332659,4.14123e+06,57.6019
419,171,0.00320513,0,332780,4.14096e+06,47.5394
2664,1949,0.0032,0,332581,4.14111e+06,49.9539
5478,2796,0.00319489,0,332769,4.14112e+06,51.6603
6213,3249,0.00317797,0,333019,4.14092e+06,53.7164
2269,566,0.00315956,0,332995,4.14105e+06,51.9113
5508,5056,0.00314961,0,332594,4.14111e+06,55.5082
4934,666,0.00314465,0,332690,4.14101e+06,55.3486
4858,1251,0.00313808,0,332133,4.1409e+06,57.8752
490,33,0.0031348,0,332772,4.14098e+06,56.8736
1673,1085,0.003125,0,331986,4.14135e+06,52.1472
5473,4553,0.00312012,0.495248,332443,4.14092e+06,47.3711
5663,1491,0.00311526,0,331944,4.14111e+06,53.8347
3966,2724,0.00309598,0,333037,4.14106e+06,52.6349
3234,1949,0.00308642,0,332677,4.14085e+06,48.8463
2272,1476,0.00308166,0,332464,4.14111e+06,51.2665
3017,2845,0.00308166,0,333039,4.14113e+06,55.2642
5864,5672,0.0030303,0,332120,4.14106e+06,51.2034
3758,1036,0.00302115,0,332381,4.1411e+06,48.6751
1653,1054,0.00301205,0,332051,4.14131e+06,52.4201
1890,327,0.00300752,0,332332,4.14097e+06,49.5553
631,202,0.003,0,332671,4.14108e+06,97.5746
4172,2430,0.00298507,0,333141,4.14115e+06,84.0051
2298,1287,0.00297619,0,332521,4.1411e+06,50.4331
2660,1041,0.00296296,0,332588,4.14143e+06,49.9792
2019,162,0.00295858,0,332513,4.14091e+06,47.1589
657,200,0.00295276,0,332671,4.14111e+06,55.565
1904,1102,0.00294985,0,331958,4.1413e+06,52.2706
2439,612,0.00292826,0,333016,4.14128e+06,54.8383
1891,553,0.00292826,0,332476,4.14113e+06,57.1459
3390,547,0.00291829,0,332969,4.14087e+06,92.3254
2053,156,0.00289017,0,332506,4.14091e+06,47.374
6710,1383,0.00289017,0,332090,4.14137e+06,50.3654
3394,1287,0.00288462,0,332432,4.14091e+06,56.9635
1074,572,0.00288184,0,332363,4.14132e+06,55.7828
4345,2845,0.00287356,0,332748,4.1411e+06,51.51
4330,773,0.00286533,0,332580,4.14112e+06,54.7607
3401,811,0.00285442,0,332848,4.1409e+06,91.4201
3213,710,0.002849,0,332982,4.14106e+06,56.8633
6568,2598,0.002849,0,332920,4.14133e+06,48.6849
4343,1479,0.00283286,0,332035,4.14114e+06,88.0569
4590,546,0.00283286,0,332686,4.14106e+06,56.1696
2740,778,0.00282885,0,332849,4.14125e+06,58.3171
971,126,0.00282486,0,332436,4.14105e+06,50.5725
5052,1979,0.00280899,0,332412,4.14107e+06,55.7525
405,194,0.00280112,0,332777,4.1409e+06,46.7434
5290,2307,0.00280112,0,333038,4.1409e+06,45.1537
5114,4472,0.00277778,0,332676,4.14107e+06,49.9535
3151,558,0.00277778,0,332940,4.14105e+06,57.1944
4249,442,0.00277008,0,332815,4.14094e+06,87.42
6184,2392,0.00276625,0,333022,4.14115e+06,53.0653
2709,2425,0.00276243,0.0564009,333243,4.14134e+06,51.6028
2072,406,0.00274725,0,332690,4.14091e+06,44.8272
422,191,0.00273973,0,332804,4.14091e+06,47.4476
2071,648,0.00273973,0,332555,4.1411e+06,54.9247
2052,1039,0.00271003,0,332145,4.14121e+06,48.7933
4867,3313,0.00270636,0,332892,4.1405e+06,51.1597
609,117,0.00269542,0,332577,4.14105e+06,92.5964
4244,231,0.00269542,0.187314,332689,4.14091e+06,48.0107
2038,296,0.00268817,0,332501,4.14091e+06,47.4276
5135,1493,0.00268097,0,332242,4.14123e+06,55.9449
3338,2791,0.0026738,0,333147,4.1408e+06,52.0829
4616,1824,0.0026738,0,332116,4.14085e+06,50.3978
6600,5607,0.00266667,0,332389,4.14108e+06,48.4309
5411,1736,0.00266667,0,332280,4.14095e+06,50.521
2067,1946,0.00266667,0,332215,4.14095e+06,50.1956
1873,1491,0.00265252,0,331857,4.14118e+06,54.1965
2495,1273,0.0026455,0,332446,4.14133e+06,52.8482
3172,1287,0.0026455,0,332567,4.14109e+06,80.4781
2027,1747,0.00263852,0,332158,4.14093e+06,48.5597
5675,1471,0.00263852,0,331917,4.14114e+06,54.5155
1694,1401,0.00263852,0,331974,4.14132e+06,52.237
2464,1265,0.00263505,0,332424,4.14134e+06,53.235
1564,434,0.00263158,0,332415,4.14106e+06,51.8835
6021,1939,0.00262812,0,332325,4.14096e+06,52.1374
4598,2751,0.0026178,0,332748,4.141e+06,50.8321
6565,1992,0.0026178,0,332279,4.14104e+06,48.7242
200,53,0.00261438,0,332552,4.14089e+06,47.5907
4976,3632,0.00260417,0,332812,4.14067e+06,48.5926
5408,1451,0.00259067,0,332150,4.14121e+06,53.6413
6578,1189,0.00259067,0,331894,4.14141e+06,57.2587
3984,2542,0.00259067,0,333194,4.14112e+06,89.7888
4237,2446,0.00259067,0,333081,4.14114e+06,50.6973
6048,5056,0.00257732,0,332678,4.1411e+06,56.2352
4229,1940,0.0025641,0,332402,4.14096e+06,84.5652
3732,564,0.00255102,0,332724,4.14102e+06,54.2357
6528,1768,0.00255102,0,332131,4.14108e+06,50.7902
1646,1495,0.00254453,0,331928,4.14123e+06,55.14
5279,4436,0.00254453,0,332613,4.14091e+06,47.3386
5275,1493,0.00254453,0,332136,4.14113e+06,52.6475
194,53,0.00254453,0,332552,4.14089e+06,47.595
2505,1434,0.00253485,0,332485,4.14141e+06,51.9561
5874,1500,0.00252525,0,331931,4.14125e+06,52.3822
1623,546,0.00251889,0,332497,4.1412e+06,57.951
6228,2421,0.00251256,0,333073,4.14126e+06,54.791
2335,553,0.00246305,0,333001,4.14107e+06,54.0924
6258,3782,0.002457,0,332777,4.14095e+06,53.3317
2233,1500,0.00245098,0,332452,4.14107e+06,51.9507
6488,5785,0.00244499,0,332160,4.14122e+06,53.6218
4294,815,0.00244499,0,332535,4.1411e+06,53.5033
1398,783,0.00243309,0,332324,4.14135e+06,57.5365
2473,1434,0.00242424,0,332491,4.14141e+06,51.872
2385,1637,0.00242131,0,332676,4.14116e+06,50.5196
2389,1436,0.00242131,0,332578,4.14128e+06,50.489
1014,158,0.00242131,0,332375,4.14109e+06,49.2603
4625,4062,0.00240964,0,332726,4.14072e+06,45.9752
1391,1126,0.00240964,0,331844,4.14153e+06,54.7412
4225,1460,0.00240385,0,332254,4.14119e+06,53.3108
4866,2424,0.00240385,0,332913,4.14088e+06,53.0308
6253,1497,0.00240096,0,332116,4.14125e+06,57.6214
4902,2871,0.00239808,0,332885,4.14096e+06,52.6846
6227,289,0.00238663,0,332670,4.14109e+06,56.3011
6206,1743,0.00236967,0,332364,4.14109e+06,55.6582
3700,1268,0.00236967,0,332149,4.14104e+06,54.0931
3620,2518,0.00236407,0,333148,4.14096e+06,47.4617
521,450,0.00235849,0,332871,4.14108e+06,58.3245
1647,446,0.00235849,0,332542,4.14108e+06,53.5899
3174,2432,0.00234192,0,333293,4.14112e+06,79.374
3748,1336,0.00232558,0,332374,4.14103e+06,49.3171
6210,3314,0.00228833,0,333024,4.14084e+06,53.1039
3184,566,0.00228311,0,332988,4.14106e+06,55.1508
5084,1437,0.0022779,0,332277,4.14136e+06,55.6779
433,299,0.0022779,0,332778,4.14092e+06,90.6788
3203,1467,0.0022779,0,332543,4.14111e+06,86.0289
3260,2755,0.00227531,0,333182,4.14088e+06,51.9121
2773,1655,0.00226244,0,332551,4.14124e+06,54.108
4912,1948,0.00225734,0,332360,4.1408e+06,50.0848
5422,1488,0.00225225,0,332076,4.14114e+06,54.1872
5080,4207,0.00224719,0,332837,4.14109e+06,52.5793
3707,1192,0.00224215,0,332142,4.14104e+06,54.7802
5770,2518,0.00223214,0,332514,4.14122e+06,50.4748
854,161,0.00222717,0,332489,4.14111e+06,50.6804
4020,2417,0.00222222,0,333206,4.14112e+06,46.9185
4864,2420,0.00220264,0,332912,4.14087e+06,52.6552
3768,1690,0.0021978,0,332421,4.14093e+06,88.9569
3198,128,0.00217865,0,332930,4.14093e+06,46.7721
1820,564,0.00217865,0,332325,4.1411e+06,55.9363
2711,1491,0.00217865,0,332407,4.14129e+06,55.1017
1911,560,0.00217865,0,332432,4.14112e+06,56.5804
1197,1100,0.00217391,0,331757,4.14149e+06,57.3224
5726,558,0.00214592,0,332403,4.14108e+06,56.9843
1362,808,0.00213675,0,332343,4.14134e+06,55.8238
1371,553,0.0021322,0,332400,4.1413e+06,57.5784
5924,825,0.00211416,0,332421,4.1412e+06,52.6477
1758,556,0.00209644,0,332460,4.14108e+06,57.2533
5976,1970,0.00209205,0,332329,4.14091e+06,50.6913
5691,2325,0.00209205,0,332714,4.14091e+06,46.3836
3805,1438,0.00207469,0,332327,4.14111e+06,53.8497
3388,1471,0.00205339,0,332352,4.14096e+06,58.2605
1590,1403,0.00204918,0,331969,4.14135e+06,52.5225
653,179,0.00204708,0,332667,4.14107e+06,55.5956
6151,2435,0.00204082,0,333045,4.1412e+06,51.1026
4016,127,0.00203666,0,332733,4.14089e+06,47.4426
1049,136,0.0020284,0,332266,4.14118e+06,51.8067
2356,548,0.0020202,0,333045,4.14108e+06,54.27
2960,2819,0.0020202,0.61438,333024,4.14127e+06,55.0455
570,483,0.00201613,0.00951582,332801,4.14119e+06,57.6794
3296,1946,0.00201207,0,332549,4.14086e+06,51.9032
1410,471,0.00200401,0,332381,4.14128e+06,54.8014
664,175,0.002,0,332667,4.14108e+06,96.5035
5000,783,0.00199601,0,332691,4.14115e+06,57.8965
4928,1735,0.00197628,0,332298,4.14084e+06,50.2338
652,257,0.00196657,0,332713,4.14109e+06,60.0116
3428,199,0.00196078,0,332889,4.14068e+06,53.5191
3395,3273,0.00195886,0,333180,4.14056e+06,53.8676
1050,437,0.00195695,0,332432,4.14118e+06,51.3891
3408,1293,0.00194932,0,332433,4.14092e+06,56.0479
3425,1283,0.00194363,0,332463,4.14091e+06,56.8589
2963,1975,0.00193798,0,332520,4.1411e+06,53.5667
834,445,0.00192308,0,332691,4.14111e+06,54.2541
3435,1271,0.00191571,0,332440,4.14091e+06,57.418
2413,1501,0.00191571,0,332539,4.14123e+06,51.892
5318,1484,0.00191205,0,332122,4.14114e+06,53.0689
1731,555,0.0019084,0,332428,4.1411e+06,57.3638
3779,1481,0.00189753,0,332259,4.14105e+06,52.3213
5344,2812,0.00189394,0,332895,4.14111e+06,51.5281
4072,2845,0.00189036,0,333053,4.14111e+06,53.6915
2218,1303,0.00188679,0,332327,4.14114e+06,51.4655
6535,2059,0.00187617,0,332330,4.14112e+06,47.4245
5261,3311,0.00187617,0,333092,4.14069e+06,48.1293
5350,2743,0.00187266,0,332893,4.14111e+06,51.3119
5348,2743,0.00186567,0,332893,4.14111e+06,51.3448
3739,2788,0.00185874,0,332875,4.14103e+06,50.9536
5323,203,0.00184502,0.198466,332681,4.14091e+06,47.7988
5302,2641,0.00184162,0,333014,4.14114e+06,47.4007
3242,1942,0.00183824,0,332629,4.14089e+06,54.5012
6679,1117,0.00182482,0,331997,4.14146e+06,53.4479
5260,555,0.00182482,0,332797,4.14108e+06,56.8721
789,253,0.00182149,0,332660,4.14108e+06,55.1567
1253,1064,0.00181818,0,331854,4.14139e+06,54.9455
1256,495,0.0018018,0,332286,4.14123e+06,58.1256
4634,2393,0.00179533,0,332999,4.14092e+06,47.1769
5166,4869,0.00179211,0,332709,4.14068e+06,52.2941
3145,1489,0.00178253,0,332415,4.1411e+06,80.47
5711,2443,0.00177936,0,332599,4.14113e+06,50.1963
6130,937,0.0017762,0,332539,4.14112e+06,51.4915
4656,3569,0.0017762,0,332836,4.14052e+06,54.2393
1228,1095,0.00176991,0.00147295,331800,4.14144e+06,55.5588
4003,1435,0.00176678,0,332278,4.14122e+06,91.1003
3230,1041,0.00176678,0,332728,4.14105e+06,50.8779
1499,1288,0.00175439,0.133852,331787,4.14127e+06,55.4505
3287,546,0.00175131,0,332991,4.14095e+06,57.2125
4007,2515,0.00174825,0,333152,4.14113e+06,49.3198
4663,312,0.0017452,0,332544,4.14073e+06,49.4698
3064,2490,0.00174216,0,333156,4.14117e+06,47.427
6453,4700,0.00174216,0,332568,4.14092e+06,53.9727
2677,2419,0.00173611,0.127182,333309,4.14131e+06,47.7743
5246,4863,0.0017301,0,332635,4.14066e+06,53.239
3025,2318,0.00172414,0,333130,4.14095e+06,46.1071
5039,429,0.00170358,0,332795,4.14107e+06,54.6066
837,333,0.00170068,0,332528,4.14114e+06,53.35
3009,1497,0.00169779,0,332266,4.14116e+06,85.304
3649,2724,0.0016835,0,333000,4.14097e+06,55.9029
2443,1276,0.0016835,0,332496,4.14133e+06,52.9809
3070,510,0.00167785,0,332920,4.14111e+06,54.2724
4679,507,0.00167504,0,332702,4.1409e+06,55.2354
3061,2386,0.00166113,0,333186,4.14104e+06,49.5945
5038,3383,0.00164745,0,332918,4.14083e+06,57.9337
3273,552,0.00164204,0,333029,4.14093e+06,92.7015
3839,1646,0.00163934,0,332498,4.14103e+06,50.3285
3068,1891,0.00163934,0,332459,4.14099e+06,48.6901
3344,557,0.00163666,0,333005,4.14084e+06,55.9598
3233,2518,0.00162602,0,333305,4.14105e+06,46.3666
1971,1425,0.00162602,0,332013,4.14118e+06,54.0149
5521,551,0.00162602,0,332656,4.14109e+06,56.6955
3859,2569,0.00162338,0,333119,4.14105e+06,46.5644
810,560,0.00161812,0.0314198,332692,4.14124e+06,60.7352
3053,2074,0.00161551,0,332693,4.14098e+06,46.1904
1290,1222,0.00161031,0.0525135,331758,4.14135e+06,58.8603
3860,545,0.00161031,0,332904,4.14098e+06,91.9786
5516,4193,0.00160514,0,332661,4.14092e+06,48.4789
3046,2869,0.00160256,0,333048,4.14112e+06,55.0518
3047,2034,0.0015748,0,332694,4.14093e+06,46.0152
5498,2844,0.0015748,0,332764,4.14111e+06,51.5617
3850,2555,0.00156986,0,333110,4.14104e+06,87.2097
2989,1249,0.0015625,0,332392,4.14127e+06,56.1484
1962,1491,0.00156006,0,331923,4.14112e+06,53.3348
1498,840,0.00155521,0,332089,4.14126e+06,55.1343
3843,554,0.00155039,0,332843,4.141e+06,55.1551
3243,683,0.00154799,0,333009,4.14093e+06,94.1717
4731,1975,0.00153846,0,332276,4.14078e+06,51.4337
5496,313,0.00153139,0,332538,4.14091e+06,48.3357
2267,1494,0.00153139,0,332441,4.14109e+06,50.5647
4696,512,0.00151515,0,332704,4.14091e+06,55.2871
3309,2405,0.00151515,0,333316,4.14088e+06,50.2505
4721,1953,0.00151057,0,332262,4.14079e+06,49.2183
2271,1489,0.0015083,0,332425,4.1411e+06,51.0371
6500,560,0.00150602,0,332603,4.14124e+06,57.8642
3342,1626,0.00150602,0,332790,4.14077e+06,51.968
3601,3269,0.00149701,0,333172,4.14056e+06,52.697
1846,1302,0.00149701,0,331898,4.14118e+06,54.9616
844,167,0.00149254,0,332519,4.14111e+06,51.5404
768,298,0.00147929,0,332662,4.14107e+06,56.0556
5051,2281,0.00147929,0,333029,4.14105e+06,51.1548
3021,1732,0.00147929,0,332473,4.14101e+06,50.7534
2283,1486,0.00147493,0,332442,4.1411e+06,51.0435
4320,1365,0.00146199,0,332269,4.14117e+06,52.808
4336,2845,0.00145985,0,332751,4.1411e+06,51.5303
6503,1848,0.00145773,0,332155,4.14115e+06,53.3907
4341,723,0.0014556,0,332582,4.14109e+06,58.0074
4319,561,0.00143266,0,332622,4.14108e+06,58.1179
4331,1459,0.00141844,0,332123,4.14116e+06,53.384
3349,1971,0.00141844,0,332705,4.1407e+06,79.6166
4310,445,0.0013947,0,332702,4.14095e+06,50.9378
6445,639,0.00139276,0.554745,332693,4.14124e+06,60.8923
169,87,0.00136054,0,332547,4.1409e+06,47.6699
2406,809,0.00135135,0,332990,4.14124e+06,54.0798
2484,1457,0.00134228,0,332453,4.14137e+06,53.3019
6185,3592,0.00133869,0,332883,4.14085e+06,59.0034
6006,1283,0.00133511,0,332141,4.14114e+06,53.6963
2486,809,0.00131752,0,332927,4.14132e+06,54.5367
2423,1732,0.00130719,0,332692,4.14114e+06,51.4662
2452,1735,0.00130719,0,332556,4.14113e+06,50.5054
5027,707,0.00130548,0.503753,332696,4.14122e+06,60.9776
2453,1221,0.00128205,0,332346,4.14138e+06,56.3207
616,154,0.00128041,0,332709,4.14107e+06,59.441
192,53,0.00127065,0,332553,4.14089e+06,47.6264
2770,265,0.00126422,0,332853,4.14111e+06,99.1524
2480,840,0.00126103,0,332810,4.14132e+06,51.9965
2422,633,0.00124224,0,333050,4.14125e+06,55.5235
2471,1423,0.00123609,0,332477,4.14143e+06,52.0948
2767,1471,0.00123305,0,332297,4.14131e+06,57.5998
6274,5650,0.00122399,0,332417,4.14104e+06,55.0579
2769,1222,0.00121507,0,332255,4.14135e+06,91.3
6245,2783,0.00119332,0,332877,4.14126e+06,57.7756
6226,1811,0.0011919,0,332256,4.14109e+06,55.745
6252,4867,0.00118483,0,332596,4.14079e+06,57.3704
4861,3322,0.00117647,0,332884,4.14049e+06,51.8542
2746,1452,0.00117647,0,332382,4.14134e+06,56.9012
6238,2596,0.00116959,0,333004,4.1413e+06,54.2098
3254,513,0.00116686,0,333105,4.1409e+06,53.4799
2774,1275,0.00112233,0,332371,4.14129e+06,59.1191
626,278,0.00104167,0,332715,4.14108e+06,56.5331
622,209,0.00102881,0,332670,4.14111e+06,55.5382
639,183,0.00102459,0,332667,4.14111e+06,58.8541
633,226,0.00102459,0,332670,4.14111e+06,55.4932
3420,841,0.00102145,0,332743,4.14092e+06,55.7969
3430,811,0.00101112,0,332840,4.14092e+06,92.8329
3588,210,0.00100908,0,332883,4.14068e+06,56.4611
3422,3295,0.00100503,0,333170,4.14052e+06,54.3355
