3610,3555,0.926957,0.616237,333003,4.14091e+06,44.3067
3553,3491,0.926702,0.458187,333003,4.14091e+06,44.3145
3418,3060,0.926471,0.517446,333063,4.14091e+06,47.8121
3100,1371,0.924596,0.766029,332983,4.14097e+06,48.745
815,760,0.920771,0.470714,332291,4.14125e+06,47.487
3611,3470,0.920139,0.979206,333007,4.14096e+06,44.3106
811,760,0.919831,0.851618,332291,5.35022e+07,47.4962
3581,3491,0.919721,0.46245,333003,4.14091e+06,44.3228
3541,3466,0.91921,0.935461,333003,4.14091e+06,48.386
3566,3466,0.919014,0.480377,333003,4.14091e+06,44.3153
3572,3464,0.917688,0.989609,333003,4.14091e+06,44.3114
3630,3555,0.913495,0.813411,333053,4.14091e+06,48.353
2672,2614,0.912467,0.998519,332671,4.14052e+06,49.6155
3542,3463,0.912127,0.998285,333053,4.14091e+06,48.3741
2705,2642,0.912073,0.779382,332675,4.14057e+06,49.6641
3101,1373,0.911871,0.594797,332982,4.14098e+06,92.1152
3626,3568,0.911765,0.978509,333003,4.14091e+06,94.4862
3613,3559,0.91115,0.520909,333003,4.14091e+06,44.3113
3603,3469,0.909247,0.403005,333003,4.14091e+06,44.3031
3529,3467,0.908772,0.551502,333003,4.14091e+06,48.3602
2700,2637,0.90873,0.917264,332671,4.14052e+06,49.6137
2689,2629,0.908616,0.970275,332675,4.14057e+06,49.6126
3621,3570,0.907343,0.989625,333053,4.14091e+06,48.3985
817,764,0.907216,0.664834,332291,3.10559e+07,47.4916
3546,3465,0.90718,0.93353,333053,4.14091e+06,44.3077
3600,3476,0.907057,0.614861,333003,4.14091e+06,44.3191
3625,3559,0.90669,0.9748,333003,4.14091e+06,44.3101
3547,3473,0.906574,0.897108,333003,4.14091e+06,44.3288
2706,2642,0.906372,0.779466,332719,4.14052e+06,49.6337
2714,2637,0.906049,0.568608,332719,4.14052e+06,49.6409
3569,3493,0.905759,0.99807,333003,4.14091e+06,44.3016
3555,3469,0.905085,0.548193,333053,4.14091e+06,48.3085
3564,3491,0.904348,0.459658,333053,4.14091e+06,48.3312
816,761,0.904051,0.965654,332291,4.14125e+06,4.4357e+06
2709,2630,0.903646,0.60462,332675,4.14057e+06,49.7027
3594,3537,0.902946,0.988263,333003,4.14091e+06,44.3304
2686,2630,0.902796,0.998042,332720,4.14052e+06,53.5637
3631,3555,0.902778,0.712245,333003,4.14091e+06,44.3111
3605,3468,0.902778,0.979227,333003,4.14091e+06,94.6766
3587,3490,0.902609,0.997269,333003,4.14091e+06,44.3026
3534,3470,0.901893,0.988741,333003,4.14091e+06,44.3142
2701,2613,0.901575,0.685415,332671,4.14052e+06,53.4196
3591,3502,0.901528,0.998836,333003,4.14091e+06,44.3452
2693,2639,0.901316,0.999221,332720,4.14052e+06,53.4727
3533,3465,0.901213,0.998898,333053,4.14091e+06,48.3154
2712,2642,0.900783,0.807651,332671,4.14052e+06,97.9621
2691,2632,0.900783,0.707789,332671,4.14052e+06,49.6735
3616,3560,0.900709,0.776916,333003,4.14091e+06,44.3825
3615,3538,0.900533,0.999781,333007,4.14096e+06,44.3284
3614,3518,0.900344,0.981788,333003,4.14091e+06,94.4723
3543,3463,0.900175,0.52587,333003,4.14091e+06,44.3061
3596,3479,0.900172,0.935811,333003,4.14091e+06,93.9554
3629,3578,0.900172,0.652109,333003,4.14091e+06,48.3441
3602,3488,0.900172,0.996098,333007,4.14096e+06,44.3088
161,102,0.899777,0.853707,332418,4.14089e+06,106.352
3551,3496,0.89966,0.987843,333003,4.14091e+06,48.3519
809,757,0.89916,0.967307,332291,4.14125e+06,47.4877
813,759,0.898947,0.964715,332291,1.14449e+37,47.4842
2698,2616,0.898817,0.751515,332671,4.14052e+06,98.3023
2681,2612,0.898551,0.622759,332671,4.14052e+06,49.5807
2676,2618,0.898438,0.679726,332719,4.14052e+06,49.7173
3573,3464,0.898246,0.839445,333003,4.14091e+06,48.3576
3597,3465,0.898246,0.990725,333003,4.14091e+06,44.3116
3618,3555,0.898214,0.621028,333003,4.14091e+06,96.429
3576,3472,0.898067,0.987011,333053,4.14091e+06,48.3616
3544,3490,0.898032,0.961408,333003,4.14091e+06,44.3174
3589,3485,0.897391,0.484004,333007,4.14096e+06,44.313
3571,3491,0.897391,0.450236,333007,4.14096e+06,44.3385
3580,3517,0.896907,0.805899,333007,4.14096e+06,44.3196
2687,2611,0.896867,0.855176,332671,4.14052e+06,49.6268
3557,3476,0.896552,0.807823,333007,4.14096e+06,44.3159
3568,3517,0.896082,0.838001,333053,4.14091e+06,44.3244
2704,2652,0.895778,0.718239,332671,4.14052e+06,49.5867
3558,3462,0.895369,0.883379,333007,4.14096e+06,44.314
3606,3549,0.895288,0.998192,333003,4.14091e+06,44.3283
3536,3475,0.895189,0.48323,333007,4.14096e+06,44.318
2665,2613,0.895086,0.997694,332671,4.14052e+06,49.582
2674,2612,0.894942,0.622853,332671,4.14052e+06,97.7811
3599,3490,0.894646,0.503363,333053,4.14091e+06,48.3368
3578,3508,0.894646,0.905798,333003,4.14091e+06,44.315
3563,3478,0.894552,0.988,333003,4.14091e+06,48.3326
3607,3460,0.894464,0.980449,333003,4.14091e+06,48.3587
1663,402,0.894215,0.476067,332682,4.14115e+06,59.1359
160,107,0.893805,0.87253,332418,4.14088e+06,44.1815
3518,3466,0.893728,0.97189,333003,4.14091e+06,44.3229
3598,3518,0.893654,0.459769,333053,4.14091e+06,44.3088
2667,2616,0.893368,0.998244,332675,4.14057e+06,49.6737
821,764,0.892784,0.417923,332291,4.14125e+06,47.4907
3535,3477,0.892734,0.898311,333007,4.14096e+06,44.3117
2695,2613,0.892583,0.998201,332675,4.14057e+06,49.6514
3524,3464,0.892416,0.513659,333053,4.14091e+06,44.3018
166,110,0.892135,0.994919,332418,4.14088e+06,44.1724
2663,2611,0.891963,0.658392,332671,4.14052e+06,53.5323
3593,3473,0.891938,0.913069,333007,4.14096e+06,44.3373
812,757,0.891892,0.399055,4.18193e+06,4.14125e+06,9.60544e+45
3592,3488,0.891798,0.944927,333007,4.14091e+06,94.3885
818,764,0.891667,0.409494,2.57136e+07,4.14125e+06,9.64319e+45
3516,3465,0.891652,0.992583,333003,4.14091e+06,94.4613
3619,3464,0.891501,0.839186,333003,4.14091e+06,44.4094
3562,3462,0.891419,0.551028,333003,4.14091e+06,44.314
2694,2618,0.891391,0.679595,332671,4.14052e+06,49.6444
3519,3467,0.891228,0.860562,333003,4.14091e+06,48.3458
3548,3468,0.891192,0.953476,333003,4.14091e+06,94.5443
158,107,0.891111,0.875699,332423,4.14095e+06,44.1833
3574,3485,0.891003,0.651579,333003,4.14091e+06,94.401
3531,3478,0.88986,0.977675,333003,4.14091e+06,44.3097
3623,3460,0.88968,0.963882,333007,4.14096e+06,44.3176
2708,2619,0.889619,0.532009,332675,4.14052e+06,97.8082
819,761,0.889571,0.848476,332291,1.14605e+37,47.4981
3525,3463,0.889465,0.979181,333003,4.14091e+06,44.3381
2683,2629,0.889313,0.707849,332671,4.14052e+06,97.7277
2685,2620,0.889179,0.998259,332671,4.14052e+06,53.5653
1746,564,0.889126,0.915212,332676,4.14099e+06,51.762
3590,3463,0.889078,0.988635,333053,4.14091e+06,44.3036
2678,2619,0.889032,0.665321,332671,4.14052e+06,49.6312
3577,3464,0.888099,0.863252,333053,4.14091e+06,48.3656
2680,2625,0.887597,0.992115,332675,4.14057e+06,49.6662
3612,3463,0.887348,0.998662,333053,4.14091e+06,44.3007
3588,3537,0.887348,0.461241,333003,4.14091e+06,44.3161
3556,3464,0.887348,0.989567,333003,4.14091e+06,44.3098
3601,3537,0.887179,0.493983,333007,4.14096e+06,44.3066
3565,3464,0.886957,0.980217,333003,4.14091e+06,44.3145
3609,3463,0.886957,0.821559,333003,4.14091e+06,44.3139
164,102,0.886918,0.93429,332418,4.14088e+06,44.1926
3627,3546,0.886792,0.94292,333003,4.14091e+06,94.5072
4068,1028,0.886792,0.943225,331929,4.14094e+06,50.7979
3620,3555,0.886486,0.629167,333054,4.14091e+06,95.2123
3549,3467,0.886207,0.504693,333007,4.14096e+06,44.3177
3559,3493,0.886207,0.515848,333003,4.14091e+06,44.2998
3584,3495,0.88601,0.988775,333003,4.14091e+06,44.3005
3858,631,0.885762,0.838059,332532,4.14091e+06,52.3282
3540,3473,0.885714,0.883361,333003,4.14091e+06,44.3239
3617,3538,0.885662,0.614589,333003,4.14091e+06,48.6315
1669,408,0.885481,0.296048,332680,4.14113e+06,57.3547
2711,2618,0.885161,0.735201,332671,4.14057e+06,53.5315
162,92,0.884876,0.524366,332423,4.14095e+06,44.17
3521,3468,0.884752,0.926392,333003,4.14091e+06,44.3462
2677,2613,0.884565,0.997445,332719,4.14052e+06,53.4785
3560,3473,0.88455,0.6707,333003,4.14091e+06,94.501
3567,3480,0.884135,0.935498,333007,4.14096e+06,44.3149
3537,3467,0.883959,0.499753,333003,4.14091e+06,44.2995
2664,2613,0.883871,0.997792,332719,4.14052e+06,53.4887
146,92,0.883827,0.874436,1.01026e+46,1.20128e+37,1.10541e+06
2692,2614,0.883812,0.601848,332719,4.14052e+06,97.8904
157,99,0.883516,0.880649,332418,4.14088e+06,44.1706
3585,3479,0.883162,0.980479,333003,4.14091e+06,48.576
1986,1131,0.882704,0.616616,332529,4.14091e+06,48.7701
3538,3470,0.882353,0.980443,333003,4.14091e+06,94.3377
678,197,0.882122,0.298973,6.17174e+45,4.14099e+06,6.17123e+45
3604,3537,0.881849,0.97819,333003,4.14091e+06,94.4537
1742,560,0.881423,0.903884,332676,4.14101e+06,52.7838
3515,3464,0.881416,0.935379,333003,4.14091e+06,44.3117
2679,2625,0.88129,0.998362,332675,4.14057e+06,49.6562
2675,2615,0.881201,0.448389,332671,4.14052e+06,49.686
2668,2612,0.881137,0.760171,332719,4.14052e+06,49.6197
2682,2619,0.880519,0.99839,332671,4.14052e+06,97.821
820,769,0.880503,0.853684,9.5733e+45,4.14125e+06,47.4879
3570,3488,0.880416,0.996927,333053,4.14091e+06,94.407
3523,3467,0.880282,0.786184,333007,4.14096e+06,44.3077
3539,3462,0.880282,0.97151,333003,4.14091e+06,94.903
4087,1049,0.880208,0.439678,331978,4.14092e+06,51.8785
3526,3467,0.88,0.503949,333053,4.14091e+06,94.4149
2702,2642,0.879896,0.802809,332720,4.14052e+06,53.5234
149,96,0.879733,0.785762,332423,4.14095e+06,44.1804
2478,2414,0.879699,0.998183,332709,4.14068e+06,49.6024
814,757,0.879668,0.459113,332291,4.14125e+06,47.4862
3527,3465,0.87931,0.998734,333007,4.14096e+06,44.3173
3582,3515,0.879102,0.936921,333003,4.14091e+06,94.7299
509,458,0.8784,0.779512,332681,4.1411e+06,55.7279
3561,3485,0.878007,0.989183,333003,4.14091e+06,94.4487
3583,3492,0.877375,0.88188,333003,4.14091e+06,94.4803
3608,3502,0.877163,0.99764,333053,4.14091e+06,48.3534
2688,2629,0.877102,0.953816,332671,4.14052e+06,49.6099
163,107,0.876682,0.516497,332418,4.14088e+06,44.1807
3522,3460,0.876344,0.999276,333003,4.14091e+06,44.3253
2671,2612,0.876276,0.622618,332675,4.14057e+06,49.6204
2707,2656,0.876117,0.730133,332671,4.14052e+06,49.6839
1912,18,0.875969,0.225136,332454,4.14069e+06,45.2313
2673,2612,0.875654,0.622736,332671,4.14052e+06,53.5133
3554,3463,0.875214,0.653845,333053,4.14091e+06,44.3094
2713,2618,0.875161,0.679447,332671,4.14052e+06,49.649
2703,2616,0.875161,0.998163,332671,4.14052e+06,49.67
3595,3481,0.875,0.515744,333003,4.14096e+06,48.3553
3419,3061,0.874593,0.528353,333091,4.14091e+06,79.0029
512,459,0.87438,0.997633,332678,4.14106e+06,100.676
684,202,0.874263,0.483659,6.10604e+45,4.14101e+06,6.10679e+45
148,94,0.873563,0.979058,332423,4.14095e+06,44.1808
3532,3460,0.873288,0.984558,333053,4.14091e+06,48.3744
3545,3475,0.873016,0.987845,333007,4.14096e+06,44.323
3624,3480,0.873016,0.934222,333007,4.14096e+06,44.3185
151,98,0.872768,0.702405,332418,4.14089e+06,105.728
1551,375,0.872515,0.747105,332684,4.14123e+06,60.6205
2669,2611,0.872258,0.658506,332671,4.14052e+06,49.6359
3509,3458,0.870567,0.941821,333003,4.14091e+06,44.3129
2499,2442,0.87037,0.970889,332709,4.14068e+06,45.9653
2710,2632,0.870027,0.997897,332671,4.14052e+06,49.6618
3511,3460,0.869947,0.978318,333053,4.14091e+06,48.3569
2491,2432,0.869485,0.99837,332754,4.14068e+06,45.9613
147,93,0.869464,0.876201,1.19632e+37,5.23926e+06,1.00609e+46
2479,2411,0.868519,0.845219,332754,4.14068e+06,49.54
3508,3457,0.868327,0.988159,333003,4.14091e+06,94.4721
3586,3466,0.867826,0.997763,333053,4.14091e+06,48.3471
2509,2435,0.867784,0.63786,332709,4.14068e+06,45.9531
156,103,0.86755,0.690969,332418,4.14088e+06,44.1904
3530,3461,0.867365,0.945254,333003,4.14091e+06,94.2181
3575,3478,0.865979,0.987526,333003,4.14091e+06,44.3131
150,93,0.865639,0.95604,332418,4.14088e+06,44.1768
2446,2394,0.865421,0.844664,332709,4.14068e+06,45.9682
3552,3471,0.865417,0.863361,333003,4.14091e+06,94.413
3622,3555,0.865385,0.597085,333003,4.14091e+06,44.3257
2493,2442,0.865314,0.962938,332709,4.14068e+06,45.9721
4069,1030,0.865019,0.390376,331930,4.14094e+06,88.8134
3632,3478,0.864437,0.995174,333003,4.14091e+06,44.303
2513,2438,0.86413,0.269565,332754,4.14068e+06,45.9571
145,94,0.864055,0.907069,1.66132e+06,1.00869e+46,1.19938e+37
4826,898,0.863905,0.924141,332033,4.1413e+06,49.2199
1743,560,0.863813,0.868429,332676,4.14101e+06,52.7089
506,446,0.863711,0.781613,332722,4.14106e+06,55.7261
2508,2437,0.863551,0.475151,332713,4.14072e+06,45.9568
2477,2414,0.862782,0.990478,332709,4.14068e+06,45.9852
2480,2422,0.862709,0.406476,332709,4.14068e+06,45.9644
504,445,0.862682,0.92903,332678,4.14106e+06,55.7369
513,459,0.86246,0.995046,332678,4.14106e+06,55.7563
2441,2384,0.86194,0.756131,332709,4.14068e+06,45.9553
2697,2612,0.861935,0.752622,332671,4.14052e+06,49.6271
2485,2409,0.861878,0.825085,332709,4.14068e+06,90.8697
2455,2400,0.861742,0.535795,332709,4.14068e+06,45.9542
2506,2438,0.861682,0.906003,332709,4.14068e+06,45.9624
2504,2403,0.861368,0.359816,332713,4.14072e+06,45.9699
2512,2438,0.861314,0.626908,332709,4.14068e+06,45.9671
500,448,0.861111,0.941065,332677,4.14106e+06,55.7402
2696,2642,0.860927,0.779458,332675,4.14057e+06,49.6544
3510,3457,0.860915,0.988594,333053,4.14091e+06,44.3176
1747,565,0.860789,0.934598,332676,4.14099e+06,51.2943
3528,3464,0.860627,0.926451,333003,4.14091e+06,44.3066
2489,2417,0.860595,0.668313,332709,4.14068e+06,90.8013
2470,2408,0.860335,0.987265,332754,4.14068e+06,49.5625
3397,3046,0.860153,0.857297,333130,4.14091e+06,48.7046
2475,2424,0.860037,0.998833,332709,4.14068e+06,90.6064
2494,2414,0.86,0.957864,332713,4.14072e+06,45.9758
1733,551,0.859922,0.963607,332678,7.45453e+45,54.6558
2515,2437,0.859813,0.475737,332709,4.14068e+06,45.9603
141,88,0.859688,0.884896,1.19481e+37,5.36265e+06,1.00469e+46
155,91,0.859649,0.886038,332480,4.14088e+06,49.1697
5254,5201,0.859356,0.975957,332668,4.1412e+06,59.0499
5280,5222,0.859036,0.941827,332668,4.1412e+06,59.1038
2471,2414,0.858998,0.481429,332709,4.14068e+06,45.9936
167,110,0.858696,0.593756,332418,4.14088e+06,44.1791
1546,367,0.858645,0.823805,332683,4.14123e+06,5.47535e+45
1679,418,0.858628,0.788396,332678,4.14109e+06,57.4442
5243,5187,0.858502,0.567136,332668,4.1412e+06,59.06
2497,2432,0.858456,0.502924,332709,4.14068e+06,90.778
165,92,0.858407,0.878925,332418,4.14088e+06,44.1752
4837,910,0.858407,0.692551,331974,4.14129e+06,49.9185
2483,2415,0.858195,0.999008,332754,4.14068e+06,45.9774
2460,2402,0.857934,0.89211,332709,4.14068e+06,45.9756
497,445,0.857595,0.931935,332678,4.14106e+06,55.7419
808,756,0.857442,0.997236,1.14455e+37,4.14125e+06,47.5209
525,460,0.856899,0.567583,332677,4.14106e+06,55.7337
2473,2402,0.856877,0.316809,332713,4.14072e+06,45.9831
5289,5232,0.856796,0.412682,332668,4.1412e+06,59.0609
5313,5256,0.856796,0.557554,332668,4.1412e+06,59.0723
1998,1140,0.856552,0.831097,332570,4.1409e+06,51.6253
2522,2411,0.856354,0.845034,332709,4.14068e+06,49.5459
2502,2446,0.856333,0.793178,332709,4.14068e+06,45.9869
520,467,0.855932,0.624317,332677,4.14106e+06,100.455
152,99,0.855856,0.883125,332418,4.14089e+06,106.021
2484,2421,0.855805,0.958869,332709,4.14068e+06,45.9666
5308,5251,0.85545,0.991381,332668,4.1412e+06,59.0814
529,473,0.855241,0.817522,332678,4.14106e+06,55.7347
2187,1302,0.855204,0.9754,332684,4.1409e+06,45.9435
5232,5179,0.854916,0.99461,332668,4.1412e+06,59.0541
822,762,0.854737,0.828979,332291,4.14125e+06,4.0173e+06
494,443,0.854369,0.88298,332678,4.14106e+06,55.7545
2518,2438,0.853974,0.970035,332709,4.14068e+06,45.9754
2456,2404,0.853933,0.483695,332709,4.14068e+06,45.9577
536,443,0.853821,0.948852,332722,4.14106e+06,100.3
517,454,0.853659,0.786949,332681,4.1411e+06,55.7437
2500,2445,0.85348,0.971599,332709,4.14068e+06,49.5466
2442,2391,0.853432,0.317686,332709,4.14068e+06,45.9669
2524,2462,0.853432,0.389299,332709,4.14068e+06,45.9543
1245,1175,0.853186,0.836479,332642,4.1409e+06,48.7627
535,459,0.853181,0.887208,332678,4.14106e+06,55.7627
2526,2475,0.852995,0.997557,332713,4.14072e+06,45.9331
501,450,0.852989,0.575241,332678,4.14106e+06,59.3371
154,103,0.852747,0.650348,332418,4.14088e+06,49.1543
3628,3496,0.85274,0.98695,333003,4.14091e+06,44.31
1978,1124,0.852735,0.723145,332499,4.14091e+06,52.6193
515,451,0.8527,0.744119,332722,4.14106e+06,59.317
2520,2454,0.852612,0.986582,332709,4.14068e+06,90.8746
502,450,0.852564,0.939577,332722,4.14106e+06,59.3352
538,461,0.852512,0.996438,332678,4.14106e+06,55.7173
2517,2455,0.852399,0.999008,332713,4.14072e+06,45.9707
2501,2427,0.852399,0.348342,332754,4.14068e+06,49.5481
3579,3462,0.852041,0.998413,333007,4.14096e+06,44.3164
5268,5194,0.851942,0.982312,332668,4.1412e+06,59.1734
2496,2432,0.85192,0.916052,332709,4.14068e+06,45.9672
5292,5226,0.851897,0.993075,332668,4.1412e+06,59.0636
2490,2420,0.851782,0.99854,332709,4.14068e+06,45.9688
2507,2445,0.851648,0.430296,332709,4.14068e+06,90.6953
1232,1181,0.851648,0.723096,332642,4.1409e+06,48.7422
3517,3461,0.851468,0.850747,333003,4.14091e+06,94.7462
688,205,0.851064,0.235339,332373,7.04663e+45,48.4587
2469,2403,0.851024,0.317377,332754,4.14068e+06,45.9414
1620,1566,0.850886,0.581958,332685,4.14122e+06,60.2643
519,443,0.850847,0.911722,332677,4.14106e+06,55.7688
5285,5191,0.850835,0.506504,332668,4.1412e+06,59.0837
2498,2427,0.850829,0.293618,332709,4.14068e+06,90.7149
528,453,0.850407,0.478649,332722,4.14106e+06,55.7356
1633,1571,0.850361,0.899703,332685,4.14122e+06,60.2748
2481,2398,0.850277,0.823466,332709,4.14068e+06,45.9694
2487,2433,0.850181,0.527864,332709,4.14068e+06,45.9444
2155,2095,0.850148,0.913677,332651,4.1409e+06,7.9876e+45
2519,2415,0.850091,0.868204,332709,4.14068e+06,90.987
507,454,0.85,0.547628,332678,4.14106e+06,55.7513
527,458,0.849673,0.931301,332681,4.1411e+06,55.7388
2459,2406,0.849624,0.556892,332709,4.14068e+06,45.9562
540,467,0.849026,0.724362,332681,4.1411e+06,55.7516
2510,2458,0.848987,0.99759,332709,4.14068e+06,49.5837
2465,2402,0.848881,0.454015,332709,4.14068e+06,45.9764
495,442,0.848875,0.966068,332681,4.1411e+06,55.7336
2525,2437,0.848816,0.541976,332709,4.14068e+06,45.9537
5259,5201,0.848769,0.998755,332668,4.1412e+06,59.0656
2523,2466,0.84854,0.575074,332754,4.14068e+06,49.554
4851,926,0.848485,0.469264,331883,4.14127e+06,52.5883
5245,5193,0.848301,0.602167,332668,4.1412e+06,59.0579
823,770,0.848291,0.942701,332291,8.39904e+06,47.4864
1543,360,0.848204,0.929019,332682,4.14124e+06,61.3397
2684,2617,0.847569,0.525867,332671,4.14052e+06,49.6083
1247,1183,0.847411,0.878931,332642,4.1409e+06,48.7331
2452,2394,0.847273,0.844852,332709,4.14068e+06,45.9692
5291,5175,0.847273,0.938161,332668,4.1412e+06,59.0693
2145,2056,0.847181,0.890174,332651,4.1409e+06,48.2095
518,455,0.847059,0.719126,332681,4.1411e+06,55.7421
510,458,0.847039,0.631193,332678,4.14106e+06,55.7441
1552,376,0.846975,0.801448,332684,4.14123e+06,60.5483
2670,2611,0.846952,0.965941,332671,4.14052e+06,97.9705
144,92,0.846827,0.862545,1.196e+37,5.44576e+06,1.00594e+46
2482,2425,0.846729,0.643206,332713,4.14072e+06,45.9617
1636,1575,0.846632,0.993059,332685,4.14122e+06,60.2571
2461,2399,0.84658,0.358513,332709,4.14068e+06,45.9644
153,96,0.846491,0.9819,332418,4.14088e+06,44.1822
2454,2391,0.846435,0.331966,332709,4.14068e+06,45.9628
2440,2386,0.8463,0.414281,332709,4.14068e+06,45.9533
5266,5202,0.846246,0.469582,332668,4.1412e+06,59.0655
2451,2394,0.845725,0.815537,332709,4.14068e+06,45.9687
5300,5222,0.845687,0.972304,332668,4.1412e+06,59.0707
541,474,0.845649,0.430276,7.31855e+45,4.14106e+06,7.31852e+45
2450,2391,0.845438,0.403218,332709,4.14068e+06,45.9607
5299,5172,0.845422,0.977494,332668,4.1412e+06,59.0643
523,467,0.845217,0.928628,332677,4.14106e+06,59.3737
1257,1197,0.845152,0.506039,332642,4.1409e+06,48.7442
1276,1214,0.84478,0.999034,7.42293e+45,4.1409e+06,48.7283
5263,5212,0.844683,0.988923,332668,4.1412e+06,59.081
5288,5224,0.844578,0.993063,332668,4.1412e+06,59.0852
5236,5171,0.844498,0.901052,332668,4.1412e+06,59.0754
5279,5224,0.844498,0.993019,332668,4.1412e+06,59.0772
521,443,0.844444,0.930346,332677,4.14106e+06,100.522
2474,2409,0.844278,0.820926,332709,4.14068e+06,45.9592
1260,1208,0.844262,0.425671,332642,4.1409e+06,48.7409
5267,5191,0.844125,0.472735,332668,4.1412e+06,59.0777
2152,2095,0.844118,0.61709,332651,4.1409e+06,48.1926
5277,5171,0.844048,0.784543,332668,4.1412e+06,59.0754
5301,5171,0.843972,0.998999,332668,4.1412e+06,59.0721
524,473,0.843911,0.93209,332722,4.14106e+06,59.3493
2154,2079,0.843888,0.886518,332651,7.94171e+45,48.1656
2486,2428,0.84375,0.970573,332713,4.14072e+06,45.957
539,467,0.843548,0.856564,332681,4.1411e+06,55.7768
5304,5235,0.843529,0.984207,332668,4.1412e+06,59.1173
5296,5175,0.843489,0.757222,332668,4.1412e+06,59.1077
533,469,0.843434,0.887786,332677,4.14106e+06,59.3437
1283,1206,0.843407,0.432243,332642,4.1409e+06,48.7104
2443,2385,0.843284,0.977383,332709,4.14068e+06,45.9408
2521,2470,0.843066,0.999144,332709,4.14068e+06,45.9536
2467,2394,0.842697,0.814184,332709,4.14068e+06,90.7755
2462,2391,0.842697,0.826578,332709,4.14068e+06,45.9535
5283,5171,0.842604,0.537683,332668,4.1412e+06,59.061
496,443,0.842444,0.930027,332681,4.1411e+06,55.7554
1656,393,0.842424,0.990555,332685,4.14119e+06,59.0591
2495,2443,0.842301,0.949443,332713,4.14072e+06,45.9543
3514,3459,0.842199,0.877731,333007,4.14096e+06,44.3087
2151,2079,0.842105,0.776308,332651,4.1409e+06,7.95855e+45
3513,3458,0.842014,0.977976,333007,4.14096e+06,44.3158
2466,2391,0.841621,0.33064,332709,4.14068e+06,49.5694
5287,5193,0.841346,0.596314,332668,4.1412e+06,59.0821
2156,2079,0.841339,0.710533,332651,4.1409e+06,48.1767
2511,2455,0.841241,0.999374,332709,4.14068e+06,90.9211
5256,5186,0.841044,0.559208,332668,4.1412e+06,59.065
2514,2446,0.840951,0.970397,332754,4.14068e+06,49.5898
1231,1175,0.840941,0.793882,332642,4.1409e+06,48.723
499,442,0.840722,0.966592,332678,4.14106e+06,100.591
1258,1191,0.84072,0.95279,332642,4.1409e+06,48.7745
514,463,0.84058,0.667755,332722,4.14106e+06,55.7519
505,452,0.84051,0.713913,332681,4.1411e+06,55.7408
5290,5237,0.840144,0.509192,332668,4.1412e+06,59.0714
5251,5175,0.840095,0.94095,332668,4.1412e+06,59.0953
493,442,0.840065,0.773852,332722,4.14106e+06,59.3274
5249,5179,0.840047,0.997547,332668,4.1412e+06,59.0728
516,451,0.839937,0.825827,332678,4.14106e+06,55.7468
2105,2054,0.83965,0.995928,332651,4.1409e+06,48.1948
537,465,0.839607,0.825048,332722,4.14106e+06,59.2948
2444,2388,0.839252,0.365354,332709,4.14068e+06,45.9685
807,756,0.838843,0.832061,332291,4.14125e+06,47.5174
5270,5187,0.838671,0.998366,332668,4.1412e+06,59.0554
2170,2092,0.838235,0.910266,332651,7.95671e+45,48.1854
1246,1178,0.838095,0.956618,332642,4.1409e+06,48.7827
2163,2104,0.837997,0.944738,332651,4.1409e+06,7.99626e+45
2127,2062,0.837798,0.976405,332651,4.1409e+06,48.1822
159,99,0.837719,0.879422,332480,4.14088e+06,44.1718
5252,5193,0.837709,0.600753,332668,4.1412e+06,59.0902
1279,1213,0.837653,0.954772,332642,4.1409e+06,48.7019
1624,1566,0.837642,0.570788,332685,4.14122e+06,60.2393
5309,5200,0.837576,0.962631,332668,4.1412e+06,59.0509
1274,1214,0.837466,0.957522,332642,4.1409e+06,7.42506e+45
1628,1576,0.837356,0.505169,332685,4.14122e+06,60.2155
5272,5168,0.837292,0.986476,332668,4.1412e+06,59.0497
5307,5184,0.837292,0.975634,332668,4.1412e+06,59.078
2141,2088,0.837139,0.487277,332651,4.1409e+06,48.2299
2439,2385,0.837079,0.98323,332709,4.14068e+06,45.9555
511,445,0.837061,0.931397,332678,4.1411e+06,59.3561
1674,413,0.837037,0.551468,332679,4.14111e+06,56.4942
2135,2059,0.837004,0.86272,332651,4.1409e+06,48.238
5282,5208,0.836957,0.993579,332668,4.1412e+06,59.0826
5265,5179,0.836879,0.372306,332668,4.1412e+06,59.053
2025,1159,0.836735,0.916063,332674,4.1409e+06,53.2274
1617,1566,0.836629,0.437176,332685,4.14123e+06,95.7613
2108,2056,0.836553,0.836112,332651,4.1409e+06,48.1856
1228,1171,0.836538,0.996882,332642,4.1409e+06,48.7513
5260,5203,0.836493,0.521233,332668,4.1412e+06,59.0347
5294,5184,0.836342,0.376425,332668,4.1412e+06,59.0768
2503,2447,0.836127,0.475494,332709,4.14068e+06,45.9735
1239,1175,0.836111,0.689709,332642,4.1409e+06,48.7463
5303,5237,0.836105,0.509027,332668,4.1412e+06,59.0882
5275,5184,0.835947,0.401092,332668,4.1412e+06,59.0979
1629,1565,0.835897,0.998353,332685,4.14122e+06,60.2752
1250,1191,0.835883,0.95351,332642,4.1409e+06,48.7672
1233,1178,0.835883,0.989627,332642,4.1409e+06,48.7565
2448,2394,0.835821,0.315136,332709,4.14068e+06,45.967
5250,5184,0.835749,0.97295,332668,4.1412e+06,59.1083
1251,1196,0.835655,0.501526,332642,4.1409e+06,48.7605
140,87,0.835648,0.925627,9.95486e+45,1.18375e+37,1.18233e+06
5240,5171,0.835534,0.999169,332668,4.1412e+06,59.063
2449,2384,0.835443,0.357002,332709,4.14068e+06,45.9726
1270,1218,0.835374,0.996532,332642,4.1409e+06,7.44221e+45
2445,2386,0.835185,0.97059,332709,4.14068e+06,45.9581
1264,1202,0.835165,0.997407,332642,4.1409e+06,48.7669
3848,621,0.835118,0.832411,332537,4.14091e+06,48.3376
1275,1220,0.834938,0.996238,332642,4.1409e+06,48.7447
5305,5201,0.834928,0.992395,332668,4.1412e+06,59.0731
1638,1585,0.834872,0.345286,332685,4.14122e+06,60.3111
2143,2077,0.834821,0.996015,332651,4.1409e+06,48.2192
2165,2109,0.834553,0.968436,7.99868e+45,4.1409e+06,48.2025
5314,5222,0.834541,0.805164,332668,4.1412e+06,59.1185
2111,2054,0.834311,0.969869,332651,4.1409e+06,48.2041
2472,2402,0.834264,0.497888,332713,4.14072e+06,45.984
1259,1208,0.834254,0.432331,332642,4.1409e+06,48.734
5237,5167,0.834129,0.49377,332668,4.1412e+06,59.0781
2488,2424,0.833638,0.99711,332709,4.14068e+06,49.541
5257,5166,0.833135,0.978825,332668,4.1412e+06,59.0804
2505,2438,0.833031,0.998217,332754,4.14068e+06,45.98
2516,2459,0.833024,0.999051,332713,4.14072e+06,45.9836
3098,1370,0.83301,0.612721,332986,4.14101e+06,48.3633
5269,5167,0.832933,0.547572,332668,4.1412e+06,59.0627
2138,2055,0.832836,0.514135,332651,4.1409e+06,48.1622
1266,1206,0.832647,0.432531,332642,4.1409e+06,48.7475
2453,2402,0.832413,0.516135,332709,4.14068e+06,45.9915
5255,5186,0.832313,0.940964,332668,4.1412e+06,59.0706
5273,5172,0.832151,0.99684,332668,4.1412e+06,59.0807
1630,1579,0.831766,0.996204,332685,4.14122e+06,60.2735
2171,2093,0.831595,0.900563,332651,4.1409e+06,7.99963e+45
508,448,0.831479,0.475848,332722,4.14106e+06,100.487
1634,1580,0.831426,0.998693,332685,4.14122e+06,60.2551
3428,3067,0.831418,0.469926,333036,4.14091e+06,46.0315
2173,2070,0.831378,0.968735,7.94969e+45,4.1409e+06,48.1982
2118,2058,0.831169,0.91254,332651,4.1409e+06,48.1949
530,473,0.831126,0.90308,332678,4.14106e+06,100.609
1284,1192,0.831044,0.574791,7.43557e+45,4.1409e+06,48.7642
2148,2061,0.830657,0.909781,332651,4.1409e+06,48.2288
1262,1208,0.830417,0.821837,332642,4.1409e+06,48.7533
1635,1564,0.830403,0.450488,332685,4.14122e+06,60.2637
3412,3056,0.830375,0.899805,333078,4.14091e+06,80.0666
531,454,0.830313,0.997158,332681,4.1411e+06,55.7327
1249,1180,0.830189,0.893061,332642,4.1409e+06,48.7406
2134,2061,0.830133,0.947763,332651,4.1409e+06,48.1999
5247,5189,0.83012,0.985453,332668,4.1412e+06,59.0687
532,459,0.830033,0.995509,332677,4.14106e+06,55.7545
5295,5232,0.829988,0.461316,332668,4.1412e+06,59.0657
2029,1164,0.829907,0.9473,332637,4.1409e+06,49.2294
1640,1569,0.829897,0.609876,332685,4.14122e+06,60.2642
5286,5175,0.829736,0.873251,332668,4.1412e+06,59.0854
5226,5172,0.829736,0.972909,332668,4.1412e+06,59.0454
2153,2098,0.829694,0.425362,7.9768e+45,4.1409e+06,48.2052
2476,2421,0.82967,0.971096,332709,4.14068e+06,90.8487
5264,5200,0.829559,0.978088,332668,4.1412e+06,59.061
5297,5231,0.829532,0.993488,332668,4.1412e+06,59.1006
5231,5171,0.829327,0.99419,332668,4.1412e+06,59.08
534,458,0.829268,0.41713,332678,4.14106e+06,100.492
522,459,0.829225,0.965344,332677,4.14106e+06,55.8034
5222,5167,0.829091,0.918931,332668,4.1412e+06,59.0898
5238,5187,0.829009,0.998595,332668,4.1412e+06,59.0504
1252,1197,0.828816,0.516807,332642,4.1409e+06,48.7662
1651,388,0.828804,0.572688,332686,4.14121e+06,59.0839
2492,2412,0.82878,0.36206,332754,4.14068e+06,49.5755
1902,5,0.828685,0.86883,332456,4.14064e+06,45.7652
5233,5172,0.828605,0.399371,332668,4.1412e+06,59.0547
2129,2062,0.828239,0.582712,332651,4.1409e+06,48.1974
1273,1183,0.827913,0.751801,332642,7.47564e+45,48.7285
1268,1208,0.827869,0.402122,332642,4.1409e+06,48.7579
1269,1212,0.827824,0.997004,332642,7.44567e+45,48.7849
526,471,0.827815,0.474246,332678,4.14106e+06,55.7461
5242,5184,0.827711,0.97969,332668,4.1412e+06,59.0948
2690,2635,0.827676,0.70288,332720,4.14052e+06,49.6929
2463,2405,0.827586,0.999485,332709,4.14068e+06,45.9869
2458,2386,0.827586,0.968767,332709,4.14068e+06,45.9644
2436,2385,0.827458,0.272726,332709,4.14068e+06,45.9363
1282,1227,0.827397,0.815151,332642,4.1409e+06,7.40298e+45
2115,2054,0.827338,0.973217,332651,4.1409e+06,48.1769
1280,1183,0.82716,0.609513,7.4612e+45,4.1409e+06,48.7466
2147,2081,0.827124,0.867448,332651,4.1409e+06,7.94654e+45
5253,5192,0.826969,0.989121,332668,4.1412e+06,59.0544
1237,1173,0.826923,0.997526,332642,4.1409e+06,48.7649
1243,1183,0.826923,0.57553,332642,4.1409e+06,48.6989
5230,5179,0.826877,0.958675,332668,4.1412e+06,59.0635
2150,2098,0.826783,0.475401,332651,7.95027e+45,48.1898
1256,1192,0.826783,0.54738,332642,4.1409e+06,48.7991
2116,2065,0.826725,0.999752,332651,4.1409e+06,48.2224
1242,1173,0.826685,0.950935,332642,4.1409e+06,48.7344
2172,2062,0.826531,0.977731,332651,4.1409e+06,48.2018
3849,623,0.826374,0.679467,332534,4.14095e+06,47.8854
2109,2054,0.826339,0.97016,332651,4.1409e+06,48.2023
2161,2086,0.826087,0.926377,7.9581e+45,4.1409e+06,48.1794
1253,1201,0.826023,0.544012,332642,4.1409e+06,48.8069
3091,1363,0.825986,0.352467,333035,4.14094e+06,50.3587
1626,1566,0.825907,0.437454,332685,4.14122e+06,60.2902
5246,5189,0.825359,0.981806,332668,4.1412e+06,59.062
2100,2048,0.825257,0.870652,332651,4.1409e+06,48.1704
5235,5179,0.824852,0.99813,332668,4.1412e+06,59.0937
2146,2083,0.824405,0.421359,332651,4.1409e+06,48.2165
2137,2061,0.824383,0.947874,332651,4.1409e+06,48.2156
2167,2100,0.824383,0.529207,332651,4.1409e+06,7.96837e+45
2666,2614,0.824343,0.998179,332671,4.14052e+06,49.5651
2437,2386,0.824197,0.461676,332709,4.14068e+06,45.9522
5284,5193,0.824163,0.607354,332668,4.1412e+06,59.0837
5274,5193,0.824163,0.583596,332668,4.1412e+06,59.1044
2136,2070,0.823954,0.953592,332651,4.1409e+06,48.2132
5281,5179,0.823815,0.992877,332668,4.1412e+06,59.0683
2164,2077,0.823699,0.574282,332651,4.1409e+06,48.196
1632,1565,0.823529,0.889733,332685,4.14122e+06,60.2761
2158,2087,0.823444,0.968756,332651,7.96343e+45,48.194
2126,2054,0.823022,0.969785,332651,4.1409e+06,48.1962
2112,2056,0.823009,0.471565,332651,4.1409e+06,48.2049
1240,1180,0.822873,0.893479,332642,4.1409e+06,48.7427
5311,5258,0.822678,0.909037,332668,4.1412e+06,59.0781
1277,1192,0.822314,0.546796,332642,7.42966e+45,48.7331
5262,5204,0.822002,0.996784,332668,4.1412e+06,59.0669
1263,1208,0.821429,0.510694,332642,4.1409e+06,48.7488
5278,5223,0.821429,0.993361,332668,4.1412e+06,59.0538
5248,5183,0.821256,0.976857,332668,4.1412e+06,59.0956
1627,1566,0.821206,0.441603,332685,4.14122e+06,60.2804
2149,2083,0.820961,0.866802,7.96052e+45,4.1409e+06,48.1992
5258,5170,0.820665,0.992318,332668,4.1412e+06,59.0714
5223,5172,0.820452,0.977693,332668,4.1412e+06,59.0693
2227,1337,0.820423,0.775357,332894,4.14091e+06,43.9499
5241,5189,0.820359,0.98433,332668,4.1412e+06,59.0886
1235,1180,0.819918,0.932749,332642,4.1409e+06,48.7287
1619,1564,0.819895,0.57052,332720,4.14122e+06,63.1265
1238,1186,0.819539,0.702811,332642,4.1409e+06,48.7317
5229,5171,0.819477,0.837601,332668,4.1412e+06,59.0975
3398,3048,0.819343,0.76863,333124,4.14094e+06,48.6672
5224,5166,0.819149,0.996581,332668,4.1412e+06,59.0746
5239,5172,0.819059,0.987667,332668,4.1412e+06,59.0576
5302,5227,0.818841,0.996741,332668,4.1412e+06,59.058
1271,1188,0.818681,0.952705,332642,4.1409e+06,48.7254
2447,2386,0.818349,0.9677,332709,4.14068e+06,45.9682
2133,2054,0.818047,0.994019,332651,4.1409e+06,48.1985
1545,366,0.817661,0.850476,332683,5.44208e+45,61.1977
1234,1177,0.817427,0.446841,332642,4.1409e+06,48.7693
5261,5202,0.817412,0.45277,332668,4.1412e+06,59.0874
1621,1570,0.817061,0.972191,332685,4.14122e+06,60.265
2159,2101,0.816739,0.921016,332651,4.1409e+06,7.93508e+45
1226,1172,0.816576,0.924886,332642,4.1409e+06,48.758
1281,1230,0.816298,0.730264,332642,7.43933e+45,48.778
2117,2057,0.815789,0.96838,332651,4.1409e+06,48.2
3550,3459,0.815652,0.601267,333003,4.14091e+06,44.3049
5220,5167,0.815629,0.901703,332668,4.1412e+06,59.0521
5225,5172,0.81544,0.499191,332668,4.1412e+06,59.0813
5276,5187,0.815348,0.960817,332668,4.1412e+06,59.0618
1248,1182,0.815217,0.711959,332642,4.1409e+06,48.7481
2169,2097,0.815138,0.811084,8.03479e+45,4.1409e+06,48.1799
4084,1046,0.815126,0.41753,332003,4.14093e+06,88.9582
1639,1579,0.8147,0.713584,332685,4.14122e+06,60.3001
2110,2055,0.814599,0.514091,332651,4.1409e+06,48.1626
5228,5171,0.814421,0.999448,332668,4.1412e+06,59.0778
5310,5223,0.814408,0.658304,332668,4.1412e+06,59.0855
2468,2414,0.814338,0.998196,332709,4.14068e+06,45.9635
1272,1221,0.814305,0.536235,7.32272e+45,4.1409e+06,48.7624
2106,2053,0.813988,0.965951,332651,4.1409e+06,48.1793
2160,2059,0.813953,0.933182,332651,4.1409e+06,48.2088
1278,1225,0.813859,0.765949,332642,4.1409e+06,7.40682e+45
1255,1192,0.813822,0.545826,332642,4.1409e+06,48.7936
2142,2077,0.813772,0.727974,332651,4.1409e+06,48.2253
5227,5171,0.813539,0.998234,332668,4.1412e+06,59.0525
1254,1177,0.812849,0.956987,332642,4.1409e+06,48.8051
2139,2081,0.812594,0.866625,332651,4.1409e+06,48.1886
1224,1173,0.8125,0.740815,332642,4.1409e+06,48.7408
824,770,0.8125,0.88569,4.47148e+06,4.14125e+06,9.61228e+45
2144,2089,0.81213,0.953817,332651,4.1409e+06,48.1988
2027,1159,0.81203,0.920065,332632,4.1409e+06,49.6616
2119,2068,0.811867,0.884197,332651,4.1409e+06,48.1745
2168,2067,0.811404,0.577274,332651,4.1409e+06,48.2105
1637,1574,0.81134,0.990388,332685,4.14122e+06,60.264
2162,2109,0.811321,0.946945,332651,7.97679e+45,48.2404
5306,5175,0.811005,0.911771,332668,4.1412e+06,59.0764
2124,2063,0.810811,0.911042,332651,4.1409e+06,48.2206
2457,2385,0.810662,0.926341,332709,4.14068e+06,45.9357
2197,1310,0.810398,0.824259,332732,4.14091e+06,45.7351
2125,2061,0.810089,0.915315,332651,4.1409e+06,48.2126
2103,2048,0.809942,0.600424,332651,4.1409e+06,48.1478
5271,5179,0.809809,0.89289,332668,4.1412e+06,59.0683
1230,1172,0.809392,0.925098,332642,4.1409e+06,48.7561
5312,5260,0.809291,0.953891,332668,4.1412e+06,59.0709
2121,2066,0.808973,0.953308,332651,4.1409e+06,48.1793
2140,2056,0.808199,0.876737,332651,4.1409e+06,48.2139
2166,2096,0.808036,0.921002,332651,7.97819e+45,48.2106
1241,1178,0.808011,0.993214,332642,4.1409e+06,48.7551
168,100,0.807692,0.726908,332418,4.14088e+06,44.2202
4082,1044,0.807631,0.874417,331996,4.14092e+06,51.2882
172,84,0.806789,0.647226,332418,4.14088e+06,44.2307
2132,2074,0.806167,0.514345,332651,4.1409e+06,48.1666
1244,1177,0.805825,0.9557,332642,4.1409e+06,48.8079
1631,1576,0.804979,0.952622,332685,4.14122e+06,60.2546
1236,1175,0.804378,0.744422,332642,4.1409e+06,48.7435
1222,1171,0.804138,0.996502,332642,4.1409e+06,48.7628
5218,5166,0.803593,0.929562,332668,4.1412e+06,59.0678
1616,1563,0.803553,0.995438,332720,4.14122e+06,63.112
2128,2062,0.802878,0.624013,332651,4.1409e+06,48.209
2024,1158,0.802218,0.71881,332633,4.14094e+06,49.8068
1925,36,0.801498,0.637094,332449,4.14077e+06,44.1525
2123,2063,0.801449,0.995561,332651,4.1409e+06,48.2263
1261,1200,0.801361,0.956752,332642,4.1409e+06,48.7237
1553,376,0.801156,0.798354,332684,4.14123e+06,95.8462
142,91,0.800885,0.847536,1.47089e+06,1.00848e+46,1.19902e+37
2113,2055,0.800289,0.476297,332651,4.1409e+06,48.1855
503,444,0.8,0.929782,332678,4.14106e+06,55.7587
139,87,0.799555,0.621997,1.25586e+06,1.00883e+46,1.19761e+37
682,201,0.798828,0.41288,5.94828e+45,4.14101e+06,5.94833e+45
1657,395,0.798771,0.412329,332685,4.14118e+06,59.37
2120,2061,0.797688,0.761745,332651,4.1409e+06,48.216
1225,1171,0.796982,0.956833,332642,4.1409e+06,48.7568
5438,3685,0.796875,0.725919,332867,4.14095e+06,50.0607
2015,1152,0.796085,0.890677,332613,4.1409e+06,50.8839
2157,2099,0.795888,0.520203,7.97134e+45,4.1409e+06,48.1757
2101,2048,0.795683,0.59328,332651,4.1409e+06,48.1529
1623,1566,0.795243,0.441632,332685,4.14122e+06,60.2589
2190,1304,0.794286,0.98171,332696,4.1409e+06,45.6085
5244,5167,0.79422,0.396391,332668,4.1412e+06,59.1727
1229,1172,0.793758,0.887846,332642,4.1409e+06,48.7788
1267,1194,0.793758,0.954709,332642,4.1409e+06,48.7616
1989,1134,0.793548,0.479765,332541,4.14091e+06,48.8144
2699,2638,0.792969,0.99848,332671,4.14052e+06,97.9354
2002,1142,0.792176,0.729188,332579,4.1409e+06,53.4461
1682,422,0.791583,0.8427,332676,4.14108e+06,58.013
2122,2060,0.791001,0.686168,332651,4.1409e+06,48.2468
1690,433,0.790598,0.482232,332677,4.14107e+06,56.5045
1910,15,0.790323,0.832754,332455,4.14068e+06,45.6269
2130,2053,0.788937,0.479813,332651,4.1409e+06,48.1742
5298,5232,0.788392,0.99683,332668,4.1412e+06,59.0624
2131,2058,0.788321,0.947365,332651,4.1409e+06,48.1985
2104,2049,0.788235,0.94529,332651,4.1409e+06,48.1715
2003,1144,0.788104,0.755551,332584,4.1409e+06,53.4537
1683,423,0.787629,0.846249,332676,4.14108e+06,58.035
2099,2048,0.787265,0.564953,332651,4.1409e+06,48.1469
2107,2056,0.786337,0.497272,332651,4.1409e+06,48.2131
2032,1167,0.784762,0.929285,332641,4.1409e+06,48.9569
169,107,0.784648,0.761435,332418,4.14088e+06,44.1886
1664,402,0.781193,0.924878,332682,4.14115e+06,59.1315
2023,1157,0.780952,0.899723,332628,4.14091e+06,92.0046
4767,4491,0.780374,0.977763,331954,4.14144e+06,50.8439
1265,1193,0.779754,0.523593,332642,4.1409e+06,48.7183
2016,1151,0.77913,0.493474,332612,4.1409e+06,50.858
5293,5235,0.777397,0.95678,332668,4.1412e+06,59.2157
2527,2469,0.777351,0.969308,332754,4.14068e+06,45.9435
829,774,0.777283,0.395203,332291,4.14125e+06,4.8235e+06
2174,2115,0.776772,0.812716,332651,7.96383e+45,48.2175
1625,1568,0.776639,0.291517,332685,4.14122e+06,60.2606
1993,1137,0.775591,0.601988,332555,4.14091e+06,49.1341
2114,2055,0.774709,0.920121,332651,4.1409e+06,48.16
3852,624,0.77425,0.701861,332523,4.14091e+06,47.9238
1686,427,0.773364,0.831189,332676,6.14155e+45,57.5914
1285,1213,0.773109,0.722515,332642,7.44949e+45,48.7389
542,445,0.771084,0.52021,332677,7.31183e+45,55.7691
2464,2405,0.768959,0.965155,332713,4.14072e+06,45.9965
2715,2664,0.765873,0.998502,332719,4.14052e+06,53.514
4864,940,0.7625,0.394633,331814,4.14124e+06,54.4009
173,92,0.761644,0.848897,332418,4.14089e+06,44.2157
2438,2383,0.758684,0.823693,332709,4.14068e+06,45.9792
4050,1011,0.751181,0.713687,331913,4.14104e+06,52.689
2028,597,0.750476,0.722702,332635,4.14091e+06,49.7814
1221,1170,0.750345,0.978887,332642,4.1409e+06,48.7631
4772,4497,0.75,0.407371,331972,4.14143e+06,50.4171
4831,903,0.748052,0.863962,332009,4.1413e+06,49.6206
171,83,0.745192,0.840687,332418,4.14088e+06,44.2243
2215,1327,0.74359,0.690033,332831,4.14091e+06,47.0598
5221,5166,0.742927,0.988388,332668,4.1412e+06,59.0419
4085,1047,0.737896,0.940794,331973,4.14096e+06,51.8537
1908,13,0.735974,0.758101,332455,4.14067e+06,45.529
2038,1289,0.734918,0.93226,332646,4.1409e+06,48.7225
1667,406,0.734818,0.927806,332680,4.14114e+06,57.9241
706,221,0.733634,0.424502,332343,6.82093e+45,48.7557
2036,1288,0.731752,0.893995,332644,4.1409e+06,48.7133
1670,409,0.731656,0.862109,332680,4.14112e+06,57.2332
834,756,0.73102,0.75608,332291,1.15682e+37,47.4856
138,86,0.729306,0.872225,1.20248e+37,5.04623e+06,1.01288e+46
2185,1299,0.728448,0.786001,332672,4.1409e+06,46.7773
498,444,0.727127,0.926802,332678,4.14106e+06,100.652
1649,385,0.726573,0.452813,332686,4.14121e+06,59.4003
2040,1291,0.726148,0.551586,332648,4.1409e+06,48.514
1622,1564,0.725673,0.437832,332685,4.14122e+06,60.2702
5219,5167,0.722488,0.915078,332668,4.1412e+06,59.0713
3846,620,0.716702,0.919993,332580,4.14091e+06,51.7805
2177,1294,0.714829,0.760863,8.07574e+45,4.1409e+06,48.3091
3421,3060,0.714734,0.738973,333059,4.14091e+06,47.672
1996,1139,0.714286,0.769502,332565,4.14091e+06,50.0095
838,773,0.711443,0.583135,332290,4.14125e+06,47.4648
1762,1301,0.710843,0.459158,332676,4.1409e+06,46.9597
810,759,0.710692,0.962587,332291,4.14125e+06,5.75201e+07
680,203,0.708812,0.531945,6.17197e+45,4.14101e+06,6.17211e+45
2175,2109,0.706169,0.896592,332651,4.1409e+06,8.02928e+45
2528,2459,0.706131,0.645837,332709,4.14068e+06,45.9603
2035,1288,0.705667,0.936834,332644,4.1409e+06,48.7304
4964,865,0.703196,0.404876,332207,4.14128e+06,47.6875
2022,1157,0.702555,0.609899,332669,4.1409e+06,53.3162
2019,1155,0.700544,0.851938,332622,4.1409e+06,50.0864
2014,1149,0.700311,0.916814,332606,4.1409e+06,51.7728
1223,1171,0.697772,0.997162,332642,4.1409e+06,48.7451
3512,3460,0.694885,0.618096,333003,4.14091e+06,44.3133
1979,1126,0.694555,0.490277,332504,4.14091e+06,52.0792
1668,407,0.693416,0.501139,332680,4.14113e+06,57.5617
5315,5201,0.691158,0.971535,332668,4.1412e+06,59.1124
1997,1139,0.689911,0.895291,332566,4.14091e+06,50.4985
1994,1137,0.68985,0.522706,332557,4.14091e+06,49.2016
2034,1165,0.688889,0.592295,332687,4.1409e+06,52.7007
1693,434,0.688091,0.857953,332677,4.14106e+06,56.2731
2030,1163,0.685874,0.400619,332637,4.1409e+06,49.1988
2037,1288,0.685152,0.944138,332645,4.1409e+06,48.7339
2717,2603,0.684421,0.723733,332675,4.14057e+06,49.5606
2529,2436,0.680653,0.263156,332709,4.14068e+06,90.825
1544,363,0.678984,0.863268,5.50415e+45,4.14124e+06,61.2238
2033,1248,0.677643,0.780102,332646,4.14095e+06,48.8534
686,204,0.676275,0.854159,6.7366e+45,4.14102e+06,6.73643e+45
1700,516,0.675182,0.800605,332678,4.14106e+06,55.7581
543,454,0.672761,0.634359,7.35019e+45,4.14106e+06,7.34936e+45
1141,613,0.67268,0.556384,332573,4.14091e+06,52.6681
1995,1138,0.670932,0.854073,332561,4.14091e+06,49.2657
1694,437,0.670433,0.636477,332677,4.14106e+06,6.96866e+45
1698,437,0.669145,0.826894,332678,4.14106e+06,55.8598
2020,1155,0.668449,0.833185,332623,4.14091e+06,92.0576
546,488,0.667411,0.744469,332678,7.37446e+45,55.7038
1699,527,0.665448,0.900977,332678,4.14106e+06,55.7751
4782,4509,0.662461,0.369918,332006,4.14141e+06,49.9665
839,752,0.660668,0.722433,332290,4.14125e+06,3.32569e+07
545,466,0.659574,0.638242,7.37015e+45,4.14106e+06,7.37013e+45
544,458,0.658586,0.772713,332678,7.33446e+45,55.686
2013,1150,0.656203,0.653861,332607,4.1409e+06,51.5535
2031,1276,0.653775,0.901706,332641,4.1409e+06,48.9079
3870,661,0.652068,0.525654,332418,4.14092e+06,46.3931
5234,5167,0.651967,0.53153,332668,4.1412e+06,59.0804
1703,544,0.651489,0.848463,7.38555e+45,4.14106e+06,55.6755
1655,393,0.650725,0.959355,332685,4.14119e+06,58.9467
2270,1792,0.649606,0,332817,4.14075e+06,43.18
2176,2112,0.649329,0.458322,332652,4.1409e+06,48.2177
2039,1291,0.644182,0.428552,332647,4.1409e+06,48.6044
1991,1136,0.644068,0.522179,332550,4.14091e+06,49.019
1921,27,0.641447,0.775432,332451,4.14074e+06,44.124
1706,546,0.640809,0.842883,332678,4.14105e+06,55.6519
1704,546,0.639085,0.818138,332678,4.14106e+06,55.6768
3128,1397,0.632812,0.913489,332988,4.14113e+06,51.4968
1134,620,0.63278,0.413699,332542,4.14091e+06,48.7619
1677,416,0.631929,0.588688,332679,4.1411e+06,57.0328
3840,617,0.627486,0.690077,332558,4.14091e+06,49.7078
1961,1117,0.625,0.455794,332449,4.14091e+06,48.552
871,60,0.623188,0,332298,4.14108e+06,3.96006e+06
713,226,0.615538,0.899295,332332,4.14115e+06,49.9088
2716,2617,0.615385,0.690153,332671,4.14052e+06,49.6076
1559,380,0.614815,0.901382,332684,4.14123e+06,95.0446
1104,598,0.613718,0,332519,4.14091e+06,48.1087
5046,279,0.607038,0.856285,332380,4.14128e+06,51.4077
4965,868,0.604444,0.454312,332198,4.14129e+06,47.7996
3882,1105,0.602996,0.576059,332350,4.14091e+06,44.6606
1900,2,0.602888,0.399389,332456,4.14062e+06,45.8858
1701,517,0.59965,0.570523,332678,4.14106e+06,7.30906e+45
2719,2632,0.597458,0.732145,332675,4.14057e+06,49.6365
2532,2450,0.596401,0.516214,332707,4.14068e+06,49.4663
1286,1179,0.596096,0.721275,332642,4.1409e+06,7.43605e+45
4079,1040,0.59596,0.96876,331949,4.14096e+06,50.3004
1618,1565,0.593717,0.427283,332688,4.14126e+06,60.2554
5435,3688,0.593583,0.621735,332866,4.14096e+06,50.8383
1561,379,0.593326,0.640445,332720,4.14122e+06,63.1611
1666,405,0.592955,0.904715,332680,4.14114e+06,58.4254
2017,1153,0.592322,0.974867,332617,4.1409e+06,50.4222
826,773,0.591304,0.923306,332291,4.14125e+06,47.4771
2041,1291,0.589577,0.407744,332648,4.1409e+06,48.5459
1159,599,0.588235,0.800662,332629,4.14091e+06,50.2639
1641,1588,0.578782,0.434095,332685,4.14122e+06,60.2612
170,89,0.578125,0.388214,332418,4.14088e+06,44.2003
4049,1009,0.576728,0.92357,331907,4.14102e+06,86.9746
2272,594,0.574627,0,332776,4.14086e+06,46.6335
1983,1130,0.574106,0.728368,332521,4.14091e+06,49.7015
1748,566,0.573494,0.59792,332675,4.14098e+06,50.8863
1702,545,0.573427,0.774384,332678,7.39901e+45,55.6809
1579,380,0.570539,0.906943,332684,4.14123e+06,95.1692
836,780,0.567568,0.345471,332291,4.14125e+06,47.4678
4062,1027,0.565455,0.338265,331963,4.14096e+06,54.4652
3408,3054,0.563275,0.301015,333089,4.14091e+06,48.4817
5044,282,0.560606,0.579318,332385,4.14128e+06,51.6526
1899,0,0.558491,0.812977,332456,4.14062e+06,45.9839
1712,548,0.557878,0.731859,332678,7.32069e+45,55.3388
1569,380,0.554872,0.625778,332684,4.14123e+06,95.1107
2102,2049,0.553161,0.967407,332651,4.1409e+06,48.1567
2045,1292,0.549337,0.904523,332650,4.1409e+06,48.2604
3399,3046,0.547748,0.815162,333128,4.14094e+06,48.6444
1672,411,0.546569,0.503545,332680,4.14111e+06,56.8535
1708,546,0.545746,0.893532,332678,4.14105e+06,7.43472e+45
143,86,0.541935,0.874592,1.0072e+46,1.19771e+37,1.14693e+06
2435,2384,0.539179,0.558262,332709,4.14068e+06,45.9608
4838,598,0.53913,0,332319,4.14109e+06,50.3332
3864,640,0.53663,0.854555,332499,4.14092e+06,47.4333
3438,3073,0.536534,0.896748,333018,4.14095e+06,44.6046
2094,2043,0.535871,0.795169,332651,4.1409e+06,48.236
796,745,0.535032,0.589918,332292,4.14125e+06,47.4444
1136,618,0.531062,0.521315,332552,4.14091e+06,49.2089
3420,3062,0.527439,0.920193,333088,4.14091e+06,50.1523
1615,1557,0.52648,0.912405,332688,4.14126e+06,60.3199
3835,1998,0.524501,0.519132,332568,4.14091e+06,51.4087
2047,1292,0.523739,0.38756,332650,4.1409e+06,48.2776
2265,2037,0.522059,0,332774,4.14087e+06,45.9221
2092,1294,0.521994,0.469723,332653,4.1409e+06,48.2916
2434,2382,0.520221,0.818667,332709,4.14068e+06,45.9655
2087,1292,0.519062,0.750867,332650,4.1409e+06,48.2971
3887,1103,0.51506,0.385497,332324,4.14092e+06,99.2064
828,774,0.511211,0.533371,332291,4.14125e+06,47.4668
2530,2396,0.509756,0.427183,332712,4.14072e+06,45.8716
2097,1292,0.509461,0.735971,332650,4.1409e+06,48.3071
1985,1131,0.508738,0.568111,332528,4.14091e+06,48.8038
2085,1293,0.508721,0.829902,332652,4.1409e+06,48.2465
2083,1292,0.508006,0.701549,332650,4.1409e+06,48.3172
2081,1292,0.507225,0.826999,332650,4.1409e+06,48.3026
2048,1292,0.500732,0.520006,332650,4.1409e+06,48.2604
2278,1827,0.5,0,332795,4.14063e+06,49.2777
2051,1292,0.499268,0.475059,332650,4.1409e+06,48.2757
5446,3677,0.498551,0.602634,332866,4.14093e+06,47.7698
3910,1084,0.496464,0.412408,332200,4.14095e+06,51.3013
1111,752,0.496386,0,332349,4.14108e+06,46.0612
2193,1307,0.495385,0.880102,332713,4.1409e+06,45.7758
4066,1027,0.494382,0.602449,331932,4.14098e+06,50.8901
2043,1294,0.493711,0.464381,332652,4.1409e+06,48.341
3634,3565,0.490385,0.861438,333053,4.14091e+06,44.3423
1992,1137,0.486166,0.535351,332554,4.14091e+06,49.1224
4970,2988,0.486111,0,332884,4.14102e+06,44.3369
492,441,0.484502,0.708957,332722,4.14106e+06,55.7603
1697,439,0.484461,0.820653,7.17704e+45,4.14106e+06,55.8291
3396,3045,0.483636,0.465571,333165,4.14091e+06,50.9325
1158,605,0.474806,0.434951,332615,4.14091e+06,51.364
827,759,0.474388,0.861853,332291,4.14125e+06,47.4805
5433,3688,0.468702,0.756829,332866,4.14096e+06,51.3333
786,74,0.46723,0,332355,1.52304e+07,45.8201
2026,1160,0.464896,0.944213,332632,4.1409e+06,49.6487
4164,3419,0.464752,0,332648,4.141e+06,49.0422
3842,618,0.462963,0.841881,332553,4.14091e+06,86.9329
4865,944,0.462295,0.319625,331809,4.14123e+06,53.4158
2220,1327,0.46,0.542941,332845,4.14091e+06,47.3388
3401,3046,0.459725,0.658625,333122,4.14091e+06,79.8319
778,74,0.457023,0,1.0923e+07,4.14106e+06,45.8207
2981,1774,0.454106,0,332974,4.14083e+06,43.9494
3857,630,0.453469,0.525326,332500,4.14091e+06,52.5369
4947,2977,0.452941,0,332653,4.14108e+06,45.9687
692,224,0.448387,0.120069,332350,7.05287e+45,48.6087
830,774,0.447894,0.768805,332291,8.78623e+06,47.458
3520,3464,0.447038,0.97983,333053,4.14091e+06,48.3934
1542,359,0.447031,0.571638,332682,4.14124e+06,5.77185e+45
4825,3851,0.446483,0,332322,4.14107e+06,48.3756
2209,1774,0.444444,0.011973,332727,4.14086e+06,45.5456
2000,1142,0.440244,0.644552,332576,4.1409e+06,53.3533
1916,25,0.434343,0.352146,332454,4.14072e+06,44.1778
5443,3679,0.434018,0.418127,332866,4.14093e+06,48.5319
1675,413,0.433875,0.787495,332679,4.14111e+06,56.5306
1904,7,0.433692,0.927771,332456,4.14065e+06,45.5534
3394,3042,0.430584,0.674922,333148,4.14091e+06,48.0608
2090,1293,0.430267,0.776887,332651,4.1409e+06,48.2385
4919,1321,0.428152,0,332383,4.1411e+06,47.4903
4070,1032,0.426415,0.57127,331930,4.14094e+06,88.8656
2430,2379,0.424299,0.77362,332710,4.14068e+06,46.0294
4065,1026,0.421533,0.32529,331932,4.14099e+06,50.9639
2004,1145,0.417969,0.628564,332587,4.1409e+06,53.1391
1227,1173,0.416781,0.815236,332642,4.1409e+06,48.7202
4946,2982,0.416021,0,332692,4.14107e+06,46.0639
210,4,0.41194,0,332410,4.14084e+06,46.4323
3861,635,0.409506,0.430683,332484,4.14095e+06,48.2698
220,37,0.409091,0,332382,4.14099e+06,46.959
1984,1130,0.406015,0.858604,332523,4.14091e+06,49.303
1687,427,0.402985,0.556924,6.16651e+45,4.14107e+06,57.4147
4914,4837,0.402332,0.584968,331974,4.14128e+06,50.1049
2557,896,0.402062,0,332380,4.14095e+06,98.0881
4756,4477,0.399061,0.58921,331906,4.14148e+06,50.7141
4945,2990,0.398417,0,332741,4.14107e+06,46.2243
1549,371,0.393865,0.59427,332683,4.14123e+06,60.6922
1644,385,0.392327,0.707345,332685,4.14122e+06,59.8549
60,1,0.392097,0,332442,4.14073e+06,45.171
2273,1688,0.391144,0,332784,4.14096e+06,51.718
2067,1293,0.387464,0.854263,332651,4.1409e+06,48.2364
5034,267,0.384868,0.874204,332331,4.14128e+06,49.0358
1738,555,0.383513,0.820715,332678,4.14103e+06,53.5182
689,206,0.383333,0.778267,7.18748e+45,4.14103e+06,7.18749e+45
1114,655,0.382212,0.44378,332426,4.14092e+06,46.0869
1287,1169,0.380417,0.898256,332643,4.1409e+06,48.7428
2018,1155,0.375671,0.818117,332621,4.1409e+06,50.1198
4057,1016,0.375618,0.847755,331921,4.14098e+06,52.2469
4966,2583,0.373206,0,332500,4.14082e+06,48.2277
1745,563,0.369803,0.923799,332675,4.141e+06,52.2099
2184,1299,0.369469,0.523241,332670,4.1409e+06,46.8753
2212,1324,0.369369,0.752621,332814,4.14091e+06,45.128
5316,5207,0.367609,0.85485,332668,4.1412e+06,59.1253
3301,414,0.365169,0,333024,4.14112e+06,50.5953
1560,380,0.362878,0.815838,332686,4.14126e+06,60.1839
1321,70,0.362637,0,332675,4.14089e+06,49.2028
1808,1285,0.36214,0,332658,4.14077e+06,47.5816
4176,3935,0.36211,0,332152,4.14106e+06,54.4579
5397,3949,0.361775,0,332482,4.14106e+06,53.8157
2738,1081,0.359746,0,332404,4.14076e+06,51.0986
2183,1298,0.358696,0.842087,332667,4.1409e+06,47.2018
4920,3420,0.358025,0,332647,4.14105e+06,48.5029
1684,425,0.357602,0.538131,332675,4.14108e+06,58.2042
2021,1157,0.35687,0.88064,332629,4.14094e+06,49.9595
2195,1309,0.355987,0.973162,332724,4.14091e+06,45.8754
3386,3034,0.352727,0.917537,333190,4.14094e+06,45.2038
2012,604,0.351931,0.49347,332606,4.1409e+06,52.1727
2206,1129,0.351429,0,332623,4.14091e+06,48.3771
799,748,0.350731,0.519721,332292,4.14125e+06,1.28617e+07
3855,2575,0.348438,0,332583,4.14076e+06,88.8465
4867,942,0.347349,0.658137,331809,4.14123e+06,53.6909
679,203,0.343023,0.365551,332384,6.24794e+45,49.7985
1547,366,0.34296,0.777707,332683,4.14123e+06,61.0206
4504,3047,0.342342,0,332583,4.14115e+06,49.663
3304,415,0.340551,0,333047,4.14111e+06,50.9671
5047,2978,0.339888,0,332801,4.14107e+06,46.6752
110,37,0.339744,0.0665498,332432,4.14083e+06,44.1251
1907,12,0.338762,0.177739,332456,4.14067e+06,45.6726
5035,1084,0.336957,0,332249,4.14105e+06,50.5468
137,78,0.331828,0.795241,9.96064e+45,1.18241e+37,910977
4917,912,0.331307,0.536702,331977,4.14128e+06,50.0409
4830,902,0.32967,0.498631,332014,4.1413e+06,49.5804
2300,1054,0.326923,0,332463,4.14083e+06,49.2499
3400,3049,0.326715,0.552088,333116,4.14091e+06,48.4168
3645,1358,0.321942,0.377413,332981,4.14092e+06,94.7323
4962,1509,0.318182,0,332559,4.14128e+06,55.6016
5212,5158,0.317912,0.71661,332666,4.1412e+06,58.957
4793,3897,0.316832,0,332165,4.14111e+06,50.5761
1673,412,0.316425,0.611256,332679,4.14111e+06,56.6395
5434,3689,0.315708,0.75561,332866,4.14096e+06,51.2222
4795,2945,0.315574,0,332750,4.14096e+06,48.5088
1573,381,0.314433,0.840035,332688,4.14126e+06,60.2755
867,112,0.312715,0,332311,1.23739e+37,45.9762
4144,3273,0.3125,0,332787,4.14118e+06,88.2056
3885,3816,0.31203,0,332469,4.14095e+06,49.8594
3706,1143,0.305804,0,332726,4.14096e+06,88.7272
5432,3691,0.305296,0.307631,332867,4.14097e+06,52.0851
3075,615,0.305211,0,332767,4.14095e+06,48.0589
1816,869,0.303828,0,332439,4.14092e+06,47.1836
4897,2935,0.303738,0,332845,4.1408e+06,48.0128
3499,2959,0.302977,0,333185,4.14084e+06,44.127
4052,1011,0.302839,0.628171,331912,4.14101e+06,52.8424
1696,438,0.302457,0.854378,332678,7.0417e+45,55.8941
2186,1730,0.301124,0.0652922,332678,4.14098e+06,51.0256
1548,370,0.298526,0.370133,332684,4.14123e+06,60.8139
1791,1589,0.297794,0,332681,4.14105e+06,54.7248
4871,945,0.29771,0.325246,331805,4.14123e+06,51.9366
4171,3329,0.297362,0,332740,4.14108e+06,85.99
113,36,0.297357,0.0680217,332432,4.14083e+06,44.1552
1296,630,0.295688,0,332567,4.14091e+06,90.745
3881,227,0.295455,0,332387,4.14106e+06,51.7105
1555,379,0.293923,0.709505,332687,4.14126e+06,60.281
3700,3311,0.292566,0,333090,4.14108e+06,49.1218
737,142,0.292011,0,332355,7.80155e+06,45.8277
2218,1329,0.290576,0.770897,332845,4.14091e+06,48.2172
4950,607,0.289855,0,332417,4.14106e+06,51.7849
3712,3271,0.284452,0,333103,4.14115e+06,54.8714
1671,410,0.284065,0.920347,332680,4.14112e+06,56.9875
5111,2871,0.281022,0,332953,4.14074e+06,51.4647
748,101,0.278177,0,332354,4.14107e+06,45.8501
3074,1492,0.27685,0,332886,4.14111e+06,52.5754
4976,1501,0.276753,0,332602,4.14128e+06,56.1038
3656,975,0.276498,0,332340,4.14104e+06,48.7697
4959,229,0.276119,0.000586783,332278,4.14121e+06,48.9997
4937,4731,0.275785,0,331952,4.14143e+06,51.2025
2317,1026,0.275728,0,332383,4.14084e+06,48.6696
4148,2876,0.275626,0,332780,4.14071e+06,49.3676
1162,605,0.274131,0.368707,332617,4.14091e+06,51.2168
4186,1499,0.272727,0,332474,4.14128e+06,56.8268
2228,1688,0.272414,0,332767,4.141e+06,51.7944
4861,4586,0.270784,0.193995,331811,4.14128e+06,55.1291
739,112,0.270471,0,4.10396e+06,4.14107e+06,45.8089
1676,415,0.269397,0.892086,332679,4.1411e+06,56.8542
4933,3049,0.269151,0,332679,4.14107e+06,49.4341
2178,2044,0.268775,0.392593,332652,7.86837e+45,48.1883
5031,3717,0.267296,0,332666,4.14111e+06,52.5622
868,32,0.266904,0,332310,4.14105e+06,46.209
4790,1046,0.265625,0,331994,4.14113e+06,50.7494
4496,4406,0.265306,0,331849,4.14138e+06,52.6274
1774,1672,0.265193,0,332675,4.14098e+06,51.8197
2733,1468,0.264325,0,332804,4.14096e+06,95.7685
4987,2739,0.264286,0,332548,4.14079e+06,48.7146
5217,5166,0.264106,0.998342,332668,4.1412e+06,59.068
1732,550,0.263862,0.891219,332678,4.14105e+06,7.29448e+45
4913,2854,0.26257,0,332736,4.14074e+06,53.5453
3324,996,0.261324,0,332573,4.14105e+06,49.9597
2748,1074,0.260705,0,332414,4.14078e+06,51.0889
1150,606,0.259905,0.9211,332603,4.1409e+06,52.3977
2531,2452,0.25974,0.246092,332708,4.14068e+06,45.8605
1303,174,0.259446,0,332556,4.1409e+06,104.444
4177,4124,0.259341,0,332055,4.14107e+06,52.0735
2179,593,0.258517,0.66914,332651,4.14091e+06,49.0079
2213,1326,0.25779,0.442609,332823,4.14091e+06,45.8413
752,23,0.256637,0,332363,4.14101e+06,1.08969e+07
4587,4377,0.255751,0.111829,331776,4.14128e+06,54.8807
764,271,0.255319,0.150504,332320,4.14127e+06,48.6548
1572,381,0.255165,0.821984,332685,4.14123e+06,95.8414
4985,4145,0.254902,0,332121,4.14115e+06,48.7502
223,99,0.250585,0,332371,4.14103e+06,47.2375
4343,1075,0.25,0,332027,4.14101e+06,51.9464
2216,1020,0.248521,0,332275,4.14095e+06,50.2944
2275,1792,0.248299,0,332822,4.14074e+06,43.5514
3311,2958,0.247544,0,333318,4.1409e+06,44.8457
2044,1292,0.246423,0.895938,332650,4.1409e+06,48.3098
1662,401,0.246305,0.891556,332683,4.14116e+06,59.1894
1460,275,0.2443,0,332655,4.14128e+06,99.0379
4979,605,0.24031,0,332474,4.14104e+06,50.907
4934,3401,0.239919,0,332693,4.14106e+06,49.513
2807,27,0.239695,0,332748,4.14066e+06,47.0347
3336,2949,0.239669,0,333350,4.14082e+06,45.7899
4076,1517,0.238636,0,332403,4.14111e+06,58.3846
1831,1090,0.238011,0,332418,4.14074e+06,52.287
3757,1746,0.236667,0.392178,332696,4.14101e+06,52.4759
3649,3412,0.235849,0.0419869,333073,4.14091e+06,46.5545
2974,998,0.235772,0,332390,4.14097e+06,48.7452
2251,25,0.235577,0,332750,4.14081e+06,43.7141
4187,3048,0.235142,0,332668,4.14104e+06,50.5745
2978,2275,0.234211,0,333142,4.1408e+06,41.9802
3131,2027,0.232409,0,332811,4.14102e+06,50.898
5086,942,0.231449,0,332114,4.14122e+06,54.4647
2784,554,0.231278,0,332794,4.14084e+06,50.1295
4738,4178,0.231102,0,331941,4.14137e+06,51.5136
3305,2581,0.230769,0,333019,4.14085e+06,46.7558
3841,617,0.230627,0.814295,332557,4.14091e+06,52.5585
3081,1431,0.230461,0,332991,4.14108e+06,51.1682
5396,947,0.230284,0,332278,4.14118e+06,53.7057
3266,3048,0.229572,0,333220,4.14111e+06,49.9291
5428,4842,0.229446,0,332512,4.1411e+06,51.6321
3413,3308,0.228302,0,333190,4.14103e+06,46.7957
5006,3048,0.227437,0,332838,4.14103e+06,48.3359
2957,606,0.226475,0,332997,4.14081e+06,51.825
4999,2061,0.225694,0,332482,4.14105e+06,47.8982
4577,4376,0.223647,0.0502891,331788,4.14128e+06,53.9677
3710,3048,0.223636,0,332998,4.14096e+06,51.238
1813,1679,0.223529,0,332677,4.14088e+06,52.8778
4633,1983,0.223169,0,332115,4.14115e+06,52.8411
1650,387,0.222982,0.746579,332685,4.14121e+06,59.0055
1707,546,0.222962,0.812452,332678,4.14105e+06,55.6464
4510,333,0.222857,0,332358,4.14133e+06,54.6578
4928,3400,0.221729,0,332683,4.14106e+06,50.1086
745,83,0.221445,0,332354,1.15901e+37,45.8459
1796,1504,0.221239,0,332727,4.14105e+06,54.1955
2549,942,0.21881,0,332187,4.14101e+06,53.8671
3334,2939,0.218597,0,333316,4.14079e+06,78.9648
2977,1157,0.217742,0,332909,4.14092e+06,46.2293
4786,1487,0.216958,0,332464,4.14133e+06,54.3445
3208,871,0.216561,0,332770,4.14131e+06,50.0944
4821,4628,0.216359,0,331856,4.14136e+06,53.2666
3320,1138,0.21627,0,332950,4.14098e+06,84.2975
1442,22,0.215447,0,332746,4.14102e+06,111.957
2975,1394,0.215339,0,333121,4.14104e+06,46.3757
3355,2324,0.214602,0,333065,4.14084e+06,44.765
4771,4124,0.214286,0,332016,4.14118e+06,51.4597
4083,3042,0.213223,0,332628,4.14091e+06,49.7716
3407,3053,0.21123,0.386472,333094,4.14091e+06,48.5092
4844,3042,0.210366,0,332691,4.14105e+06,49.4
1889,4,0.210332,0.249027,332454,4.1406e+06,45.9127
762,113,0.209979,0,9.87333e+45,4.14107e+06,45.8954
4100,1135,0.20938,0,332307,4.14091e+06,49.2176
736,157,0.208,0,332355,4.14106e+06,3.55566e+06
3993,2986,0.207343,0,332609,4.14096e+06,45.9719
123,52,0.207127,0.438355,1.15855e+06,9.30424e+45,1.10454e+37
4814,2567,0.206731,0,332379,4.14093e+06,48.4268
1112,992,0.206388,0,332072,4.14102e+06,50.3861
1155,224,0.203883,0,332475,4.14102e+06,49.7747
1172,161,0.203626,0,332547,4.14089e+06,46.7982
3315,2868,0.203252,0,333235,4.14075e+06,49.4725
4467,1081,0.202869,0,332057,4.14116e+06,51.9132
2986,2023,0.202703,0,332934,4.14088e+06,46.1474
5429,3936,0.201401,0,332526,4.14098e+06,51.635
3933,939,0.20078,0,332003,4.14109e+06,53.0103
5066,3949,0.200627,0,332274,4.14111e+06,52.9477
2211,972,0.1983,0,332212,4.14106e+06,49.0241
1714,548,0.198113,0.813985,7.1542e+45,4.14105e+06,55.3538
4723,3396,0.197959,0,332529,4.14121e+06,49.9289
1363,30,0.19715,0,332769,4.14086e+06,104.336
1151,605,0.196995,0.531631,332606,4.1409e+06,51.92
2586,1514,0.196721,0,332752,4.14095e+06,57.8187
4073,1033,0.195789,0.369065,331932,4.14093e+06,53.5811
3115,413,0.195455,0,332823,4.14108e+06,53.7998
972,628,0.194712,0,332167,4.14104e+06,50.6235
3328,1504,0.194399,0,333034,4.14115e+06,52.8321
3403,3051,0.194215,0.593016,333106,4.14091e+06,48.0257
1718,548,0.193403,0.878293,332678,4.14105e+06,55.2385
2779,2187,0.193154,0,332795,4.1407e+06,49.9272
2365,1051,0.192843,0,332310,4.14081e+06,49.6393
4585,201,0.192737,0,332056,4.14117e+06,53.5991
4739,3309,0.192661,0,332577,4.14131e+06,48.3239
1874,975,0.191453,0,332112,4.14087e+06,51.5799
2279,720,0.191011,0,332603,4.14099e+06,46.7146
1840,1090,0.190542,0,332420,4.14072e+06,51.8051
4107,2943,0.188889,0,332761,4.14076e+06,48.4434
3406,2875,0.187648,0,333184,4.14068e+06,51.284
5040,877,0.186667,0,332235,4.14129e+06,50.3712
1293,1156,0.186583,0.434492,332641,4.14095e+06,49.1789
2775,1129,0.186551,0,332671,4.14075e+06,90.9211
3456,2494,0.18638,0,332853,4.14083e+06,45.2068
3667,1505,0.186364,0,332848,4.14113e+06,56.9722
3048,1460,0.186347,0,333033,4.14111e+06,51.5976
1911,598,0.186131,0,332551,4.14081e+06,48.2413
3209,9,0.185804,0,332893,4.14106e+06,52.6216
1923,1806,0.185315,0,332584,4.14068e+06,45.4575
805,748,0.184154,0.541469,3.70131e+07,4.14125e+06,47.4766
4032,3420,0.184061,0,332558,4.14097e+06,52.6555
5421,4864,0.183471,0,332355,4.14112e+06,54.4536
3874,1509,0.183036,0,332618,4.14118e+06,54.002
910,116,0.182965,0,332172,4.14111e+06,47.3422
627,333,0.182812,0,332569,5.61795e+45,54.0091
4986,2515,0.182456,0,332527,4.1409e+06,46.5282
2282,1404,0.182336,0,332974,4.14099e+06,49.3553
4595,3734,0.182099,0,332233,4.14119e+06,54.3331
2982,271,0.182033,0,332827,4.14106e+06,49.9607
4121,4065,0.180636,0.0665418,331995,4.14096e+06,51.9742
4988,1321,0.180556,0,332552,4.14107e+06,46.0472
2571,1998,0.180243,0,332619,4.14076e+06,90.2691
3285,3046,0.180139,0,333221,4.14105e+06,48.6706
3701,1162,0.179293,0,332772,4.141e+06,51.0405
5023,3793,0.17849,0,332467,4.14112e+06,50.7868
4252,3913,0.178313,0,332163,4.14109e+06,51.9108
4138,3945,0.177677,0.0994814,332119,4.14102e+06,50.7306
2771,678,0.177656,0,332604,4.14078e+06,48.0662
1894,395,0.177083,0,332592,4.14094e+06,53.8523
903,733,0.176,0,1.06907e+37,2.95357e+07,8.94395e+45
4469,3398,0.175556,0,332603,4.14116e+06,49.3072
2536,2362,0.175105,0.568873,332710,4.14068e+06,91.9031
1643,379,0.175088,0.652889,332684,4.14122e+06,60.2705
2979,1288,0.174807,0,332945,4.14087e+06,96.5316
3414,1500,0.173913,0,332922,4.14109e+06,53.8754
3912,3692,0.173913,0,332550,4.14095e+06,54.2162
4497,679,0.173252,0,332187,4.14121e+06,49.961
2189,1303,0.172414,0.942321,332691,4.1409e+06,45.639
4842,3401,0.171141,0,332674,4.14105e+06,49.3333
5437,3313,0.170782,0,333091,4.14101e+06,47.0941
1933,738,0.170667,0,332374,4.14101e+06,45.9968
3877,1434,0.170659,0,332726,4.14116e+06,54.179
3116,1816,0.170455,0,332844,4.14084e+06,100.492
2734,1043,0.169742,0,332283,4.14074e+06,49.641
5403,2955,0.167939,0,333107,4.14088e+06,49.7674
4703,3048,0.167715,0,332478,4.14123e+06,50.2541
4907,4265,0.167331,0.000144316,332027,4.14122e+06,50.4419
1400,736,0.166378,0,332695,7.66248e+45,50.2099
4874,950,0.166344,0.545384,331801,4.14122e+06,50.5786
3693,2314,0.165605,0,332902,4.14087e+06,52.7347
2721,947,0.165505,0,332137,4.14095e+06,50.881
3762,3406,0.165375,0,332937,4.14096e+06,53.7807
2962,224,0.165354,0,332813,4.14094e+06,46.2475
4774,4498,0.165192,0.807638,331977,4.14143e+06,50.4441
681,200,0.165085,0.700535,332385,5.82047e+45,50.325
2264,496,0.164948,0,332796,4.14096e+06,50.0545
5037,3444,0.164179,0,332712,4.14107e+06,46.768
3922,1085,0.16411,0.298064,332187,4.14092e+06,50.3204
3086,2306,0.163386,0,332944,4.14082e+06,92.6217
5440,3689,0.162887,0.511376,332866,4.14096e+06,50.193
3636,1477,0.162281,0,332904,4.14113e+06,93.5662
3040,276,0.160714,0,332831,4.14107e+06,87.1962
4124,3271,0.160689,0,332665,4.14115e+06,51.2237
4196,2029,0.160377,0,332340,4.14107e+06,51.7403
4929,3401,0.160271,0,332688,4.14106e+06,49.9494
5468,3734,0.160093,0.0891505,332810,4.14098e+06,49.9469
2781,27,0.16,0,332712,4.1406e+06,44.754
3417,3046,0.159864,0.294783,333097,4.14091e+06,79.5895
2266,1819,0.158491,0,332800,4.14067e+06,45.1963
5458,3310,0.158442,0,333109,4.14101e+06,46.4542
578,35,0.158163,0,332580,9.38947e+45,46.5986
3097,1494,0.158088,0,332870,4.14118e+06,55.144
3677,2945,0.158,0,333138,4.14078e+06,48.3692
3047,2859,0.157895,0,333129,4.14066e+06,52.7096
4179,2943,0.157767,0,332749,4.14092e+06,48.9961
4916,3329,0.157738,0,332782,4.14111e+06,47.1672
3424,3060,0.157454,0.653418,333058,4.14094e+06,47.3656
597,221,0.157428,0,6.86308e+45,4.14102e+06,6.86309e+45
3351,404,0.15739,0,333022,4.14103e+06,54.5444
2876,224,0.155668,0,332862,4.14075e+06,49.3075
4318,2575,0.155449,0,332228,4.14091e+06,51.786
3949,2943,0.154882,0,332727,4.14086e+06,52.2389
2817,27,0.153846,0,332767,4.14059e+06,48.5081
4543,4329,0.153509,0,331914,4.14125e+06,52.1048
4687,1495,0.151771,0,332250,4.14141e+06,57.0303
1767,890,0.150943,0,332372,4.14108e+06,48.6282
4813,3975,0.150235,0,332087,4.14115e+06,50.3758
4151,2944,0.149144,0,332825,4.14083e+06,48.1568
4001,618,0.148936,0,332323,4.14098e+06,53.4656
1958,336,0.148681,0,332560,4.14114e+06,54.1573
4922,4397,0.148438,0,331847,4.1413e+06,52.5741
1371,396,0.148214,0,332824,4.14112e+06,54.5425
927,618,0.148148,0,332274,4.14106e+06,50.7873
5058,4219,0.147783,0,332283,4.14123e+06,54.3799
1885,886,0.147692,0,332256,4.14095e+06,48.3747
228,9,0.147239,0,332385,4.14094e+06,48.0514
4829,903,0.145773,0.480796,332014,4.1413e+06,49.5508
2582,1983,0.1456,0,332629,4.14075e+06,49.4118
4533,3726,0.145497,0,332401,4.1412e+06,52.6673
2246,26,0.145251,0,332734,4.14082e+06,43.2815
4143,3818,0.145205,0,332356,4.141e+06,89.0227
5007,4365,0.145098,0,331936,4.14123e+06,49.9072
2988,1483,0.14467,0,333024,4.1411e+06,50.3379
3422,3061,0.144635,0.93375,333059,4.14094e+06,47.8203
3061,2946,0.144462,0,333181,4.14078e+06,47.3546
3109,1380,0.144,0.929605,332985,4.14102e+06,52.1879
4909,621,0.143911,0,332307,4.14104e+06,49.1389
2580,1001,0.143363,0,332237,4.14083e+06,92.05
2411,1141,0.143119,0,332634,4.1408e+06,49.5668
3883,1102,0.142857,0.483081,332339,4.14097e+06,44.8645
2789,1061,0.142857,0,332438,4.14074e+06,94.6619
4615,1308,0.142061,0,332150,4.14117e+06,50.788
1820,1399,0.141844,0,332845,4.14088e+06,50.3066
1466,1075,0.141768,0,332496,4.14108e+06,56.363
4535,4068,0.141119,0,331958,4.14117e+06,50.9424
3279,3043,0.14083,0,333229,4.14107e+06,81.0727
4775,4499,0.140625,0.401007,331980,4.14143e+06,50.4963
3195,3042,0.140039,0,333134,4.14109e+06,54.2511
4508,2027,0.14,0,332301,4.14117e+06,49.8247
3308,3129,0.13986,0,333172,4.14111e+06,48.2499
4890,2502,0.139013,0,332328,4.14091e+06,47.6858
5427,3678,0.138996,0.285125,332866,4.14096e+06,51.3442
4091,3395,0.138182,0,332601,4.14092e+06,83.3166
2740,2582,0.138065,0.262119,332713,4.14057e+06,49.4367
3352,2403,0.137177,0,333027,4.1408e+06,44.6854
5070,3947,0.137124,0,332267,4.1411e+06,52.3901
3046,934,0.136986,0,332596,4.14105e+06,50.366
3731,1997,0.136784,0,332695,4.14097e+06,89.5591
3085,615,0.136555,0,332749,4.14091e+06,52.6446
5391,4235,0.13624,0,332470,4.14118e+06,55.1664
1765,1383,0.136069,0,332848,4.14097e+06,48.9407
5036,1780,0.136029,0,332507,4.14103e+06,46.9494
1800,1130,0.135678,0,332585,4.14081e+06,47.7456
2566,1495,0.135179,0,332741,4.14103e+06,54.2256
3891,1503,0.134884,0,332560,4.1411e+06,56.7173
878,25,0.134454,0,3.86896e+06,4.14109e+06,48.0757
4451,2988,0.134216,0,332490,4.14121e+06,48.2685
900,298,0.133929,0,6.99093e+45,8.35639e+36,1.39099e+07
975,333,0.133787,0,332260,4.14122e+06,55.625
4866,941,0.132773,0.732923,331811,4.14124e+06,54.0514
4304,3679,0.132597,0,332426,4.14105e+06,52.37
3317,1124,0.132104,0,332860,4.14098e+06,49.7385
1975,680,0.132022,0.0239689,332445,4.14095e+06,51.7779
1787,690,0.131868,0,332491,4.14092e+06,45.8884
3160,1013,0.131749,0,332369,4.14114e+06,53.7498
929,742,0.131737,0,332068,4.14125e+06,49.7978
2344,369,0.13172,0,332723,4.14099e+06,53.8999
5464,4660,0.131274,0,332214,4.14121e+06,51.6358
3405,2875,0.13125,0,333158,4.14068e+06,51.1841
751,252,0.130841,0.644844,332296,4.14125e+06,47.5012
1903,1792,0.130268,0,332551,4.14067e+06,45.0237
4103,1012,0.130268,0.0331899,331971,4.141e+06,51.5442
3915,3056,0.129952,0,332635,4.14092e+06,81.5406
3381,1100,0.12987,0,332790,4.14091e+06,44.8692
2359,335,0.12987,0,332673,4.141e+06,53.2261
3713,3042,0.129825,0,333050,4.14096e+06,53.7916
3309,3042,0.129787,0,333227,4.14099e+06,49.7317
3212,1006,0.129542,0,332559,4.14119e+06,51.9454
5088,4593,0.128676,0,332098,4.14126e+06,55.392
887,223,0.128668,0,3.97232e+06,7.62918e+45,9.11661e+36
970,882,0.128364,0,331950,4.14123e+06,50.9325
4586,3411,0.127601,0,332409,4.14112e+06,52.3146
1909,1793,0.127451,0,332556,4.14069e+06,45.1577
4205,200,0.126984,0,332258,4.14114e+06,52.9538
5459,4638,0.126984,0,332217,4.14119e+06,51.1624
5008,3265,0.126984,0,332974,4.14129e+06,49.8523
3006,1374,0.126812,0,333147,4.14094e+06,89.028
1203,670,0.126565,0,332517,4.14093e+06,48.0713
2946,1774,0.126071,0,333080,4.14072e+06,49.6696
2805,621,0.125972,0,332710,4.14074e+06,48.5867
1783,766,0.12585,0,332470,4.14102e+06,45.6711
3440,3074,0.125786,0.570758,333012,4.14091e+06,44.4936
4953,2814,0.125,0,332594,4.14086e+06,49.4312
3897,3047,0.125,0,332689,4.14092e+06,49.7748
4038,1506,0.124031,0,332356,4.14116e+06,56.0628
4459,3042,0.123984,0,332592,4.14117e+06,49.4563
3114,1397,0.123043,0.209735,333033,4.14109e+06,50.912
1826,1330,0.122781,0,332755,4.14072e+06,50.7523
5009,4405,0.122137,0,331906,4.14132e+06,52.2667
2797,868,0.122112,0,332602,4.14086e+06,104.943
4662,3945,0.12201,0,331927,4.14122e+06,53.5343
4806,3399,0.121762,0,332712,4.14107e+06,49.3267
4460,2859,0.121413,0,332704,4.14083e+06,53.8776
3060,2946,0.120773,0,333182,4.14079e+06,79.6285
3174,1078,0.12069,0,332578,4.14107e+06,54.4655
5475,1080,0.120603,0,332412,4.14092e+06,50.1534
3096,1848,0.120075,0,332772,4.14071e+06,51.401
3754,3365,0.119883,0,333025,4.14096e+06,86.8299
4878,3690,0.119772,0,332422,4.14107e+06,51.3452
3147,561,0.119565,0,332834,4.14111e+06,54.6806
2237,203,0.119438,0,332635,4.14096e+06,47.3206
1116,271,0.119089,0,332399,4.14108e+06,48.9616
710,161,0.118998,0,8.22241e+45,4.14103e+06,8.22258e+45
4030,2943,0.118447,0,332624,4.14084e+06,52.447
2785,1079,0.117773,0,332488,4.14077e+06,50.0785
5090,4584,0.117761,0,332096,4.14125e+06,55.7565
3083,1467,0.117647,0,332934,4.14116e+06,52.277
3988,2568,0.117486,0,332379,4.14086e+06,47.9462
5067,4582,0.117284,0,332056,4.14127e+06,54.8811
3936,2838,0.117096,0,332638,4.14075e+06,52.0033
4732,4599,0.116541,0,331797,4.14143e+06,53.3606
5366,4782,0.116228,0,332434,4.1413e+06,53.7819
3127,2125,0.115789,0,332825,4.14102e+06,97.868
3780,2926,0.115016,0,332984,4.14077e+06,50.1772
3442,2944,0.114823,0,333185,4.14079e+06,45.8977
3402,2504,0.114823,0,332948,4.14082e+06,83.706
5146,3398,0.114165,0,332890,4.14105e+06,53.5073
4443,903,0.113475,0,331906,4.1414e+06,52.0633
3049,882,0.11306,0,332749,4.14107e+06,49.0421
3411,3046,0.112266,0.381909,333105,4.14091e+06,48.4262
3938,3679,0.112172,0,332514,4.14096e+06,50.5648
4123,3411,0.111276,0,332562,4.14095e+06,81.5872
1833,1774,0.110963,0,332659,4.1407e+06,50.8187
5455,4122,0.110553,0,332386,4.14095e+06,51.2249
4134,2371,0.110345,0,332400,4.14086e+06,89.3023
4111,680,0.110169,0,332265,4.14097e+06,53.7686
4105,918,0.109948,0,331989,4.14109e+06,97.3024
4982,4137,0.109848,0,332118,4.14112e+06,48.6476
4486,1503,0.109756,0,332394,4.14136e+06,55.6284
4131,1502,0.108911,0,332425,4.14115e+06,89.6841
1691,968,0.108911,0,332251,4.14112e+06,53.9007
1014,294,0.108696,0,332179,4.14113e+06,54.5697
4312,618,0.108348,0,332254,4.14103e+06,51.5919
4930,3399,0.108108,0,332693,4.14106e+06,49.6929
3658,1084,0.108051,0,332504,4.14095e+06,48.6112
5465,4371,0.107843,0,332218,4.1411e+06,50.6035
232,147,0.106888,0,332362,4.14106e+06,47.0755
3940,2020,0.106818,0,332372,4.14095e+06,88.567
4704,1090,0.106472,0,332004,4.14124e+06,49.8978
2811,1420,0.106287,0,332968,4.1409e+06,53.3678
3393,1504,0.106262,0,332962,4.14109e+06,85.2054
5184,1995,0.106024,0,332615,4.14105e+06,54.2471
2990,2581,0.105747,0,333008,4.14075e+06,45.5612
4309,3048,0.104167,0,332585,4.14103e+06,50.8997
4792,2944,0.104116,0,332766,4.14095e+06,48.2555
2801,807,0.103668,0,332694,4.14085e+06,52.545
2311,982,0.103383,0,332353,4.14093e+06,49.7592
3225,2497,0.103211,0,332991,4.14105e+06,88.5238
4977,3048,0.103053,0,332845,4.14102e+06,48.3802
3275,3048,0.102941,0,333219,4.14111e+06,49.3572
3326,1398,0.102837,0,333172,4.14111e+06,48.3236
5123,3419,0.102725,0,332825,4.14105e+06,52.2962
4379,3748,0.102644,0,332170,4.14117e+06,53.4019
3042,943,0.10262,0,332497,4.14106e+06,50.7224
4037,2469,0.102041,0,332271,4.14088e+06,49.3078
2839,1074,0.101382,0,332641,4.1407e+06,81.7468
3643,3061,0.101289,0.187127,333031,4.14095e+06,49.2807
4503,304,0.10089,0,332220,4.14136e+06,52.2023
5109,3446,0.1,0,332751,4.14106e+06,49.235
3322,1032,0.1,0,332641,4.14099e+06,50.8817
5431,3935,0.0996933,0,332526,4.14097e+06,51.5183
3129,1433,0.0996169,0.119883,333032,4.14119e+06,98.5944
3765,2910,0.0994475,0,333068,4.14073e+06,52.8678
3776,3047,0.0993789,0,332923,4.14097e+06,51.0633
685,204,0.0989691,0.807116,332378,6.53973e+45,49.5369
4140,3964,0.0989583,0.190275,332109,4.14108e+06,49.4692
4923,3849,0.0988701,0,332316,4.14107e+06,48.5678
3431,1388,0.0987654,0,333011,4.14098e+06,48.0082
4811,3046,0.0983213,0,332716,4.14107e+06,49.1651
4750,4467,0.0982906,0.782407,331879,4.1415e+06,50.6381
1218,1161,0.0979021,0.392131,332638,4.1409e+06,49.1908
715,229,0.0973783,0.699505,332329,4.14116e+06,49.8169
5482,3042,0.0973154,0,333035,4.14091e+06,47.7329
1480,415,0.0971524,0,332757,4.1412e+06,94.7686
4150,2273,0.0960591,0,332446,4.14102e+06,46.8145
5335,2854,0.0960549,0,332956,4.14078e+06,57.8386
5398,1001,0.0958904,0,332358,4.14108e+06,53.9028
1773,1506,0.0954907,0,332718,4.14109e+06,53.9865
3911,1670,0.0951009,0,332402,4.14101e+06,53.7145
4828,2327,0.095082,0,332472,4.14097e+06,47.2702
2739,1473,0.0949008,0,332796,4.14093e+06,53.4263
174,106,0.0947368,0.848949,332417,4.14089e+06,44.2212
4149,1512,0.0945626,0,332446,4.14119e+06,55.3486
3935,1024,0.0940367,0,332045,4.14096e+06,51.4099
695,211,0.0939227,0.835544,8.14717e+45,4.14106e+06,8.14715e+45
1055,294,0.09375,0,332234,4.14111e+06,54.046
4873,950,0.093578,0.61857,331800,4.14122e+06,50.7861
3306,2941,0.0935551,0,333352,4.14084e+06,82.0375
4093,1501,0.0929752,0,332446,4.14111e+06,58.9072
1372,1017,0.0928196,0,332435,4.14098e+06,53.5531
3132,1130,0.0924731,0,332729,4.14105e+06,50.7253
5330,1502,0.0923295,0.151583,332737,4.14124e+06,60.3996
3903,1081,0.0921544,0.40286,332206,4.14092e+06,52.1212
4310,4220,0.0920578,0,332051,4.14118e+06,54.0117
3094,1518,0.0919283,0,332890,4.14113e+06,57.4575
3271,1495,0.0919067,0,333052,4.14127e+06,54.6988
1149,223,0.0918367,0,332472,4.14101e+06,50.7173
551,304,0.0918367,0,332580,7.1511e+45,54.3248
683,201,0.0905588,0.636168,332383,5.99868e+45,50.2942
1854,1484,0.0904585,0,332693,4.14092e+06,55.9487
5361,1478,0.0897436,0.204943,332828,4.14124e+06,56.7088
3329,1676,0.0891089,0,333028,4.14105e+06,88.5035
4477,3910,0.088785,0,332072,4.14116e+06,51.0571
2011,615,0.0879433,0.269791,332584,4.14091e+06,51.3505
4378,4219,0.0876672,0,331931,4.14123e+06,54.095
1647,1076,0.0874036,0,332388,4.14105e+06,55.6362
1410,314,0.0873418,0,6.94978e+45,4.14122e+06,55.0732
1815,1,0.0870536,0,332560,4.1406e+06,46.0964
1455,379,0.0869565,0,332784,4.14129e+06,57.6399
4944,223,0.0869565,0,332249,4.1412e+06,49.4575
1888,315,0.0868056,0,332503,4.14098e+06,51.4841
4582,940,0.0867508,0.0887336,331811,4.14127e+06,55.1292
2848,2574,0.0866359,0,332936,4.14052e+06,51.4465
2970,2828,0.0866337,0,333129,4.14061e+06,48.1224
309,204,0.0860534,0,332443,4.14115e+06,51.6287
4924,2412,0.0859375,0,332395,4.14096e+06,47.7808
4287,3937,0.0857143,0,332095,4.14108e+06,50.4303
1741,563,0.0856611,0.3749,332676,4.14101e+06,52.5776
297,136,0.0854197,0,332445,4.14114e+06,51.9361
294,202,0.0854197,0,332415,4.14115e+06,53.4687
4956,3914,0.0854093,0,332185,4.14104e+06,49.3457
1168,1079,0.0852941,0,332362,4.14091e+06,50.9996
1333,403,0.0852941,0,332801,4.14105e+06,56.9858
4588,4377,0.0845481,0.0706116,331775,4.14128e+06,54.8122
3395,3042,0.0844278,0.567198,333176,4.14091e+06,50.8418
4265,683,0.084375,0,332242,4.1411e+06,50.3008
3312,1150,0.0842105,0,333017,4.14099e+06,51.5708
3416,1077,0.0842105,0,332603,4.14092e+06,52.7788
5362,3310,0.0841346,0,333096,4.14114e+06,50.723
4126,2868,0.083871,0,332693,4.14071e+06,51.9594
4223,3397,0.083871,0,332719,4.14104e+06,85.5857
4104,1850,0.0836299,0,332314,4.14071e+06,51.9103
1030,938,0.0831721,0,331876,4.14109e+06,52.4639
4799,3399,0.082996,0,332650,4.1411e+06,49.5477
566,12,0.0829268,0,7.77386e+45,4.14083e+06,7.77314e+45
423,225,0.0827887,0,332514,4.14115e+06,53.9845
5346,4583,0.0826162,0,332260,4.14125e+06,57.4568
406,203,0.0821355,0,332526,4.14108e+06,53.8729
4892,4165,0.0819672,0,331976,4.14117e+06,50.5639
1081,607,0.0807692,0,332366,4.14091e+06,53.206
4376,683,0.0807175,0,332041,4.14114e+06,51.7188
672,199,0.0806794,0.468091,6.33324e+45,4.14098e+06,6.33293e+45
3464,2315,0.0804795,0,332925,4.1408e+06,45.2703
1971,331,0.0802469,0,332549,4.1411e+06,55.5953
1817,1752,0.0801887,0,332674,4.14079e+06,48.8144
4323,2965,0.0800781,0,332503,4.14098e+06,48.6346
4748,631,0.08,0,332195,4.1412e+06,49.7765
3057,2933,0.08,0,333194,4.14074e+06,47.529
5003,2925,0.0798611,0,332976,4.14077e+06,47.6858
2575,1439,0.0797227,0,332830,4.1409e+06,54.0454
3960,681,0.0794574,0,332271,4.14102e+06,86.6415
3673,3314,0.0792079,0,333109,4.141e+06,47.8595
234,123,0.0789474,0,332362,4.14106e+06,46.6214
4174,2938,0.0788177,0,332782,4.14085e+06,49.335
4876,4355,0.0785047,0.226619,331813,4.1412e+06,50.5926
1503,1028,0.0784593,0,332376,4.14113e+06,90.425
3920,1027,0.0783034,0,332083,4.14094e+06,53.0139
3963,3800,0.0778761,0,332372,4.14103e+06,54.5663
2980,1983,0.0778589,0,332839,4.14088e+06,89.7417
5063,3945,0.0777778,0,332276,4.14111e+06,52.8933
1124,685,0.0776316,0,332445,4.14095e+06,51.5413
1181,597,0.0775623,0.65441,332639,4.14091e+06,49.505
4261,2434,0.0771144,0,332382,4.14096e+06,49.175
4181,944,0.0769231,0,331919,4.14121e+06,53.1383
5182,1989,0.0767386,0,332603,4.14105e+06,53.887
3662,940,0.0767196,0,332245,4.14111e+06,91.0663
4113,3949,0.0766917,0.0573343,332110,4.14098e+06,52.4234
4798,1025,0.0766046,0,331982,4.14113e+06,51.0331
3084,947,0.0764706,0,332281,4.1411e+06,49.9755
4167,2942,0.0763547,0,332772,4.14089e+06,49.0764
2058,1160,0.0761347,0.632067,332641,4.1409e+06,48.9843
4426,4066,0.0759494,0,331858,4.14118e+06,52.969
5045,4874,0.0756579,0,332053,4.14125e+06,50.6293
1790,566,0.0754717,0,332674,4.14088e+06,48.1431
5000,1126,0.0753425,0,332423,4.14102e+06,50.7584
4226,3420,0.0752427,0,332693,4.14107e+06,52.9806
1301,985,0.0748299,0,332238,4.14103e+06,54.2619
4406,1512,0.0742496,0,332255,4.14131e+06,57.2177
4734,4591,0.0740741,0,331808,4.14141e+06,54.0556
4136,1495,0.0738739,0,332487,4.14117e+06,58.0575
3313,306,0.0735849,0,332978,4.14117e+06,52.4882
5134,2910,0.0735294,0,332933,4.14087e+06,52.765
2745,288,0.0734463,0,332638,4.14089e+06,91.9963
4339,3042,0.0734341,0,332619,4.141e+06,49.7759
2556,950,0.0734095,0,332152,4.14098e+06,49.0886
4147,3396,0.0733945,0,332726,4.14098e+06,51.9828
5436,3042,0.0732601,0,333012,4.14093e+06,48.7171
1504,224,0.0726744,0,332567,5.81351e+45,55.0945
1103,713,0.0725806,0,332334,4.14105e+06,47.8024
3843,618,0.0725191,0.425896,332552,4.14091e+06,49.4164
4301,2572,0.0717949,0,332270,4.14092e+06,51.1517
4669,1510,0.0717703,0,332232,4.14138e+06,57.3554
1822,1495,0.0715564,0,332733,4.14098e+06,55.9364
1494,419,0.0715288,0,332767,4.14119e+06,61.5653
4785,3928,0.0714286,0,332102,4.14113e+06,50.7899
1947,976,0.0714286,0,332083,4.14103e+06,49.2504
3838,616,0.0714286,0.503963,332562,4.14091e+06,88.292
1847,1493,0.0713422,0,332693,4.14091e+06,56.9175
4836,3940,0.0712074,0,332087,4.14111e+06,50.355
5021,4920,0.07109,0,332126,4.14127e+06,48.8663
3082,561,0.0708502,0,332882,4.14097e+06,95.7368
3409,2943,0.0707317,0,333197,4.14081e+06,47.77
3110,1644,0.0704762,0,332861,4.14113e+06,58.0328
3337,1082,0.0703518,0,332740,4.14094e+06,51.5824
4435,3405,0.0701754,0,332507,4.14115e+06,50.572
4345,2371,0.0701754,0,332263,4.14092e+06,49.2282
5448,2952,0.0700483,0,333132,4.14078e+06,45.9714
4531,3937,0.0695444,0,332079,4.14116e+06,50.679
3157,711,0.069378,0,332653,4.14119e+06,52.1395
2952,942,0.0691729,0,332550,4.14096e+06,82.6184
306,224,0.0691145,0,332417,4.1412e+06,51.6037
3327,1388,0.0689076,0,333216,4.14104e+06,48.0598
2267,309,0.0688259,0,332679,4.14111e+06,49.3876
334,193,0.0687023,0,332524,4.14113e+06,53.8207
3038,2081,0.0684211,0,332955,4.14091e+06,87.6428
4234,3910,0.0682819,0,332215,4.14106e+06,52.4565
4427,4375,0.0678733,0,331775,4.14133e+06,53.8184
2770,1771,0.0677966,0,332778,4.14072e+06,46.8319
3184,1436,0.0676983,0.116541,333033,4.14126e+06,55.4086
4361,947,0.0676819,0.313481,331801,4.14121e+06,51.0727
3661,2912,0.0675676,0,333131,4.14068e+06,89.7719
4369,3397,0.0673981,0,332475,4.14106e+06,50.7887
2810,1100,0.0673813,0,332634,4.14076e+06,47.2903
3387,2351,0.0670554,0,332985,4.1408e+06,45.9328
5089,946,0.0670498,0,332115,4.14121e+06,53.7342
2649,1887,0.0664928,0,332578,4.14053e+06,48.1236
2737,992,0.0664506,0,332272,4.14084e+06,54.3829
5071,4007,0.0657895,0,332183,4.14112e+06,52.7814
3992,3048,0.0654628,0,332666,4.14097e+06,86.2206
3325,1745,0.0654045,0,333037,4.14101e+06,48.7138
559,418,0.0653061,0.291067,6.95115e+45,4.14106e+06,6.95098e+45
2860,233,0.064962,0,332871,4.14072e+06,52.7699
565,408,0.0645161,0.0410759,332678,7.17028e+45,54.417
2192,2022,0.0645161,0.188522,332661,4.1409e+06,48.1681
1311,229,0.0645161,0,332553,4.14105e+06,51.7177
2973,1082,0.0642674,0,332585,4.14088e+06,51.8671
2261,306,0.0641026,0,332692,4.1411e+06,48.9136
2922,1672,0.0640327,0,333026,4.14079e+06,87.9316
5419,3935,0.0637329,0,332516,4.14099e+06,53.3562
4063,1520,0.0636833,0,332298,4.14111e+06,55.1277
1357,880,0.0636704,0,332565,4.14112e+06,52.228
999,682,0.0635838,0,332130,4.14103e+06,51.6242
4395,944,0.0633694,0.0731696,331764,4.14127e+06,53.5422
4797,942,0.0633663,0,331910,4.14129e+06,52.5121
3717,3245,0.0630631,0,333043,4.14117e+06,51.4962
870,23,0.062963,0,332297,4.14104e+06,46.5018
3956,1521,0.0627706,0,332432,4.14118e+06,54.64
3889,980,0.0626866,0,332072,4.14102e+06,53.0206
722,232,0.062645,0.601415,5.09921e+06,4.14118e+06,8.78306e+36
4788,2928,0.0625,0,332802,4.14088e+06,48.322
5424,3726,0.0625,0.400332,332848,4.14102e+06,53.7857
711,622,0.0625,0,332440,6.496e+45,48.7613
2198,1313,0.0625,0.374615,332744,4.14091e+06,45.4926
3832,1819,0.0622568,0,332612,4.14076e+06,49.4804
4636,2484,0.062249,0,332151,4.14108e+06,50.9257
2926,296,0.0620609,0,332894,4.1409e+06,54.4963
3990,3724,0.0620525,0,332492,4.14103e+06,52.4569
1806,344,0.0620155,0,332669,4.141e+06,54.538
3058,331,0.0617978,0,332857,4.14111e+06,55.3968
4596,4373,0.0617284,0.0568807,331773,4.14128e+06,54.1453
3951,683,0.0615641,0,332262,4.14102e+06,85.212
3633,3566,0.0614828,0.634314,333007,4.14096e+06,44.3161
2581,2171,0.0611888,0,332664,4.14072e+06,48.2091
3194,1029,0.0611111,0,332572,4.14113e+06,53.3215
1029,228,0.0609982,0,332127,4.14105e+06,50.3084
1377,292,0.0609524,0,332686,4.14119e+06,52.5602
1358,117,0.0609037,0,332733,4.14091e+06,100.51
2550,307,0.0609037,0,332582,4.14099e+06,50.3708
5076,4393,0.0608899,0,332020,4.14126e+06,53.8479
3945,2935,0.0608229,0,332734,4.1408e+06,49.6631
4918,224,0.0605187,0,332194,4.14119e+06,49.6195
4257,3725,0.059952,0,332487,4.14112e+06,89.9883
3692,2937,0.059854,0,333105,4.1408e+06,402405
3089,307,0.0597701,0,332723,4.14112e+06,50.6095
3770,3658,0.0597345,0,332788,4.14097e+06,49.6611
4495,4212,0.0594595,0,332064,4.14131e+06,52.3654
4820,1826,0.0589744,0,332358,4.1409e+06,51.5653
1292,1159,0.0588235,0.741952,332639,4.14091e+06,94.0975
4996,415,0.0588235,0,332514,4.14117e+06,53.4091
4465,927,0.0587002,0,331875,4.1414e+06,51.5518
3964,1504,0.0584071,0,332513,4.14117e+06,58.0532
3937,1477,0.0582751,0,332518,4.14112e+06,53.8664
2626,2324,0.0582147,0,332762,4.14063e+06,91.3861
1786,1402,0.0581818,0,332871,4.14101e+06,49.4641
3278,1373,0.0580205,0,333171,4.14112e+06,49.1501
4208,3811,0.0578158,0,332365,4.14109e+06,88.5269
1819,891,0.057554,0,332347,4.14095e+06,49.0112
4665,947,0.057554,0,331733,4.14135e+06,53.3623
1898,1076,0.0571429,0,332265,4.14081e+06,50.0551
3338,1774,0.0571429,0,333040,4.1409e+06,45.3849
1988,1138,0.0569106,0.557684,332548,4.14091e+06,49.0119
2844,2403,0.0568182,0,332930,4.14056e+06,53.0619
2624,1477,0.0567282,0,332762,4.14096e+06,57.1359
3884,3398,0.0566038,0,332839,4.14095e+06,47.32
4277,4223,0.0564103,0.133861,332115,4.1412e+06,51.6377
4077,3173,0.0562613,0,332485,4.14109e+06,53.5024
2834,1494,0.0561915,0,332947,4.14085e+06,55.6886
1955,51,0.0560748,0.20935,332432,4.14086e+06,44.759
5416,618,0.0559211,0,332721,4.14097e+06,53.0787
2230,335,0.0559006,0,332744,4.14112e+06,52.9245
1429,37,0.0557029,0,332786,4.14111e+06,50.8678
3112,1383,0.0552381,0.482207,332984,4.14104e+06,49.918
3202,1865,0.0550847,0,332893,4.14094e+06,53.3189
4439,2739,0.0549898,0,332260,4.141e+06,51.2697
2812,1363,0.0548961,0,332970,4.14072e+06,98.1432
4758,4481,0.0545455,0.684682,331917,4.14147e+06,50.7042
3994,2860,0.0543933,0,332791,4.14068e+06,55.2102
4307,2924,0.0543478,0,332688,4.14082e+06,50.5446
5062,3982,0.0542005,0,332254,4.14115e+06,51.6709
3339,1847,0.0540037,0,332979,4.14078e+06,49.136
2755,1429,0.0537125,0,332906,4.14089e+06,95.3513
1812,1634,0.0536398,0,332681,4.14097e+06,54.7775
2561,1025,0.0536013,0,332250,4.1408e+06,52.3859
1492,1077,0.0535714,0,332447,4.14111e+06,55.6331
1744,1420,0.0535714,0,332838,4.14112e+06,54.4224
804,550,0.0535332,0,332512,3.41053e+07,51.6481
4896,2905,0.0533981,0,332830,4.14073e+06,46.9783
1101,977,0.0533808,0,332045,4.14104e+06,49.1938
4178,2581,0.0530452,0,332354,4.14088e+06,50.0028
1789,1088,0.0530303,0,332385,4.14085e+06,46.4422
5002,3300,0.0530035,0,332966,4.14119e+06,46.261
5472,3042,0.0528846,0,333013,4.14091e+06,47.3886
3310,1080,0.0526316,0,332697,4.141e+06,83.1601
2750,2306,0.0525588,0,332850,4.14062e+06,47.0876
1500,940,0.0525547,0,332302,4.14126e+06,90.1024
3476,2577,0.0525394,0,332884,4.14073e+06,49.8482
4106,589,0.052459,0,332339,4.14092e+06,96.1334
1811,26,0.0523364,0,332582,4.14065e+06,45.5812
3239,2914,0.0520833,0,333333,4.1409e+06,51.4613
2790,1137,0.052,0,332721,4.14078e+06,48.2919
3441,3194,0.0519481,0,333107,4.14113e+06,88.2272
946,294,0.0519084,0,332113,4.14125e+06,54.0404
611,218,0.0518519,0,332464,5.6367e+45,51.3242
4659,4358,0.0517241,0,331732,4.14133e+06,52.8673
3410,1644,0.0515695,0,332932,4.14105e+06,53.7163
3954,973,0.0515267,0,332032,4.14109e+06,54.5077
4430,1141,0.0513699,0,332177,4.14117e+06,53.0889
4599,1493,0.0507881,0,332257,4.1413e+06,57.0491
3105,1093,0.0507726,0,332571,4.14095e+06,47.4328
2208,1334,0.0507042,0.288497,332838,4.14091e+06,45.3311
3439,1504,0.0506329,0,332908,4.14111e+06,53.0972
1385,682,0.0502513,0,6.57076e+45,4.14103e+06,50.5235
1477,1052,0.05,0,332439,4.1411e+06,57.4556
1795,1491,0.0498339,0,332745,4.14105e+06,53.5987
3853,3398,0.0496241,0,332850,4.14091e+06,81.723
4724,4361,0.0494845,0,331799,4.14137e+06,50.9415
1827,615,0.0494012,0,332606,4.14073e+06,52.1553
2595,1126,0.0491132,0,332571,4.14076e+06,87.4588
754,546,0.0491071,0,332509,1.2558e+07,52.093
4647,946,0.0490654,0,331742,4.14132e+06,53.2565
2856,947,0.0484694,0,332585,4.14082e+06,54.0131
4973,4053,0.0482456,0,332005,4.14108e+06,51.4211
5094,1076,0.0481928,0,332300,4.14105e+06,54.2114
1797,992,0.0481283,0,332185,4.14093e+06,50.2133
2967,2913,0.0479616,0,333310,4.14062e+06,48.4082
4302,1499,0.0479574,0,332388,4.14123e+06,57.1956
4898,951,0.047619,0.0786098,331821,4.14122e+06,50.2558
2796,704,0.047619,0,332584,4.14086e+06,51.9987
2757,1369,0.047619,0,332906,4.14073e+06,49.3484
2204,332,0.047619,0,332679,4.14113e+06,53.4699
1977,198,0.0475543,0.0579286,332449,4.14094e+06,51.3725
4518,3042,0.0474934,0,332715,4.14109e+06,48.7381
4974,4126,0.0474138,0,332101,4.14108e+06,50.8101
4197,982,0.0472637,0,332016,4.14117e+06,91.975
3011,331,0.0469667,0,332942,4.14109e+06,51.2718
2600,1143,0.0469613,0,332620,4.14074e+06,54.9341
1802,1080,0.0469388,0,332366,4.14082e+06,50.3331
4441,1487,0.0467836,0,332347,4.14136e+06,56.1247
2963,2857,0.0467836,0,333217,4.14058e+06,80.1249
3344,2568,0.0466418,0,333033,4.14082e+06,45.3643
693,567,0.0465839,0,7.54128e+45,4.14101e+06,7.54167e+45
2934,1494,0.046538,0,333052,4.14092e+06,53.2065
2949,1523,0.0464481,0,333046,4.14098e+06,51.8832
880,36,0.0462963,0,8.6855e+45,4.1411e+06,47.7888
3923,1081,0.0462963,0.451945,332177,4.14096e+06,51.8456
3111,1415,0.0462963,0,332982,4.14112e+06,52.6072
2875,1863,0.0462833,0,332940,4.1405e+06,50.8401
2780,1213,0.0462287,0,332814,4.14072e+06,51.1166
3685,2371,0.0460526,0,332809,4.14088e+06,49.5263
3690,2931,0.0458971,0,333072,4.14079e+06,49.9358
1792,561,0.0458015,0,332674,4.14088e+06,49.014
4011,1550,0.0456942,0,332331,4.14116e+06,57.1003
4009,3819,0.0455446,0,332287,4.141e+06,53.1312
720,295,0.0454545,0.000585327,332394,9.57336e+06,53.1418
2907,2856,0.0453368,0,333189,4.1405e+06,78.4661
3452,2866,0.0452899,0,333145,4.14063e+06,52.6733
5450,4117,0.0452489,0,332372,4.14094e+06,50.4838
424,26,0.0451467,0,332600,4.14096e+06,53.3756
5372,3938,0.0451011,0,332514,4.14108e+06,54.8991
2572,890,0.0450607,0,332387,4.14097e+06,48.4042
4761,683,0.045,0,332169,4.14122e+06,50.4026
2565,1401,0.0447761,0,332842,4.14089e+06,49.8083
4228,3844,0.0447368,0,332388,4.14104e+06,93.2805
4446,4022,0.0445765,0,331898,4.14125e+06,54.1427
2928,2401,0.0444674,0,333063,4.1406e+06,46.969
5430,3945,0.0439024,0,332530,4.14099e+06,51.8883
3808,2390,0.0437756,0,332670,4.14086e+06,53.6323
2925,1439,0.0436782,0,333181,4.14082e+06,50.0488
3197,618,0.0436508,0,332895,4.14112e+06,55.054
1843,1502,0.0435807,0,332694,4.14093e+06,57.4071
4753,4219,0.043578,0,332032,4.14134e+06,52.9255
3734,3048,0.0434783,0,332982,4.141e+06,50.7081
3330,2908,0.0432526,0,333312,4.14077e+06,45.5459
3133,2813,0.0431472,0,332976,4.14088e+06,51.2443
3943,333,0.0431034,0,332391,4.14116e+06,55.0694
4191,3916,0.0431034,0,332134,4.14105e+06,54.0187
2659,362,0.0428016,0,332677,4.14093e+06,56.1717
1481,1089,0.042735,0,332534,4.14113e+06,52.1059
995,678,0.0427046,0,332121,4.14103e+06,51.6352
1028,942,0.0426716,0,331864,4.1411e+06,52.4404
1100,980,0.0423453,0,332051,4.14104e+06,49.3513
4127,4066,0.0422297,0.0963455,331994,4.14098e+06,54.3271
4206,3411,0.0421546,0,332635,4.14105e+06,51.526
4559,3042,0.0421053,0,332590,4.1411e+06,49.8823
1383,1068,0.0419463,0,332501,4.14098e+06,6.00932e+45
1681,227,0.0419048,0,332508,4.14112e+06,53.9431
5074,3786,0.0418848,0,332508,4.14112e+06,52.2604
5078,1477,0.0418327,0,332633,4.14124e+06,55.5821
2234,927,0.0417755,0,332421,4.14108e+06,48.1976
990,338,0.0417495,0,332260,4.14118e+06,56.3791
4654,3686,0.0416667,0,332355,4.14117e+06,53.58
1507,200,0.0413793,0,5.65891e+45,4.14114e+06,55.1947
2001,1158,0.0413123,0.490924,332601,4.1409e+06,51.7197
5196,4873,0.0412621,0,332219,4.14121e+06,54.7147
4803,299,0.0410023,0,332280,4.1413e+06,53.041
4994,1498,0.0409556,0,332605,4.14128e+06,55.6182
3294,1484,0.0406091,0,333097,4.14122e+06,55.2664
3179,1511,0.0403846,0,332905,4.14131e+06,58.8685
2399,1095,0.040367,0,332472,4.14081e+06,46.4117
1075,947,0.0402778,0,331984,4.14106e+06,51.8802
1000,196,0.0400844,0,332125,4.14102e+06,50.7462
1384,303,0.0400697,0,332726,4.14117e+06,52.5592
2551,1512,0.0399274,0,332718,4.14105e+06,53.8812
3181,3048,0.039924,0,333089,4.14112e+06,53.1589
4483,2913,0.0398126,0,332659,4.14095e+06,49.364
4789,4222,0.0397022,0,332102,4.14128e+06,51.7641
4575,3397,0.0396947,0,332485,4.14111e+06,51.6252
1369,116,0.0393258,0,332798,4.14093e+06,50.7832
5154,4219,0.0392954,0,332425,4.1412e+06,57.0328
2226,687,0.0392857,0,332598,4.14097e+06,46.713
5038,620,0.0391459,0,332466,4.14106e+06,49.1783
2914,2842,0.0391304,0,333166,4.1405e+06,50.6948
981,680,0.0390947,0,332128,4.14106e+06,51.2955
1980,204,0.0390836,0,332450,4.14096e+06,50.667
619,363,0.0389344,0,5.7981e+45,4.14108e+06,5.79785e+45
2735,1680,0.038817,0,332693,4.14084e+06,56.8086
4357,4222,0.038674,0,331984,4.14119e+06,52.3406
4180,1756,0.0386473,0,332386,4.14107e+06,50.5659
1769,307,0.0386364,0,332579,4.14108e+06,50.5998
5392,4762,0.0385757,0,332401,4.1413e+06,53.6324
4110,1506,0.0383912,0,332438,4.14112e+06,58.6275
4172,3046,0.0383747,0,332662,4.14102e+06,86.0062
1752,1651,0.0382166,0,332681,4.14109e+06,55.1518
2743,1011,0.0381594,0,332308,4.14078e+06,52.4088
3850,2482,0.0379747,0,332614,4.14084e+06,46.9631
1290,1126,0.0377734,0,332560,4.14091e+06,53.7036
2915,1511,0.0374251,0,333032,4.14092e+06,53.305
1434,327,0.037325,0,332766,4.1413e+06,56.1791
1785,1138,0.0371747,0,332600,4.14085e+06,47.1745
4593,3397,0.0369822,0,332455,4.14111e+06,52.0982
1498,683,0.0369822,0,332594,4.14119e+06,54.9376
2831,1491,0.0369588,0,332908,4.14086e+06,55.5239
4827,707,0.0369128,0,332196,4.1412e+06,49.119
3138,1821,0.0369004,0,332829,4.14086e+06,52.5424
3056,2362,0.0367171,0,332929,4.14085e+06,47.1942
4169,3732,0.0366972,0,332441,4.14109e+06,52.8814
2956,1481,0.0365854,0,333058,4.141e+06,53.4839
2964,2560,0.0364026,0,333018,4.14072e+06,44.3313
3446,3045,0.0363636,0.0436483,333083,4.14091e+06,46.7435
4550,1501,0.0363636,0,332364,4.14131e+06,55.5754
3447,2868,0.0363248,0,333120,4.14063e+06,51.8159
5019,1475,0.0363128,0,332629,4.14128e+06,53.4356
5338,4374,0.0361991,0,332255,4.14122e+06,57.2502
1463,1322,0.0360502,0,332863,4.14117e+06,51.2172
2969,2344,0.0359897,0,333023,4.14073e+06,90.574
5342,2856,0.0354796,0,332964,4.14079e+06,57.8138
1370,22,0.0354478,0,332777,4.14087e+06,101.754
3809,331,0.035443,0,332629,4.14113e+06,59.0371
3845,2934,0.035343,0,332991,4.14074e+06,82.4879
3639,1989,0.035124,0,332733,4.14091e+06,46.8409
1523,1074,0.0350877,0,332390,4.14108e+06,54.7505
3262,1865,0.0348259,0,332943,4.14094e+06,89.6554
4452,2937,0.0347826,0,332641,4.14101e+06,49.8585
3268,3046,0.0345269,0,333256,4.1411e+06,49.3849
3295,3046,0.0344388,0,333221,4.14103e+06,47.9636
1130,670,0.0344168,0.072662,332467,4.14093e+06,48.4504
614,161,0.0341615,0,7.48603e+45,4.1409e+06,7.48654e+45
3931,947,0.0341297,0,331987,4.14108e+06,54.1543
3063,2943,0.0340716,0,333213,4.14078e+06,47.0047
5380,3672,0.0340681,0,332871,4.14106e+06,53.5589
2854,1104,0.0340206,0,332906,4.14061e+06,52.3254
4872,4379,0.0337079,0.135072,331773,4.14125e+06,52.2694
4598,1670,0.033557,0,332162,4.14124e+06,55.9002
2945,1501,0.0334988,0,333064,4.14097e+06,53.5736
2416,1014,0.0333952,0,332256,4.14086e+06,49.9721
4905,1010,0.0330579,0,331913,4.14109e+06,51.6994
3222,1505,0.0330097,0,332975,4.14131e+06,54.6011
4313,1504,0.0330033,0,332380,4.14122e+06,57.238
5384,3932,0.0328638,0,332475,4.14105e+06,53.6247
3119,2856,0.0326087,0,333076,4.14072e+06,53.8469
1646,379,0.0325521,0.48904,332685,4.14122e+06,60.0917
2354,1076,0.0324826,0,332395,4.14082e+06,49.7574
3323,2982,0.0324232,0,333362,4.14095e+06,47.5045
337,225,0.0323194,0,332500,4.14121e+06,91.3601
605,553,0.0323054,0.0429682,332637,6.74936e+45,53.3354
4094,1501,0.032197,0,332446,4.14111e+06,58.6798
4175,3398,0.0317848,0,332684,4.14102e+06,52.792
4480,1089,0.031746,0,332092,4.14117e+06,49.1856
1497,1136,0.0316804,0,332671,4.14111e+06,89.755
1571,1402,0.0314795,0,332863,4.14119e+06,59.7637
4358,4062,0.0314233,0,331875,4.14106e+06,51.5666
5324,3056,0.03125,0,332891,4.14105e+06,53.7449
3901,1083,0.0310345,0.334628,332218,4.14095e+06,52.2711
1024,200,0.0309654,0,332152,4.14098e+06,51.0888
1166,291,0.0309091,0,332525,4.14111e+06,52.7659
4201,1506,0.0308789,0,332476,4.14124e+06,60.0554
5460,3849,0.0308057,0,332671,4.14091e+06,47.585
2859,1497,0.0306428,0,332992,4.14083e+06,57.0859
2932,1102,0.0304348,0,332981,4.14073e+06,46.4434
5426,5064,0.030426,0,332660,4.1411e+06,53.3362
1416,396,0.0303413,0,6.33427e+45,4.14119e+06,57.8562
3017,981,0.030303,0,332619,4.14101e+06,50.6443
3876,3173,0.0302198,0,332774,4.14113e+06,51.8001
3143,174,0.0300501,0,332738,4.14107e+06,50.8451
5087,4587,0.0297723,0,332095,4.14125e+06,55.8542
2200,1162,0.0296053,0.164622,332687,4.1409e+06,47.6638
2653,1826,0.029563,0.638312,332665,4.14052e+06,99.2814
1869,1402,0.0293725,0,332748,4.14084e+06,53.2809
1734,1515,0.0293542,0,6.70708e+45,4.14117e+06,57.1396
1184,924,0.0293296,0,332295,4.14107e+06,50.0597
1892,618,0.029304,0,332515,4.14078e+06,48.0421
3044,944,0.0291829,0,332487,4.14107e+06,53.0182
5028,1410,0.0291777,0,332719,4.14122e+06,52.34
2941,1484,0.0290948,0,333067,4.14097e+06,54.8784
4663,4584,0.0290557,0,331741,4.14138e+06,55.6486
2847,680,0.0289449,0,332778,4.14072e+06,83.8697
4622,4234,0.0289017,0,331954,4.14129e+06,54.4294
3258,1436,0.0288248,0,333169,4.14133e+06,55.0787
4591,1486,0.0286145,0,332260,4.14129e+06,56.7323
3203,1883,0.0285171,0,332928,4.14106e+06,50.5905
1332,944,0.0284974,0,332241,4.14114e+06,50.4316
2924,2856,0.0284653,0,333195,4.14051e+06,79.1393
5101,1081,0.0284091,0,332313,4.14104e+06,53.2773
3684,1486,0.0282638,0,332869,4.1411e+06,86.923
2996,233,0.0281426,0,332852,4.14102e+06,87.3075
5386,683,0.0279898,0,332629,4.14108e+06,53.1219
2418,2361,0.0279851,0.401195,332715,4.14068e+06,46.0662
1404,364,0.0278746,0,332820,4.1412e+06,57.315
2911,1439,0.0278184,0,333206,4.14083e+06,92.1668
2343,421,0.0275689,0,332721,4.1409e+06,52.2694
4735,4223,0.027451,0,331993,4.14138e+06,52.5951
4018,306,0.027439,0,332205,4.14115e+06,89.9715
2800,1680,0.0272873,0,332834,4.14084e+06,53.8031
4832,1865,0.027248,0,332292,4.14084e+06,52.2186
3449,1663,0.0271318,0,332815,4.14106e+06,94.0554
2210,294,0.0271003,0,332580,4.14114e+06,51.9531
1870,1371,0.0269906,0,332736,4.14074e+06,50.9777
4382,4214,0.0269784,0,331935,4.14124e+06,53.5352
4163,1477,0.0269608,0,332524,4.14121e+06,57.3624
3752,3420,0.0268817,0,332921,4.14097e+06,85.9325
1987,981,0.0268714,0,332206,4.14101e+06,50.6849
4440,3789,0.0268041,0,332215,4.14124e+06,52.6376
4371,2852,0.0266876,0,332522,4.14082e+06,53.881
4013,3940,0.0266667,0,332067,4.14101e+06,52.0837
3987,617,0.0265487,0,332381,4.14097e+06,90.4349
3316,1501,0.0265211,0,333024,4.14121e+06,53.3517
1963,883,0.0262697,0,332279,4.1411e+06,49.0654
4428,3748,0.0262346,0,332222,4.14124e+06,53.8963
2201,2028,0.0261628,0.149857,332690,4.1409e+06,47.5401
3247,946,0.0260163,0,332472,4.14132e+06,50.2844
5113,607,0.0259366,0,332564,4.14104e+06,54.2728
3919,1077,0.0259319,0.199913,332196,4.14092e+06,51.0566
1073,228,0.0258621,0,332220,4.14102e+06,50.7356
889,117,0.0258216,0,9.28159e+45,1.10929e+37,4.24172e+06
2902,306,0.0257649,0,332921,4.14086e+06,48.9163
3216,983,0.0257511,0,332590,4.14127e+06,52.6949
3172,1494,0.0257426,0,332890,4.14127e+06,58.1861
3886,1105,0.0257235,0.310031,332334,4.14092e+06,100.138
2931,2536,0.0256959,0,333067,4.14061e+06,46.543
4725,3048,0.0255906,0,332490,4.14122e+06,50.2038
2559,1407,0.0255102,0,332847,4.14092e+06,50.6807
2378,306,0.0254777,0,332599,4.14099e+06,50.1285
3104,20,0.0254403,0,332762,4.14087e+06,99.3399
4860,3398,0.0253807,0,332604,4.14105e+06,50.3088
2944,975,0.0253165,0,332623,4.14088e+06,49.3923
2564,1407,0.0251678,0,332845,4.14091e+06,50.7361
3234,224,0.0251451,0,332761,4.14125e+06,90.9709
1426,222,0.0251046,0,332650,4.14117e+06,94.2485
5049,4065,0.0250482,0,332133,4.14109e+06,51.7488
3738,2394,0.025,0,332756,4.14091e+06,53.0784
2842,711,0.025,0,332779,4.14074e+06,51.5337
3152,2937,0.0249554,0,333220,4.14086e+06,50.6156
4935,1506,0.0248447,0,332476,4.14128e+06,55.8511
3664,2931,0.0246575,0,333147,4.1407e+06,49.117
3141,1692,0.0245499,0,332863,4.14112e+06,59.7182
4214,2854,0.0244499,0,332734,4.14077e+06,57.0801
971,605,0.0244444,0,332207,4.14104e+06,52.1765
4908,1028,0.0243902,0,331932,4.14106e+06,50.6094
2410,304,0.0240741,0,332596,4.14099e+06,50.1292
3477,1051,0.024055,0,332405,4.14092e+06,49.0663
5187,3687,0.0239234,0,332782,4.14106e+06,54.9195
4481,4368,0.0238663,0,331841,4.14133e+06,52.0666
1603,307,0.0238589,0,332600,4.14125e+06,95.2956
1851,1436,0.0237781,0,332763,4.14084e+06,54.1448
4492,2405,0.023753,0,332301,4.14109e+06,48.6182
1772,375,0.0236842,0,332678,4.14106e+06,54.373
3823,2396,0.0234657,0,332632,4.14083e+06,88.2979
3814,1054,0.0234604,0,332298,4.14099e+06,52.7866
4677,623,0.0234506,0,332099,4.14122e+06,51.416
2951,2868,0.0234483,0,333232,4.14057e+06,49.4979
697,327,0.0234375,0,332501,6.65527e+45,53.53
2568,1774,0.0233723,0,332721,4.1407e+06,46.4134
2913,2856,0.0233645,0,333215,4.1405e+06,55.0555
3824,2939,0.0233463,0,332966,4.14077e+06,49.2564
4410,1502,0.0232558,0,332307,4.14131e+06,57.0993
2953,1089,0.0232558,0,332780,4.1408e+06,81.8865
3714,189,0.0231729,0,332666,4.14099e+06,51.5097
4218,1076,0.0231214,0,332155,4.14104e+06,53.6613
5173,2857,0.0231144,0,332953,4.14075e+06,56.994
3819,3394,0.0230061,0,332863,4.14093e+06,50.3969
3811,2925,0.0229885,0,332943,4.14076e+06,50.9348
2283,1556,0.0229226,0,332794,4.14104e+06,54.1218
4491,965,0.0228833,0,331882,4.14131e+06,50.7791
2562,984,0.0228758,0,332274,4.14088e+06,53.7181
4720,4596,0.0228426,0,331782,4.14144e+06,53.5136
4429,4369,0.0228385,0,331789,4.14132e+06,53.4731
4029,3975,0.0228137,0,332017,4.14104e+06,51.6278
1499,1016,0.0227273,0,332402,4.14114e+06,58.8813
1901,1562,0.0227273,0,332590,4.14098e+06,54.2645
3880,2597,0.0226537,0,332591,4.14069e+06,47.1726
2732,1496,0.0225989,0,332746,4.14098e+06,95.8414
2759,1439,0.0225464,0,332953,4.14085e+06,55.5005
723,197,0.0225225,0,332356,3.18239e+07,48.716
1880,1314,0.022508,0,332626,4.14074e+06,45.7903
4570,3747,0.0224,0,332240,4.14119e+06,54.2253
5017,4721,0.0223642,0,331953,4.14147e+06,50.278
3492,992,0.0223368,0,332367,4.14101e+06,49.856
3896,3420,0.0222603,0,332660,4.14092e+06,48.9406
977,702,0.0220751,0,332100,4.14112e+06,50.7446
403,194,0.0220588,0,332589,4.14107e+06,53.9686
4710,3294,0.0219436,0,332580,4.14137e+06,49.1763
733,634,0.0219178,0,332409,4.14104e+06,48.2055
2284,687,0.0219178,0,332637,4.1409e+06,47.0728
4337,3400,0.0218818,0,332562,4.14101e+06,50.0991
873,751,0.0218579,0.0603284,332218,8.05702e+06,48.7356
4157,2954,0.0218447,0,332796,4.14088e+06,50.7527
1502,979,0.0218341,0,332386,4.14121e+06,59.3829
4870,4595,0.0218182,0.0638932,331795,4.14128e+06,53.7677
2574,2326,0.0218121,0,332759,4.14064e+06,46.3924
4678,2396,0.0217755,0,332141,4.14115e+06,50.9096
1613,1144,0.0217391,0,332635,4.14107e+06,92.6263
1409,679,0.0217391,0,332681,4.14109e+06,52.1388
5479,2866,0.0217391,0,333030,4.14063e+06,50.5916
3178,2405,0.021611,0,332901,4.14101e+06,53.0328
4476,4371,0.0215311,0,331829,4.14134e+06,52.0065
2268,1774,0.0213675,0,332788,4.14082e+06,44.4007
1376,224,0.0213178,0,332634,4.14107e+06,91.375
5334,1500,0.0212766,0.0629515,332748,4.14124e+06,60.7702
5359,4090,0.0212121,0,332363,4.14104e+06,54.0924
2754,2275,0.0212121,0,332878,4.14062e+06,50.4982
1610,370,0.0212089,0.280993,332718,4.14123e+06,63.223
4457,4214,0.0211132,0,332011,4.14135e+06,52.9197
3269,3048,0.0211082,0,333251,4.1411e+06,51.9925
4444,3943,0.0210356,0,332008,4.14122e+06,52.7306
1051,297,0.0210325,0,332231,4.14111e+06,54.2722
5085,3396,0.020979,0,332793,4.14105e+06,51.693
4142,3949,0.0208333,0.0810894,332117,4.14103e+06,50.8994
3388,975,0.0208333,0,332552,4.14102e+06,52.011
940,633,0.0206186,0,332131,4.14108e+06,51.8187
5059,3931,0.0206186,0,332267,4.14109e+06,52.4438
2225,1439,0.0205479,0,332939,4.14109e+06,49.3225
1835,1043,0.0204545,0,332276,4.14073e+06,94.1702
4612,4095,0.0202899,0,331887,4.14113e+06,52.6897
3345,2944,0.0201835,0,333314,4.14078e+06,45.6783
2853,1486,0.0200382,0,333008,4.14081e+06,58.5348
5382,1077,0.0198238,0,332480,4.14103e+06,54.4759
1844,742,0.0198135,0,332481,4.1408e+06,51.5957
5015,2561,0.019802,0,332507,4.14088e+06,46.979
1884,1779,0.019802,0,332578,4.14068e+06,45.4852
3703,1554,0.0197183,0,332775,4.14113e+06,92.4128
3064,1493,0.0196429,0,332953,4.14109e+06,55.7413
5060,3931,0.0196078,0,332266,4.14108e+06,52.4447
4754,3411,0.0195228,0,332571,4.14116e+06,49.2889
4613,3063,0.019432,0,332461,4.14111e+06,50.4686
3918,1490,0.0192308,0,332485,4.1411e+06,53.9553
4139,3722,0.0192308,0,332529,4.14107e+06,52.7383
4746,1506,0.0191939,0,332334,4.14139e+06,55.5281
4412,979,0.0191693,0,331797,4.14124e+06,53.2238
615,374,0.0191638,0,332627,5.8689e+45,55.8552
3961,2356,0.0191571,0,332428,4.14086e+06,48.2804
3321,1847,0.019084,0,332970,4.14078e+06,49.6117
1758,1516,0.0190678,0,332710,4.14113e+06,54.5697
4393,1477,0.0190311,0,332254,4.1413e+06,55.4255
4697,2857,0.0190114,0,332558,4.14094e+06,54.56
2835,1027,0.0190074,0,332555,4.14069e+06,51.6709
3469,2434,0.0188356,0,332848,4.14079e+06,48.9847
4809,4667,0.0188235,0,331827,4.14142e+06,52.7735
3031,1073,0.01875,0,332603,4.14095e+06,48.8093
5375,1500,0.0185497,0.0362654,332816,4.14123e+06,59.2864
4900,4747,0.0185185,0,331876,4.14141e+06,50.3164
1788,1370,0.0185185,0,332860,4.14087e+06,46.4067
3829,2503,0.0185185,0,332637,4.14081e+06,52.0365
2870,1506,0.0184697,0,333003,4.14083e+06,54.2666
2950,2857,0.0184659,0,333199,4.14059e+06,51.9878
2830,1501,0.0184382,0,332887,4.14089e+06,56.4932
4522,1418,0.0183727,0,332544,4.14128e+06,53.1888
2594,1983,0.0182841,0,332586,4.14075e+06,90.4233
2597,981,0.0182584,0,332226,4.14085e+06,51.1307
1002,924,0.0182556,0,331893,4.14114e+06,51.8509
1868,968,0.0182529,0,332151,4.14084e+06,52.5454
5350,4596,0.0182232,0,332247,4.14126e+06,56.2592
1648,379,0.0180879,0.509664,332685,4.14122e+06,59.8654
3214,947,0.0180645,0,332523,4.14128e+06,54.8048
4887,306,0.0180412,0,332182,4.14124e+06,52.2443
3427,2908,0.018,0,333170,4.1407e+06,46.0818
4969,3194,0.0179372,0,332839,4.14129e+06,53.0721
3122,1138,0.0178571,0,332768,4.141e+06,49.7316
4963,364,0.0177778,0,332524,4.14125e+06,56.535
4258,1078,0.0177665,0,332141,4.14105e+06,85.9686
1574,672,0.0177268,0,332593,4.1411e+06,57.5763
3773,1025,0.0176991,0,332285,4.14103e+06,52.6332
2052,331,0.017673,0,332631,4.14112e+06,54.0278
2333,1505,0.01766,0,332778,4.14104e+06,53.6251
384,305,0.0175202,0,332595,4.14125e+06,56.9037
3459,3335,0.0175131,0,333196,4.14099e+06,44.971
4681,4583,0.0174326,0,331758,4.1414e+06,55.5524
1160,606,0.0173745,0.594411,332614,4.1409e+06,51.6299
2935,1502,0.0173697,0,333038,4.14094e+06,85.9884
4850,978,0.0173611,0.0312795,331861,4.1412e+06,52.2542
4284,3942,0.0173611,0,332104,4.14108e+06,50.9061
4453,4374,0.0173536,0,331801,4.14136e+06,52.7952
4016,938,0.0172956,0,331908,4.14113e+06,88.3604
1420,1031,0.0172872,0,332448,4.14107e+06,53.2095
4072,1049,0.017199,0.405242,331957,4.14093e+06,51.1892
4380,3891,0.0171073,0,332009,4.1411e+06,50.9749
2960,1509,0.0170132,0,333027,4.14104e+06,51.7293
3175,954,0.016791,0,332430,4.14124e+06,56.4947
2558,1237,0.0167224,0,332661,4.14076e+06,94.5184
4448,2404,0.0165414,0,332220,4.14113e+06,50.3655
1431,1076,0.0165289,0,332519,4.14105e+06,56.1073
3218,2852,0.0164204,0,333148,4.14088e+06,52.8974
5010,2465,0.0163934,0,332523,4.14091e+06,46.5073
3856,1977,0.0162602,0.65681,332501,4.14091e+06,51.2741
4048,713,0.0162162,0,332102,4.14108e+06,51.1368
904,376,0.016129,0,332411,4.14126e+06,56.2095
3126,1850,0.016092,0,332771,4.14079e+06,56.0907
5156,3854,0.0160214,0,332589,4.14106e+06,53.9288
4119,2926,0.015919,0,332694,4.14076e+06,50.3022
2832,1515,0.015873,0,332900,4.14087e+06,55.4867
4592,983,0.0158273,0,331817,4.14123e+06,54.5469
2814,1505,0.0157729,0,332837,4.14097e+06,95.8222
1318,1138,0.0157233,0,332654,4.14095e+06,47.6209
4275,2935,0.0155844,0,332789,4.14085e+06,48.4693
5206,2399,0.0154394,0,332687,4.14096e+06,53.1045
5181,4214,0.0154028,0,332409,4.1412e+06,56.6212
3493,2926,0.0153584,0,333193,4.14068e+06,46.4544
1126,995,0.0152866,0,332207,4.14099e+06,53.0315
5360,4484,0.0151515,0,332375,4.14133e+06,53.6151
203,22,0.0150943,0,332405,4.14091e+06,47.9947
327,189,0.0150376,0,332516,4.14114e+06,53.3152
4102,2414,0.015,0,332362,4.14085e+06,47.8599
3134,1729,0.015,0,332824,4.1411e+06,54.0262
1965,1494,0.0149701,0,332636,4.14111e+06,55.1517
3638,1495,0.014862,0,332869,4.14117e+06,53.3948
3055,224,0.0147059,0,332743,4.14102e+06,84.6012
3188,2945,0.0146341,0,333196,4.14097e+06,84.7914
1926,1138,0.0145985,0.00472088,332523,4.14086e+06,47.4853
794,67,0.0144928,0,332356,4.14106e+06,45.8247
1317,914,0.0144509,0,332337,4.14111e+06,97.6799
4255,1497,0.0144092,0,332467,4.14124e+06,56.5352
1550,363,0.0143885,0.838944,332683,4.14123e+06,60.8337
5183,4599,0.0143541,0,332185,4.14127e+06,56.8141
5084,1998,0.0143084,0,332495,4.14106e+06,53.4401
2893,949,0.0142602,0,332536,4.14085e+06,48.2948
574,433,0.014218,0.143772,6.95466e+45,4.14101e+06,6.9546e+45
2851,1494,0.0140318,0,332988,4.14083e+06,58.8664
3669,2427,0.014,0,332792,4.14079e+06,46.165
4413,1500,0.0139969,0,332316,4.14131e+06,57.2001
2381,363,0.0139721,0,332694,4.14099e+06,54.4349
5051,2942,0.0139442,0,332917,4.14091e+06,49.9526
4952,981,0.0138408,0,331987,4.14119e+06,50.9587
1680,1514,0.013834,0,332710,4.14118e+06,58.6019
4882,4752,0.0138067,0,331852,4.14135e+06,50.6422
1415,627,0.01375,0,332734,4.14105e+06,52.3581
1199,692,0.0136054,0,332509,4.14097e+06,48.0902
1093,343,0.0135922,0,332456,4.14109e+06,53.5784
2199,1313,0.013468,0.720275,332745,4.14091e+06,45.5437
1825,561,0.0134529,0,332668,4.14077e+06,52.6177
5069,4454,0.0134228,0,332124,4.14136e+06,52.6226
2938,2857,0.013382,0,333201,4.14054e+06,52.3293
1300,1031,0.0132743,0,332248,4.14097e+06,48.7568
4549,4377,0.0132626,0,331833,4.1413e+06,52.1921
3959,1029,0.0132576,0,332044,4.14099e+06,88.2138
2325,1504,0.0132576,0,332792,4.14102e+06,53.6277
945,192,0.0132548,0,332056,4.14111e+06,50.236
3879,136,0.013245,0.234331,332391,4.1409e+06,44.2106
4506,3397,0.0131579,0,332608,4.14114e+06,49.6517
4863,940,0.0131291,0.334878,331815,4.14124e+06,54.5161
677,7,0.0131291,0,332419,7.14588e+45,47.3418
2615,1307,0.0131234,0,332694,4.14075e+06,47.8732
2643,871,0.0131062,0,332437,4.14088e+06,49.1665
845,189,0.0130152,0,332350,1.10655e+07,47.3505
4365,3818,0.0130112,0,332193,4.14108e+06,52.2603
3331,1621,0.0130112,0,333011,4.14111e+06,52.4844
2910,2838,0.012987,0,333160,4.1405e+06,50.0997
2609,1523,0.012987,0,332703,4.14098e+06,54.4172
3839,3177,0.012987,0,332815,4.14113e+06,54.4512
925,229,0.012945,0,332137,4.14121e+06,50.7127
2958,2843,0.0129032,0,333170,4.14059e+06,49.1409
2613,2366,0.0128866,0.018961,332695,4.1406e+06,47.8753
4784,2832,0.0127551,0,332615,4.14086e+06,51.3272
3872,1502,0.0127551,0,332637,4.14115e+06,95.2529
5043,3397,0.0126984,0,332828,4.14106e+06,49.7517
4583,4484,0.0126984,0,331857,4.14136e+06,53.8578
5410,4540,0.0126316,0,332414,4.14121e+06,53.0523
1406,1029,0.0126183,0,6.32438e+45,4.14105e+06,52.1873
5041,224,0.0125786,0,332349,4.1412e+06,50.1377
3335,1003,0.0125,0,332632,4.14101e+06,48.6136
3032,2504,0.0125,0,332971,4.14084e+06,45.7442
3958,306,0.012474,0,332316,4.14115e+06,52.2093
4407,4066,0.0123648,0,331837,4.14114e+06,52.5956
5197,2889,0.0122699,0,332996,4.1408e+06,51.9459
3135,1561,0.0122249,0,332811,4.1412e+06,98.7328
3159,1863,0.0121951,0,332743,4.14085e+06,98.3656
2742,683,0.012035,0,332605,4.14076e+06,50.7307
4090,2833,0.0118343,0,332562,4.14069e+06,55.0049
1310,527,0.0117994,0,332705,4.14104e+06,51.3156
2064,1101,0.0117474,0,332497,4.14091e+06,46.6345
5064,3951,0.0116959,0,332271,4.14111e+06,53.0167
5321,3728,0.0116788,0.000902199,332753,4.14111e+06,56.9465
4741,3940,0.0115741,0,332008,4.14125e+06,51.03
1836,883,0.0115207,0,332395,4.14091e+06,53.1248
5451,3411,0.0114943,0,332991,4.14092e+06,47.9419
1432,1125,0.0114943,0,332694,4.14104e+06,88.4158
3799,3182,0.0114723,0,332825,4.14115e+06,57.9238
4152,3972,0.0114679,0.167088,332094,4.14107e+06,50.1828
937,335,0.0114679,0,332267,4.14126e+06,56.8591
3045,359,0.0114068,0,332963,4.14106e+06,56.801
5461,3045,0.0113379,0,333016,4.14091e+06,47.9336
4539,4214,0.0112108,0,332056,4.14128e+06,52.5702
3991,3807,0.0110865,0,332351,4.14102e+06,54.944
3384,2477,0.0110701,0,333011,4.1408e+06,87.4443
4010,3732,0.0110294,0,332376,4.14107e+06,53.5253
3663,1414,0.010929,0,332943,4.14107e+06,50.8581
4548,306,0.0108992,0,332187,4.14131e+06,52.133
2871,1511,0.0107656,0,333006,4.14082e+06,56.2804
3689,2528,0.0106952,0,332808,4.14086e+06,83.385
4618,681,0.0106952,0,332070,4.14118e+06,52.2972
2898,1516,0.0106762,0,333020,4.14087e+06,87.4175
4270,3958,0.0106667,0.00958171,332122,4.14111e+06,50.354
717,13,0.0105634,0,332382,4.14095e+06,2.29135e+06
2612,1169,0.0105541,0,332703,4.14072e+06,49.155
2787,1101,0.0105042,0,332635,4.1407e+06,45.7286
5383,3932,0.0104987,0,332478,4.14105e+06,53.7621
1853,982,0.0104651,0,332207,4.14081e+06,54.1536
3072,1506,0.0104384,0,332877,4.14111e+06,52.7049
3238,3048,0.0104167,0,333184,4.14111e+06,51.5486
4222,1081,0.0104167,0,332177,4.14104e+06,53.196
3461,2392,0.0103986,0,332847,4.14079e+06,92.6787
1439,233,0.0103986,0,332685,4.14121e+06,54.7018
2639,2089,0.0103896,0,332710,4.14071e+06,52.7946
4616,3295,0.0103226,0,332582,4.14126e+06,50.546
2379,1317,0.0103093,0,332738,4.14078e+06,45.8244
3984,3047,0.0103093,0,332674,4.14097e+06,48.9527
4384,2324,0.0103093,0,332254,4.14101e+06,49.5112
3902,1081,0.010274,0.431742,332237,4.14092e+06,52.4121
2332,1980,0.0102669,0,332635,4.14082e+06,48.7991
2590,1404,0.0101449,0,332840,4.14091e+06,51.1474
4664,1506,0.0100251,0,332228,4.14137e+06,57.6044
2937,1500,0.00997783,0,333043,4.14097e+06,53.6936
3971,3795,0.00985222,0,332355,4.14103e+06,51.7456
1200,606,0.00981767,0.468756,332618,4.1409e+06,51.2314
2995,2933,0.00978474,0,333315,4.14071e+06,45.5833
2947,2597,0.00976801,0,333046,4.1406e+06,47.991
4288,1024,0.00970874,0,331972,4.14107e+06,51.0663
3696,3047,0.00968992,0,332995,4.14095e+06,50.4958
3674,1073,0.00968992,0,332475,4.14096e+06,51.1582
3150,1610,0.00966184,0,332818,4.14126e+06,58.4484
3450,3042,0.00965251,0,333094,4.14091e+06,46.8131
1425,122,0.00962861,0,332801,4.14108e+06,55.2269
862,335,0.00958466,0,5.94319e+06,4.14128e+06,7.51009e+45
3679,1138,0.00955414,0,332721,4.14092e+06,49.7661
1952,1505,0.009375,0,332643,4.14114e+06,54.4708
367,52,0.00936768,0,332628,4.14108e+06,57.9286
2341,1510,0.00934579,0,332764,4.14103e+06,53.487
881,128,0.00928074,0,332244,4.14113e+06,47.687
4781,3686,0.00920245,0,332490,4.14116e+06,51.2434
5422,3829,0.00910747,0,332734,4.14097e+06,52.5747
2638,1308,0.00907912,0,332745,4.1407e+06,47.8949
4204,1477,0.00902935,0,332476,4.14128e+06,55.9363
4215,1504,0.00900901,0,332512,4.14124e+06,60.0727
4479,4118,0.00888889,0,331995,4.14117e+06,51.8048
3253,3112,0.00888889,0,333166,4.14121e+06,88.9391
3860,2841,0.00886525,0,332822,4.14067e+06,50.9479
3503,2466,0.00883392,0,332848,4.14083e+06,48.9817
4742,4368,0.00879121,0,331815,4.14136e+06,52.2856
4433,336,0.00878735,0,332227,4.14135e+06,55.9699
1501,294,0.00878477,0,332613,4.14131e+06,58.0855
1645,379,0.00873908,0.579112,332685,4.14122e+06,60.1494
3113,2868,0.00873362,0,333115,4.14071e+06,51.2531
1834,1492,0.00872818,0,332759,4.14093e+06,60.4615
5030,390,0.00872093,0,332542,4.14123e+06,54.8196
3501,947,0.00868056,0,332277,4.1411e+06,48.8018
3957,2859,0.00856531,0,332772,4.14072e+06,53.7234
1009,626,0.00854701,0,332202,4.14097e+06,50.6537
892,590,0.00851064,0,4.23131e+06,7.66684e+45,9.16194e+36
3206,1500,0.00849257,0,332959,4.14133e+06,55.689
3790,2868,0.00849257,0,332950,4.14073e+06,51.7699
1931,304,0.00847458,0,332472,4.14107e+06,50.0296
2281,1609,0.0084507,0,332791,4.14105e+06,54.0683
607,224,0.0084507,0,6.21527e+45,4.14102e+06,6.21528e+45
1596,1384,0.00839454,0,332856,4.14115e+06,59.2493
1367,416,0.00831601,0,332829,4.14107e+06,52.9
3372,1384,0.00826446,0,333171,4.14097e+06,46.5879
4210,2320,0.00826446,0,332493,4.14096e+06,50.7725
4906,942,0.00823045,0,331849,4.14124e+06,52.5856
598,337,0.00817996,0,332636,6.20827e+45,55.321
3735,2950,0.00817996,0,333075,4.14084e+06,49.2982
2217,285,0.00810811,0,332605,4.14111e+06,50.6448
1083,335,0.00809717,0,332396,4.14108e+06,55.2354
2269,1407,0.00809717,0,332975,4.14104e+06,49.6562
1045,367,0.00806452,0,332341,4.14109e+06,56.4813
5147,2452,0.00796813,0,332675,4.14098e+06,53.4218
1487,977,0.00795756,0,332391,4.14121e+06,58.4582
1382,154,0.00788644,0,332808,4.14098e+06,47.3966
5476,5352,0.00765306,0,332786,4.14107e+06,52.0046
2326,1012,0.00760456,0,332313,4.14087e+06,49.8914
2933,1847,0.00756757,0,333023,4.14054e+06,50.3731
3929,3048,0.00754148,0,332616,4.14093e+06,81.1001
4981,2662,0.0075188,0,332494,4.14082e+06,48.7688
1515,944,0.00749625,0,332241,4.14125e+06,5.63521e+45
655,307,0.00744417,0,332468,7.33204e+45,50.5934
1325,1124,0.00742574,0,332615,4.14091e+06,88.5588
1407,331,0.00740741,0,332790,6.05096e+45,56.2093
3953,3397,0.00739372,0,332696,4.14096e+06,50.1446
4608,618,0.00738552,0,332169,4.14112e+06,51.9147
2869,1495,0.00731707,0,333014,4.14082e+06,82.2813
4216,1126,0.00726392,0,332351,4.14104e+06,53.219
1607,1384,0.00726141,0,332819,4.14119e+06,56.0051
5449,4755,0.00724638,0,332350,4.14122e+06,48.8107
4368,683,0.00719424,0,332057,4.14112e+06,51.6529
4660,4598,0.00719424,0.0385859,331724,4.14139e+06,54.9963
5456,1506,0.00717703,0,332798,4.14112e+06,54.6404
4059,984,0.00713012,0,331927,4.14104e+06,52.5987
2544,30,0.00700935,0,332642,4.1407e+06,44.4501
1362,27,0.00699301,0,332826,4.14085e+06,50.049
3831,2597,0.0069808,0,332618,4.14074e+06,50.0943
700,617,0.00697674,0,6.62755e+45,4.14099e+06,6.62764e+45
5441,1497,0.00696056,0,332813,4.14113e+06,54.1607
2593,307,0.00694444,0,332583,4.14093e+06,51.7011
2793,282,0.00693241,0,332641,4.14093e+06,50.1467
726,161,0.00692841,0,9.40182e+45,4.14105e+06,46.0538
4991,3503,0.00692042,0,332691,4.14106e+06,45.5756
3979,2397,0.00686499,0,332402,4.14088e+06,48.6029
4219,1497,0.00682594,0,332495,4.14127e+06,57.5683
5467,4022,0.00678733,0,332300,4.14099e+06,51.2972
4484,618,0.00678733,0,332262,4.14117e+06,50.0669
563,295,0.00674157,0,6.2292e+45,4.14116e+06,6.22915e+45
2602,622,0.00673854,0,332636,4.14074e+06,52.0058
3746,1545,0.00672646,0,332718,4.14115e+06,57.89
2868,945,0.00671141,0,332602,4.1408e+06,79.1177
2263,2200,0.00662252,0,332854,4.14087e+06,43.7934
976,224,0.00660793,0,332088,4.14114e+06,50.9317
3926,2935,0.00657895,0,332733,4.14077e+06,49.2187
4948,2949,0.00655738,0,332847,4.14091e+06,47.6042
2606,2432,0.00652742,0,332691,4.1406e+06,47.7933
3688,307,0.00652742,0,332721,6.32223e+36,55.3211
3307,2866,0.00652174,0,333227,4.14076e+06,49.9354
462,391,0.00649351,0.1044,332681,4.14113e+06,57.3502
5418,2431,0.00648298,0,332801,4.14088e+06,51.698
4350,554,0.00645161,0,332223,4.1411e+06,52.6705
2959,2868,0.00643087,0,333228,4.14058e+06,48.7807
3955,949,0.00642398,0,331969,4.14113e+06,51.1621
230,171,0.00641026,0,332364,4.14105e+06,47.6181
4055,1977,0.00641026,0,332227,4.14095e+06,55.3289
890,220,0.00638298,0,8.3538e+36,7.57996e+06,6.99084e+45
3977,2497,0.00636943,0,332370,4.14092e+06,48.7255
770,67,0.00632911,0,332356,4.14106e+06,5.33588e+06
3878,1508,0.00632911,0,332617,4.14115e+06,100.022
2841,618,0.00625652,0,332846,4.1407e+06,51.2042
3930,1502,0.00624025,0,332445,4.1411e+06,55.4733
599,202,0.00623701,0,6.43663e+45,4.14096e+06,6.43668e+45
3200,1517,0.00623701,0,332952,4.14133e+06,56.304
4264,921,0.00623053,0,332016,4.14124e+06,51.0062
1411,57,0.00621118,0,332751,7.39517e+45,50.8896
4351,3722,0.00618557,0,332381,4.14109e+06,53.7151
4414,2915,0.00616333,0,332587,4.1409e+06,50.2926
3807,3042,0.00616333,0,332872,4.14095e+06,51.0058
3071,2466,0.00614754,0,332921,4.1408e+06,48.7355
3204,1317,0.00608519,0,333004,4.14116e+06,90.7986
694,305,0.00607903,0,332436,7.44307e+45,50.8521
4630,4432,0.0060698,0.0706245,331758,4.14142e+06,54.4429
3433,1162,0.00606061,0,332854,4.14091e+06,47.2196
2380,938,0.0060241,0,332237,4.14098e+06,50.5671
4796,622,0.00596421,0,332303,4.14112e+06,49.416
315,192,0.00594059,0,332466,4.14111e+06,51.2429
2538,1502,0.00591716,0,332736,4.14105e+06,54.3427
1148,304,0.00590842,0,332546,4.14109e+06,53.3694
1719,1073,0.00589971,0,332360,4.14098e+06,52.9477
5210,1477,0.00589623,0.0200626,332751,4.14124e+06,57.998
1396,300,0.00589391,0,6.66226e+45,4.14121e+06,53.1174
1340,1089,0.0058651,0,332560,4.14091e+06,49.5267
5052,4762,0.00579151,0,332172,4.14136e+06,52.561
2918,2859,0.00576037,0,333202,4.1405e+06,51.755
1864,332,0.00574713,0,332572,4.14093e+06,56.4997
1038,227,0.00574713,0,332144,4.14104e+06,50.2207
3924,3042,0.00573888,0,332674,4.14095e+06,49.5978
1506,1030,0.0056899,0,332369,4.14112e+06,55.3674
3016,2378,0.00566572,0,333065,4.1408e+06,84.8601
4374,4214,0.00565771,0,331943,4.14123e+06,53.6467
2591,681,0.0056338,0,332516,4.14083e+06,49.5908
2316,951,0.00558659,0,332282,4.14099e+06,48.4995
2961,2875,0.00558659,0,333278,4.14059e+06,46.7211
2874,1125,0.00556328,0,332903,4.14069e+06,52.4961
1197,1024,0.00550206,0,332235,4.14093e+06,50.3279
4563,4427,0.00548446,0.113041,331837,4.14137e+06,53.4772
1198,702,0.00547196,0,332480,4.14101e+06,49.023
2828,1497,0.00546448,0,332916,4.14091e+06,59.249
4078,3393,0.00546448,0,332632,4.14091e+06,48.9222
1458,282,0.00546448,0,332685,4.14128e+06,57.1723
1107,337,0.00544959,0,332549,4.14115e+06,54.1438
1065,330,0.00541516,0,332360,4.14111e+06,54.032
5478,1220,0.00536193,0.181055,332700,4.14091e+06,47.4242
1536,707,0.00530504,0,7.03145e+45,4.14119e+06,55.104
4165,1139,0.00527704,0,332335,4.14105e+06,50.5189
2822,1760,0.00526316,0,332841,4.14069e+06,53.6532
994,683,0.00525394,0,332115,4.14105e+06,52.0268
3460,949,0.00522648,0,332265,4.1411e+06,48.5205
2614,1409,0.00518807,0,332843,4.14089e+06,95.2333
3496,2933,0.00517241,0,333195,4.14071e+06,85.0796
1759,1529,0.00516796,0,332692,4.14111e+06,54.3385
5125,3552,0.00516351,0,332742,4.14108e+06,52.7408
3139,1442,0.00516351,0.268437,332984,4.14122e+06,57.975
5163,3905,0.00516129,0,332417,4.14104e+06,54.974
5389,4232,0.00515464,0,332495,4.14118e+06,54.5357
2916,2409,0.00515464,0,333053,4.14062e+06,46.1835
3425,1137,0.00511073,0,332819,4.14091e+06,47.8623
3333,2578,0.00510204,0,333055,4.14081e+06,49.5297
5130,4578,0.00508475,0,332200,4.14125e+06,56.4148
2971,1154,0.00507614,0,332967,4.14085e+06,50.0953
4145,2955,0.00507614,0,332746,4.14086e+06,47.1272
4893,1330,0.00502513,0,332449,4.14104e+06,48.646
569,306,0.00498753,0,332582,7.04536e+45,52.1999
4260,1476,0.00496278,0,332475,4.14124e+06,54.6548
4224,1500,0.0049505,0,332510,4.14128e+06,57.0107
4232,978,0.00493827,0,332017,4.14117e+06,52.7228
4281,3796,0.004914,0,332339,4.1411e+06,51.5848
4532,3931,0.004914,0,332081,4.14114e+06,51.1509
4202,2935,0.00487805,0,332746,4.14088e+06,50.8041
1386,673,0.00487013,0,332686,6.97616e+45,49.2946
1852,1514,0.00483092,0,332659,4.14091e+06,57.2457
5186,2934,0.00480769,0,333015,4.14087e+06,52.6312
3905,1078,0.00477897,0.276161,332221,4.14092e+06,82.0895
3654,2943,0.00477327,0,333202,4.14074e+06,48.9787
4768,4593,0.00475059,0.0206016,331862,4.14137e+06,53.2823
1763,1495,0.00472813,0,332737,4.14113e+06,55.034
4482,941,0.00472813,0,331859,4.14133e+06,52.7078
4686,4372,0.00471698,0,331738,4.14139e+06,53.8118
5025,775,0.00465116,0.74536,332290,4.14126e+06,47.7811
3077,196,0.00462963,0,332717,4.14095e+06,46.9911
2955,628,0.00462963,0,332907,4.1408e+06,47.3493
1347,29,0.00458716,0,332739,4.14084e+06,104.744
4883,2908,0.00455581,0,332671,4.14079e+06,47.8207
3743,979,0.00451467,0,332308,4.14108e+06,92.6398
5337,1512,0.00451128,0.136961,332741,4.14123e+06,60.5715
1471,949,0.0044843,0,332289,4.14125e+06,87.9584
879,602,0.00446429,0,332380,4.1411e+06,51.0128
4416,1079,0.00444444,0,331993,4.14111e+06,53.2817
4579,3399,0.00444444,0,332451,4.14111e+06,51.9002
2078,1486,0.00442478,0,332739,4.14112e+06,53.9137
4640,3061,0.004329,0,332480,4.14113e+06,50.7705
759,60,0.004329,0,4.60871e+06,4.14105e+06,45.8778
3137,304,0.00431965,0,332721,4.14124e+06,99.2833
4940,1496,0.00431034,0,332490,4.14128e+06,55.7522
595,223,0.00430108,0,332483,7.04508e+45,49.5386
1505,1074,0.00429799,0,332435,4.14109e+06,5.17383e+45
4349,2385,0.0042735,0,332249,4.14093e+06,49.0119
2879,2409,0.00426743,0,333033,4.14059e+06,47.4242
4236,3048,0.00426439,0,332664,4.14106e+06,54.1378
2588,1199,0.00423729,0,332659,4.14072e+06,48.7181
978,330,0.00422833,0,332254,4.14121e+06,55.5573
1512,295,0.00422535,0,332593,5.55434e+45,57.7924
760,234,0.00421053,0.128022,332308,4.14121e+06,48.0132
3215,2536,0.00414365,0,332994,4.14106e+06,49.8101
1814,95,0.00414079,0,332556,4.14072e+06,45.4192
1595,384,0.00414079,0.33819,332688,4.14126e+06,59.9762
2603,1029,0.00412655,0,332261,4.14076e+06,50.1251
3236,2322,0.00410678,0,333036,4.14101e+06,46.8638
3199,1345,0.00408163,0,333052,4.14114e+06,49.7145
3429,2946,0.00407332,0,333171,4.14078e+06,46.5236
3198,1138,0.0040404,0,332866,4.14112e+06,51.9032
3025,2415,0.00401606,0,332970,4.14079e+06,44.7095
3635,3063,0.00401606,0.241897,333032,4.14091e+06,46.0786
3349,3041,0.00400802,0,333225,4.14091e+06,46.2647
3830,3415,0.004,0,332891,4.14091e+06,52.2901
3003,1432,0.00392927,0,333154,4.14106e+06,52.5597
1418,987,0.00392157,0,332397,4.14115e+06,6.26207e+45
2760,2185,0.00392157,0,332815,4.14068e+06,52.4534
2271,331,0.00392157,0,332737,4.14111e+06,52.7906
5124,4535,0.00392157,0,332282,4.14128e+06,54.4528
1761,1463,0.0038835,0,332796,4.14111e+06,51.9929
5091,4379,0.00384615,0,332089,4.14123e+06,54.4572
4039,941,0.00383142,0,331857,4.14118e+06,53.0383
3451,1133,0.00380952,0,332774,4.14091e+06,50.2985
304,117,0.00380952,0,332461,4.14112e+06,50.0676
227,6,0.00378072,0,332387,4.14093e+06,48.1672
4363,3790,0.00373134,0,332169,4.14112e+06,50.9924
3719,2469,0.00373134,0,332792,4.14092e+06,51.4711
4092,1980,0.0037037,0,332270,4.14092e+06,51.8924
3932,3728,0.0037037,0,332501,4.14099e+06,55.5811
4951,407,0.0037037,0,332457,4.1412e+06,53.4936
4356,367,0.00369686,0,332277,4.14121e+06,56.4692
4701,2466,0.00369686,0,332166,4.14119e+06,49.4369
2400,1504,0.00369004,0,332738,4.14102e+06,53.8662
3727,3398,0.00369004,0,332988,4.14096e+06,51.0557
2428,1345,0.00368324,0,332822,4.14079e+06,44.9996
4601,4218,0.00367647,0,331959,4.14127e+06,54.7647
5081,4579,0.00366972,0,332075,4.14126e+06,54.7414
2260,608,0.003663,0,332733,4.14088e+06,49.6863
2999,1512,0.00365631,0,333020,4.14112e+06,52.0422
5004,3793,0.00364964,0,332463,4.14111e+06,50.8666
3783,341,0.00364964,0,332667,4.14116e+06,91.8449
3000,1143,0.00362976,0,332931,4.14089e+06,48.8054
5208,2855,0.00361882,0,332944,4.14076e+06,56.6803
5211,3905,0.00360144,0,332415,4.14104e+06,54.9595
5201,2321,0.00359281,0,332756,4.14095e+06,52.8342
1924,1330,0.00357143,0,332701,4.14086e+06,46.6717
5132,4213,0.00356506,0,332394,4.1412e+06,56.4203
1154,307,0.0035524,0,332561,4.14109e+06,52.0344
632,562,0.00350877,0,6.61433e+45,4.14095e+06,6.61428e+45
3241,1028,0.0034904,0,332572,4.14115e+06,49.8133
4604,3720,0.00347826,0,332351,4.14117e+06,55.0464
4990,1230,0.00346021,0,332484,4.14105e+06,48.2532
3256,1405,0.00344037,0,333157,4.14126e+06,51.6746
253,96,0.00342466,0,332359,4.14107e+06,45.8948
1387,1101,0.00340716,0,332688,4.141e+06,7.99965e+45
3302,226,0.00340716,0,332834,4.14118e+06,47.3965
2570,1983,0.00338409,0,332591,4.14076e+06,48.532
1402,404,0.00337838,0,332825,4.14115e+06,6.20776e+45
4845,2856,0.00334448,0,332753,4.14073e+06,54.1677
4997,2578,0.00334448,0,332502,4.14084e+06,47.5205
3859,1980,0.00333333,0.483134,332500,4.14091e+06,50.3905
2554,2273,0.00332779,0,332806,4.14075e+06,44.9537
1887,1071,0.00326797,0,332232,4.14079e+06,48.5416
3318,2838,0.00326264,0,333164,4.14074e+06,82.4742
4133,1774,0.00323625,0,332325,4.14093e+06,48.7969
1883,1744,0.00323625,0,332589,4.14082e+06,50.0675
3248,631,0.00315956,0,332918,4.14113e+06,49.0539
2887,1081,0.00315457,0,332747,4.1407e+06,49.9423
459,331,0.00312989,0,332643,4.14118e+06,96.8358
4445,4367,0.00311526,0,331811,4.14134e+06,53.1931
4401,3679,0.00310559,0,332300,4.14113e+06,52.5825
1337,222,0.00306748,0,332582,4.14108e+06,46.9559
1335,1077,0.00304878,0,332420,4.14092e+06,87.6567
3036,2914,0.0030303,0,333240,4.14071e+06,46.9607
2768,371,0.0030303,0,332772,4.14095e+06,55.3438
3888,2836,0.003003,0,332749,4.14066e+06,50.2176
1951,868,0.003003,0,332312,4.14108e+06,46.3712
4377,980,0.00296736,0,331792,4.1412e+06,52.9822
4283,3934,0.00295858,0,332105,4.14106e+06,50.771
4717,1028,0.00294985,0,331851,4.14127e+06,50.8376
3053,2868,0.00294985,0,333142,4.14066e+06,50.3283
1408,172,0.00294985,0,332762,4.14106e+06,7.83756e+45
271,91,0.00294118,0,332379,4.1411e+06,47.1698
2191,2018,0.00293255,0.255508,332653,4.1409e+06,48.4005
4568,3397,0.00292826,0,332512,4.14111e+06,51.5968
4551,3748,0.00288184,0,332295,4.1412e+06,51.9863
4574,4433,0.00284495,0.0105971,331823,4.14137e+06,53.6956
5029,3962,0.00282486,0,332210,4.14113e+06,49.286
2060,983,0.00282087,0,332205,4.14102e+06,51.1019
3273,2928,0.0027972,0,333318,4.14093e+06,48.7012
5444,4596,0.00277778,0,332218,4.14116e+06,51.4437
1539,1074,0.00277778,0,332372,5.67653e+45,55.9836
4668,1847,0.00277008,0,332127,4.141e+06,54.3802
3821,1502,0.00276243,0,332666,4.14112e+06,88.5221
4719,4120,0.00274725,0,331930,4.14124e+06,52.0464
3213,1517,0.00273598,0,333011,4.14131e+06,55.811
4610,2868,0.0027027,0,332651,4.14081e+06,52.7894
1080,220,0.00269542,0,332254,4.14101e+06,50.9613
4289,2375,0.00268097,0,332328,4.14096e+06,48.771
4194,3922,0.0026738,0,332128,4.14106e+06,88.3353
2241,942,0.00263852,0,332212,4.14111e+06,49.9239
5158,4379,0.00262812,0,332173,4.14123e+06,55.9083
5477,4202,0.00261097,0,332399,4.14108e+06,50.9337
4146,2926,0.00260417,0,332791,4.14076e+06,51.5006
4044,3677,0.00257732,0,332450,4.14098e+06,50.4578
2985,1484,0.00257069,0,333050,4.14111e+06,54.4353
2965,1491,0.0025641,0,333019,4.14104e+06,51.5455
3702,2988,0.00255754,0,333059,4.14094e+06,47.9347
4512,1080,0.00254453,0,332115,4.14111e+06,51.5113
4547,3936,0.00253807,0,332044,4.14116e+06,51.0105
1096,347,0.00250627,0,332475,4.14109e+06,54.0353
3687,3266,0.00249688,0,333080,4.14112e+06,51.456
3254,1434,0.00249377,0,333166,4.14134e+06,51.7296
1412,1076,0.00248447,0,332506,4.14104e+06,5.37613e+45
2778,1504,0.00245098,0,332814,4.14099e+06,54.2418
4666,2503,0.00245098,0,332134,4.14112e+06,51.0057
5195,3818,0.00244798,0,332614,4.14107e+06,55.9275
4207,1850,0.00244499,0,332343,4.14088e+06,92.761
5185,3818,0.00242424,0,332614,4.14107e+06,55.9312
5214,4582,0.00240964,0,332171,4.14126e+06,57.1362
4276,1998,0.00240964,0,332344,4.14104e+06,51.1108
5198,3842,0.00240385,0,332611,4.14105e+06,54.2163
5191,3729,0.00240096,8.48441e-05,332746,4.14111e+06,56.6259
4225,3815,0.00239234,0,332393,4.14107e+06,53.2592
5189,304,0.00238379,0,332584,4.14123e+06,56.7009
2188,1765,0.00238095,0.462841,332679,4.14089e+06,46.621
5473,2876,0.00238095,0,333061,4.14064e+06,47.9822
3168,2936,0.00235849,0,333188,4.14088e+06,88.1926
3659,2417,0.00234192,0,332812,4.14079e+06,45.3496
2777,1134,0.00234192,0,332685,4.14075e+06,90.7651
2943,1477,0.00233918,0,333078,4.14095e+06,86.6098
4342,2362,0.002331,0,332296,4.1409e+06,48.8844
4290,3056,0.00231481,0,332573,4.14104e+06,49.5633
1361,136,0.00230415,0,332724,4.14096e+06,44.958
2782,1130,0.00226244,0,332679,4.14075e+06,47.7201
4819,3446,0.00225734,0,332548,4.1411e+06,46.787
4661,1502,0.00221729,0,332256,4.14137e+06,57.6276
4936,201,0.00221729,0,332263,4.14113e+06,50.5622
3657,983,0.00220751,0,332362,4.14106e+06,49.386
831,716,0.00220751,0.0712946,7.46736e+06,4.1412e+06,8.15514e+45
430,226,0.0021978,0,332503,4.14115e+06,56.4765
3648,1126,0.00219298,0,332669,4.14091e+06,49.0454
120,34,0.00218818,0.0389562,332432,4.14083e+06,44.1942
2927,1484,0.00218103,0,333106,4.14089e+06,54.9249
883,128,0.0021692,0,332246,8.54666e+06,47.4614
3161,3048,0.0021645,0,333073,4.14105e+06,51.185
4542,1998,0.00214133,0,332254,4.14113e+06,51.4928
1350,287,0.00214133,0,332651,4.14117e+06,49.5024
5120,4376,0.00213675,0,332133,4.14123e+06,54.9638
882,224,0.00213675,0,332236,4.14121e+06,3.33037e+06
1295,1082,0.00212314,0,332400,4.14091e+06,53.7263
561,228,0.00212314,0,332493,6.96202e+45,51.0671
2992,304,0.00212314,0,332944,4.14107e+06,48.6431
2334,331,0.00212314,0,332695,4.14103e+06,52.6592
5137,947,0.00211864,0,332229,4.14121e+06,55.0316
2369,1133,0.00211864,0,332617,4.1408e+06,47.7726
316,64,0.00211416,0,332491,4.14109e+06,50.5132
3772,3397,0.00211416,0,332913,4.14096e+06,51.2108
1570,934,0.00210526,0,332314,4.14128e+06,57.0316
3167,200,0.00210084,0,332665,4.14112e+06,55.6863
3350,1289,0.00209644,0,333011,4.14091e+06,49.3447
2340,614,0.00209644,0,332665,4.14081e+06,48.8653
5135,2393,0.00209205,0,332654,4.14098e+06,53.052
3967,1085,0.00209205,0.0324652,332177,4.14097e+06,50.2428
772,607,0.00209205,0,332478,1.46218e+07,51.3596
3430,2933,0.00208333,0,333206,4.14074e+06,49.3494
983,875,0.00208333,0,331996,4.14121e+06,51.8527
4743,4218,0.00208333,0,332004,4.14136e+06,53.3687
3130,314,0.00207469,0,332813,4.14121e+06,57.3627
419,195,0.00206612,0,332580,4.14103e+06,92.6385
549,431,0.00206186,0.62235,6.81422e+45,4.14106e+06,6.81378e+45
4248,4068,0.00205761,0,332046,4.14112e+06,52.3998
4245,3266,0.00204918,0,332780,4.14125e+06,52.6265
1057,304,0.00204082,0,332244,4.14109e+06,52.3861
2180,979,0.0020202,0,332203,4.14103e+06,50.5051
3834,1995,0.00201613,0.538426,332603,4.14091e+06,49.8847
3066,1089,0.00201207,0,332647,4.14091e+06,49.8716
3210,882,0.00200803,0,332721,4.14132e+06,91.1755
1394,695,0.00200803,0,332701,4.14109e+06,48.8915
4727,1509,0.002,0,332269,4.14142e+06,55.7819
4185,1030,0.00199203,0,331996,4.14107e+06,92.3074
5144,3936,0.00198807,0,332412,4.14109e+06,55.0287
589,379,0.00197628,0,6.58185e+45,4.14109e+06,6.58213e+45
2382,1033,0.0019685,0,332300,4.14081e+06,48.2545
1056,627,0.00196464,0,332265,4.14092e+06,50.3001
329,161,0.00196078,0,332538,4.14113e+06,52.9579
3833,3459,0.0019305,0,332764,4.14096e+06,47.6578
3193,1505,0.0019305,0,332936,4.14129e+06,90.1179
1054,946,0.00192678,0,331896,4.14108e+06,52.1488
4728,3412,0.00189394,0,332483,4.14121e+06,49.9142
3347,951,0.00188324,0,332482,4.14109e+06,82.6068
1805,1678,0.00188324,0,332677,4.14089e+06,52.4338
3726,1499,0.00187617,0,332830,4.14116e+06,57.1422
2401,1669,0.00186916,0,332694,4.14091e+06,51.8084
2423,1523,0.00186916,0,332716,4.14099e+06,52.5151
4220,203,0.00185874,0,332308,4.14111e+06,52.3467
3065,1998,0.00185185,0,332819,4.14091e+06,49.113
2405,937,0.00184502,0,332252,4.14097e+06,50.2544
2392,2321,0.0018315,0.0301677,332783,4.1407e+06,46.2923
1138,1023,0.00181818,0,332224,4.14093e+06,50.6393
3346,1504,0.00181488,0,333014,4.14112e+06,88.3316
3796,1143,0.00180832,0.127973,332578,4.14096e+06,53.1983
2421,1006,0.00180832,0,332261,4.14087e+06,49.3222
3353,3042,0.00179856,0.0490495,333217,4.14091e+06,46.2444
3453,1509,0.00178571,0,332855,4.14112e+06,53.3353
3952,2988,0.00177305,0,332611,4.14095e+06,48.1091
4675,2367,0.00176367,0,332149,4.14114e+06,51.2077
3487,3269,0.00175747,0,333196,4.14114e+06,47.8007
3426,2574,0.00175747,0,332892,4.14077e+06,46.676
2309,1979,0.00174825,0,332667,4.14083e+06,49.4672
3462,3041,0.00173611,0,333096,4.14091e+06,85.4606
3488,1085,0.00172712,0,332521,4.14095e+06,48.0014
3245,2919,0.00169779,0,333300,4.1409e+06,46.7284
2899,1512,0.00169492,0,333020,4.14092e+06,52.3161
1974,297,0.00169205,0,332475,4.14109e+06,54.804
5370,4119,0.00167504,0,332422,4.14107e+06,55.4708
1015,678,0.00167224,0,332147,4.14099e+06,50.9222
398,228,0.00166945,0,332521,4.1412e+06,55.0934
2798,2524,0.00165563,0,332818,4.14059e+06,47.0129
3314,2024,0.00165289,0,333008,4.141e+06,47.4814
3803,306,0.00164204,0,332541,4.14113e+06,89.2483
4056,2418,0.00161551,0,332266,4.14085e+06,88.877
1824,615,0.00160256,0,332608,4.14074e+06,51.175
4372,3397,0.0016,0,332471,4.14107e+06,50.8237
1476,217,0.00159236,0,332596,4.14123e+06,53.0881
5371,3817,0.00158983,0,332714,4.14107e+06,55.9171
4399,409,0.00158228,0,332146,4.14123e+06,55.7326
5333,982,0.00157233,0,332289,4.14116e+06,57.609
4580,4220,0.00155521,0,331964,4.14126e+06,55.1179
1087,304,0.00152905,0,332346,4.14108e+06,51.0762
1011,922,0.00152207,0,331910,4.14111e+06,52.2427
3928,3818,0.00151515,0,332358,4.14095e+06,83.4044
2074,1138,0.0014771,0.251145,332599,4.1409e+06,48.7394
1967,598,0.00147493,0,332542,4.14091e+06,50.4266
1140,1073,0.00146843,0,332335,4.14091e+06,51.3625
4629,1024,0.00145138,0,331821,4.14117e+06,53.7384
4447,3905,0.00144928,0,332040,4.14118e+06,52.6967
2059,417,0.00144718,0,332666,4.14101e+06,53.1026
3250,1477,0.001443,0,333060,4.14131e+06,53.0537
2065,1504,0.00143885,0,332716,4.14113e+06,55.0856
1724,1076,0.00143472,0,332360,4.14097e+06,53.4458
1488,1403,0.00141844,0,332881,4.14122e+06,93.7053
4116,918,0.00140449,0,332006,4.14108e+06,52.215
4118,2859,0.00138122,0,332680,4.14071e+06,54.2282
2646,1658,0.00138122,0,332683,4.14095e+06,55.717
1214,701,0.00137931,0,332487,4.141e+06,48.8194
390,299,0.00137363,0,332573,4.14124e+06,56.8916
3813,2935,0.00137363,0,332949,4.14081e+06,50.4312
4425,3940,0.00136054,0,331968,4.1412e+06,52.9678
355,197,0.00134771,0,332538,4.14112e+06,55.0091
2761,1101,0.0013459,0,332625,4.14068e+06,47.865
2006,1486,0.0013369,0,332700,4.1411e+06,55.7975
1082,198,0.00133333,0,332278,4.14095e+06,51.2868
2644,968,0.00132626,0,332208,4.14092e+06,50.4711
2655,1547,0.0013089,0,332678,4.14094e+06,96.2271
3293,2950,0.00130378,0,333316,4.14092e+06,49.6871
1417,397,0.0012987,0,332824,6.18948e+45,58.148
2618,2415,0.00129366,0.00583829,332691,4.1406e+06,47.759
2637,1511,0.001287,0,332714,4.14096e+06,55.3816
1144,396,0.00124069,0,332633,4.14104e+06,56.439
364,67,0.00122399,0,332589,4.1411e+06,58.3823
1842,201,0.00121507,0,332494,4.14076e+06,52.6039
5216,4549,0.00121359,0,332290,4.14127e+06,54.9293
1857,711,0.00120919,0,332444,4.1408e+06,52.0341
5213,4568,0.00120192,0,332232,4.14126e+06,56.6348
5200,332,0.00120048,0.147482,332642,4.14124e+06,58.7723
5168,1992,0.0011976,0,332610,4.14105e+06,54.0848
5209,4599,0.00118343,0,332185,4.14127e+06,56.7813
2906,1998,0.00115207,0,332949,4.14069e+06,51.4614
3280,2833,0.00112867,0,333162,4.14084e+06,81.3764
1642,191,0.00107991,0,332558,4.1411e+06,54.551
1557,1049,0.00104822,0,332364,4.14107e+06,58.9195
