441,375,0.918014,0.54839,328953,4.11797e+06,55.7298
444,373,0.911579,0.99943,328953,4.11797e+06,56.0386
431,375,0.909699,0.534311,328953,4.11797e+06,93.9522
457,375,0.908989,0.531062,328991,4.11797e+06,58.8497
434,375,0.90764,0.54817,328992,4.11797e+06,58.8063
468,404,0.905973,0.516531,328957,4.11801e+06,55.5558
438,383,0.904206,0.654023,328953,4.11797e+06,55.5359
466,410,0.90411,0.963579,328992,4.11797e+06,58.7606
471,410,0.903704,0.987531,328956,4.11801e+06,55.8544
464,375,0.903654,0.545918,328953,4.11797e+06,93.9693
465,410,0.902893,0.962792,328956,4.11801e+06,55.9458
440,385,0.902851,0.609534,328953,4.11797e+06,93.5941
437,373,0.902141,0.972241,328956,4.11801e+06,56.0886
462,375,0.901981,0.743294,328956,4.11801e+06,55.9604
413,362,0.901766,0.610447,328953,4.11797e+06,55.4073
3530,3454,0.901639,0.94595,329003,4.11901e+06,60.6972
452,382,0.90162,0.996739,328953,4.11797e+06,94.4808
435,375,0.901309,0.547533,328953,4.11797e+06,56.0492
521,419,0.901293,0.974279,328992,4.11797e+06,58.7317
459,394,0.900571,0.950831,328956,4.11801e+06,55.7065
495,442,0.900513,0.96683,328990,4.11797e+06,58.971
470,394,0.90011,0.965148,328953,4.11797e+06,93.8401
3519,3450,0.898113,0.969881,329006,4.11904e+06,60.6274
449,375,0.897541,0.53368,328953,4.11797e+06,93.2837
445,389,0.897464,0.923974,328953,4.11801e+06,55.8361
475,382,0.897375,0.948833,328953,4.11798e+06,94.8271
1698,1613,0.896774,0.823154,329118,4.11933e+06,61.4524
430,378,0.896447,0.989072,328953,5.80028e+45,58.9299
3522,3453,0.896386,0.998697,329003,4.11901e+06,91.0357
3524,3450,0.89532,0.970927,329003,4.11901e+06,60.6478
432,378,0.895259,0.988303,328953,4.11797e+06,55.7352
518,442,0.895248,0.961845,328991,4.11797e+06,58.8933
450,373,0.894621,0.998176,328956,4.11801e+06,55.9134
461,402,0.894318,0.92147,328953,4.11798e+06,94.8595
1694,1609,0.894048,0.664563,329119,4.11933e+06,61.3467
487,430,0.893777,0.935695,328953,4.11797e+06,93.796
1696,1614,0.893591,0.541794,329118,4.11933e+06,61.3905
458,394,0.89282,0.998651,328953,4.11797e+06,93.4597
520,446,0.892386,0.97326,328956,4.11801e+06,55.8908
415,361,0.892274,0.994542,328953,4.11797e+06,55.4388
1666,1612,0.892095,0.567474,329118,4.11933e+06,61.4143
454,389,0.89207,0.989014,328991,4.11797e+06,58.8295
467,375,0.891059,0.5262,328953,4.11797e+06,93.0902
3518,3444,0.890931,0.485559,329003,4.11901e+06,60.7003
504,451,0.890891,0.993292,328953,4.11797e+06,93.4628
1692,1633,0.890887,0.828697,329119,4.11933e+06,61.3836
422,362,0.890591,0.596019,328953,4.11797e+06,55.5209
3538,3454,0.890476,0.946803,329033,4.11901e+06,63.1026
497,430,0.890355,0.959299,328956,4.11801e+06,56.0065
509,440,0.890309,0.993679,328991,4.11797e+06,58.8672
3512,3453,0.890039,0.734813,329004,4.11901e+06,91.5987
448,389,0.889908,0.988166,328992,4.11797e+06,58.7931
463,387,0.889247,0.812694,328991,4.11797e+06,58.871
456,383,0.888889,0.997767,328956,4.11801e+06,55.7675
478,419,0.888776,0.948561,328953,4.11797e+06,93.0945
425,366,0.888761,0.806145,328991,4.11797e+06,55.593
498,429,0.888649,0.893956,328992,4.11797e+06,55.6197
482,415,0.888502,0.960899,328957,4.11801e+06,55.5491
523,462,0.888274,0.705274,328956,4.11801e+06,55.717
501,444,0.888218,0.522932,328956,4.11801e+06,55.915
439,375,0.887629,0.543189,328953,4.11797e+06,93.3562
3175,3089,0.8875,0.678715,328801,4.11901e+06,55.6301
3544,3450,0.887393,0.970972,329003,4.11901e+06,91.2978
503,430,0.88728,0.997583,328990,4.11797e+06,58.9417
524,428,0.887255,0.641222,328990,4.11797e+06,59.001
500,435,0.887147,0.970492,328953,4.11797e+06,93.556
3220,3151,0.886792,0.754061,328801,4.11901e+06,58.2929
418,362,0.886261,0.618856,328953,4.11797e+06,55.3432
486,430,0.885778,0.935541,328991,4.11797e+06,58.8504
514,449,0.885744,0.997268,328956,4.11801e+06,55.9815
489,430,0.885593,0.949777,328991,4.11797e+06,58.8649
442,389,0.885279,0.971882,328953,4.11797e+06,58.9629
3532,3452,0.884709,0.771887,329006,4.11904e+06,60.6247
474,375,0.884654,0.79764,328956,4.11797e+06,56.0111
515,435,0.884615,0.970356,328990,4.11797e+06,59.0214
473,413,0.884485,0.953126,328953,4.11798e+06,94.7838
502,431,0.884449,0.997383,328956,4.11801e+06,55.5634
3197,3126,0.88443,0.576704,328801,4.11901e+06,55.5597
472,396,0.884417,0.926574,328990,4.11797e+06,58.9642
433,380,0.884381,0.956306,328990,4.11797e+06,6.51351e+36
3752,3697,0.8841,0.671921,329096,4.11926e+06,96.1485
455,396,0.883243,0.950212,328953,4.11797e+06,93.5587
490,383,0.883234,0.923688,328953,4.11797e+06,93.706
491,433,0.883131,0.94309,328956,4.11801e+06,55.7281
424,362,0.883035,0.611562,328956,4.11801e+06,55.5527
479,426,0.883035,0.576723,328956,4.11801e+06,55.9899
3515,3448,0.883005,0.947372,329003,4.11901e+06,63.1291
3162,3089,0.882825,0.589637,328766,4.11901e+06,58.4289
451,375,0.882716,0.53319,328990,4.11797e+06,58.9872
1691,1599,0.882576,0.8181,329118,4.11933e+06,61.4581
1680,1609,0.88228,0.812484,329119,4.11933e+06,61.3809
508,435,0.882118,0.970622,328956,4.11801e+06,56.0457
3542,3437,0.881988,0.645696,329034,4.11901e+06,60.7596
3508,3453,0.88191,0.96157,329004,4.11901e+06,60.7277
507,454,0.881828,0.957398,328953,4.11798e+06,94.9586
522,465,0.881827,0.97361,328953,4.11797e+06,93.1971
3510,3442,0.881596,0.439236,329006,4.11904e+06,60.7258
446,381,0.881593,0.996808,328992,4.11797e+06,55.7367
1637,1585,0.881563,0.768301,329118,4.11933e+06,61.3524
494,435,0.881537,0.970523,328956,4.11801e+06,55.8817
493,430,0.881443,0.99899,328953,4.11797e+06,93.5336
1697,1610,0.881212,0.856806,329119,4.11933e+06,61.3259
3245,3192,0.881064,0.767799,328801,4.11901e+06,58.3213
3525,3452,0.88101,0.999139,329003,4.11901e+06,63.083
480,415,0.880979,0.955821,328992,4.11797e+06,58.7972
481,375,0.880977,0.513031,328953,4.11797e+06,93.2737
3526,3452,0.880689,0.998207,329003,4.11901e+06,91.717
496,439,0.880083,0.943378,328953,4.11797e+06,93.8567
513,451,0.880079,0.998186,328953,4.11797e+06,93.5314
3549,3450,0.88,0.984006,329003,4.11901e+06,60.6263
492,440,0.879518,0.982791,328990,4.11797e+06,58.9611
3775,3723,0.879518,0.881825,329096,4.11926e+06,62.4864
3506,3453,0.879459,0.998982,329034,4.11901e+06,60.7441
3534,3443,0.879331,0.490146,329003,4.11901e+06,91.0705
1685,1596,0.879227,0.647532,329119,4.11933e+06,61.3076
3216,3145,0.878981,0.994475,328767,4.11901e+06,58.3125
3517,3449,0.878713,0.971142,329003,4.11901e+06,60.7251
1693,1628,0.878505,0.470222,329118,4.11933e+06,61.3616
3191,3105,0.878357,0.672122,328767,4.11902e+06,90.1599
1686,1610,0.878345,0.94201,329119,4.11933e+06,61.3544
488,430,0.878338,0.950624,328955,4.11801e+06,56.0059
3725,3670,0.878072,0.95689,329096,4.11926e+06,62.5921
3756,3692,0.878071,0.924574,329096,4.11926e+06,62.4289
1672,1610,0.8779,0.885744,329119,4.11933e+06,61.3111
428,371,0.877823,0.64141,328956,4.11801e+06,56.0405
3520,3449,0.877817,0.971519,329033,4.11901e+06,60.7433
3773,3716,0.877799,0.834384,329096,4.11926e+06,95.7287
426,366,0.877743,0.755185,328953,4.11797e+06,55.945
1650,1585,0.877475,0.789705,329118,4.11933e+06,61.3515
3180,3118,0.877419,0.333382,328767,4.11901e+06,55.5601
427,370,0.877294,0.973674,1.41888e+06,4.11798e+06,95.2193
447,391,0.877249,0.95304,328956,4.11801e+06,55.8794
469,400,0.87723,0.986324,328991,4.11797e+06,58.8438
1689,1613,0.877108,0.748018,329118,4.11933e+06,61.3838
3732,3675,0.877089,0.752362,329099,4.1193e+06,62.6429
3221,3170,0.877023,0.413826,328767,4.11901e+06,55.5604
3540,3470,0.877019,0.647914,329003,4.11901e+06,60.8576
1668,1615,0.876999,0.911146,329119,4.11933e+06,61.3601
1636,1580,0.876647,0.696358,329118,4.11933e+06,61.3658
3207,3138,0.876563,0.993324,328801,4.11901e+06,58.3184
3546,3452,0.876543,0.965125,329003,4.11901e+06,60.6438
3507,3452,0.876543,0.573821,329034,4.11901e+06,63.1355
443,384,0.87643,0.973368,328992,4.11797e+06,58.7187
1673,1608,0.876419,0.504802,329118,4.11933e+06,61.3948
3161,3104,0.876404,0.361992,328767,4.11901e+06,55.5536
3527,3447,0.876364,0.995353,329003,4.11901e+06,60.8297
3764,3700,0.875984,0.707691,329096,4.11926e+06,65.13
3192,3085,0.875981,0.34284,328769,4.11905e+06,55.5627
519,460,0.875869,0.970742,328952,4.11797e+06,93.119
1664,1573,0.875315,0.973328,329118,4.11933e+06,61.4299
3768,3716,0.875,0.845249,329129,4.11926e+06,65.1481
510,433,0.874875,0.981185,328953,4.11797e+06,93.4111
1677,1615,0.874844,0.700434,329118,4.11933e+06,61.3824
3228,3170,0.874794,0.744984,328767,4.11901e+06,58.3868
3745,3692,0.874652,0.9256,329128,4.11926e+06,62.4301
3261,3183,0.874622,0.876373,328769,4.11905e+06,55.5994
3204,3145,0.874618,0.783031,328767,4.11902e+06,89.307
3737,3681,0.874532,0.874051,329096,4.11926e+06,62.453
3523,3441,0.874402,0.999375,329006,4.11904e+06,60.6665
1682,1605,0.874396,0.849357,329118,4.11933e+06,61.3638
3541,3447,0.874251,0.502424,329006,4.11904e+06,60.7956
1632,1573,0.873929,0.517604,329118,4.11933e+06,61.4058
1644,1587,0.873843,0.580284,329119,4.11933e+06,61.3292
3535,3454,0.873762,0.946147,329003,4.11901e+06,91.2914
3514,3463,0.873724,0.654002,329004,4.11901e+06,60.7675
1665,1596,0.873672,0.897707,329119,4.11933e+06,61.3336
1661,1610,0.873418,0.80482,329119,4.11933e+06,61.3794
3495,3442,0.873257,0.439119,329004,4.11901e+06,60.8274
1634,1580,0.873188,0.714915,329118,4.11933e+06,61.3856
517,458,0.873127,0.998518,328956,4.11801e+06,55.9831
3244,3192,0.873016,0.667432,328767,4.11901e+06,58.3244
3141,3081,0.872937,0.838631,328802,4.11901e+06,58.3537
3757,3696,0.872928,0.498534,329096,4.11926e+06,62.3729
3767,3675,0.872881,0.545048,329131,4.11926e+06,62.7736
3521,3439,0.872727,0.999631,329003,4.11901e+06,60.6352
506,442,0.872599,0.946582,328990,4.11797e+06,58.9559
3533,3452,0.872573,0.99833,329003,4.11901e+06,60.6273
511,444,0.872559,0.996078,328956,4.11801e+06,55.8734
477,373,0.872515,0.957671,328992,4.11797e+06,58.7373
3551,3454,0.872418,0.486321,329034,4.11901e+06,63.1412
3550,3454,0.872066,0.576251,329033,4.11901e+06,60.7364
525,474,0.872017,0.665298,328953,4.11797e+06,93.828
1688,1615,0.871972,0.908238,329119,4.11933e+06,61.329
1647,1595,0.871886,0.754653,329118,4.11933e+06,61.3828
1675,1610,0.871795,0.709558,329119,4.11933e+06,61.3611
3528,3450,0.871698,0.97081,329034,4.11901e+06,60.675
1684,1628,0.871638,0.535266,329118,4.11933e+06,61.4019
417,361,0.871636,0.98574,328953,4.11797e+06,55.4611
1646,1590,0.871581,0.992866,329118,4.11933e+06,61.4386
1625,1571,0.871515,0.548401,329119,4.11933e+06,61.3548
3531,3441,0.871481,0.919739,329006,4.11904e+06,60.6755
1648,1596,0.871429,0.754664,329119,4.11933e+06,61.3539
3236,3175,0.871287,0.377095,328769,4.11905e+06,55.6257
3211,3105,0.871272,0.890912,328801,4.11901e+06,55.5949
423,371,0.871245,0.97352,328953,4.11797e+06,55.9122
3497,3444,0.871212,0.950509,329006,4.11904e+06,60.8192
3203,3096,0.871176,0.490091,328767,4.11902e+06,90.4188
3169,3078,0.870968,0.920814,328767,4.11902e+06,89.5542
419,364,0.870935,0.998119,328953,4.11797e+06,55.8453
3243,3176,0.870866,0.848791,328767,4.11901e+06,55.5847
3529,3470,0.870849,0.687083,329034,4.11901e+06,63.3785
3239,3178,0.870704,0.715836,328767,4.11902e+06,90.4037
1683,1592,0.8707,0.636111,329119,4.11933e+06,61.345
484,424,0.87055,0.934871,328953,4.11797e+06,94.2866
499,408,0.870445,0.960195,328990,4.11797e+06,58.8893
3547,3450,0.870416,0.649349,329003,4.11901e+06,63.0823
3188,3080,0.87037,0.568796,328769,4.11905e+06,55.5866
3219,3155,0.87034,0.999044,328801,4.11901e+06,55.5604
3241,3183,0.870287,0.868577,328767,4.11902e+06,89.5707
1662,1596,0.870277,0.633906,329119,4.11933e+06,61.3666
460,373,0.870259,0.972084,328989,4.11797e+06,59.0358
3139,3078,0.870048,0.451816,328767,4.11901e+06,55.5702
3543,3447,0.86988,0.945828,329003,4.11901e+06,60.8035
3210,3081,0.869144,0.912775,328769,4.11905e+06,55.5326
3511,3447,0.868974,0.987741,329004,4.11901e+06,60.8183
3539,3450,0.868773,0.700151,329003,4.11901e+06,60.6588
1681,1610,0.868699,0.687711,329119,4.11933e+06,61.3091
3761,3686,0.868668,0.718465,329096,4.11926e+06,95.7714
3504,3447,0.868649,0.428279,329003,4.11901e+06,91.0396
1669,1610,0.86855,0.913392,329119,4.11933e+06,61.4158
1657,1595,0.868521,0.653941,329118,4.11933e+06,61.4467
1645,1573,0.868483,0.681483,329119,4.11933e+06,61.3735
1667,1613,0.868421,0.80694,329118,4.11933e+06,61.4261
1676,1608,0.868227,0.946151,329118,4.11933e+06,61.379
3256,3185,0.868167,0.386685,328767,4.11901e+06,55.6029
3516,3452,0.868039,0.967124,329034,4.11901e+06,63.1196
3548,3447,0.868039,0.534293,329003,4.11901e+06,90.7082
1663,1596,0.867901,0.875855,329119,4.11933e+06,61.3681
3494,3440,0.867665,0.999621,329034,4.11901e+06,63.2977
3222,3101,0.867488,0.970831,328769,4.11905e+06,55.5901
420,369,0.867359,0.946789,328953,4.11797e+06,58.7592
476,394,0.867337,0.950384,328956,4.11801e+06,55.9501
3148,3078,0.867314,0.751202,328769,4.11905e+06,55.5689
3776,3721,0.867209,0.538021,329096,4.11926e+06,65.3222
4463,4400,0.867196,0.920597,328801,4.11904e+06,101.329
3174,3085,0.867176,0.415287,328767,4.11901e+06,55.588
3748,3670,0.867041,0.910485,329099,4.1193e+06,62.6501
1652,1578,0.867001,0.613942,329118,4.11933e+06,61.4876
3232,3105,0.866987,0.459885,328769,4.11905e+06,55.6027
1641,1571,0.866911,0.536856,329118,4.11933e+06,61.3829
3237,3175,0.866889,0.584426,328767,4.11901e+06,55.5784
3500,3440,0.866834,0.583184,329004,4.11901e+06,91.5839
3731,3675,0.866667,0.59624,329096,4.11926e+06,62.6155
3770,3694,0.866607,0.634578,329099,4.11929e+06,62.4637
3176,3119,0.866564,0.455226,328801,4.11901e+06,58.2869
1695,1633,0.866516,0.708664,329119,4.11933e+06,61.278
3498,3442,0.866324,0.42908,329034,4.11901e+06,60.7904
3741,3670,0.86623,0.849622,329096,4.11926e+06,62.5629
3151,3085,0.865948,0.450895,328767,4.11902e+06,89.2508
3722,3670,0.865932,0.881735,329096,4.11926e+06,62.5739
3496,3440,0.865729,0.948395,329004,4.11901e+06,60.7768
3230,3170,0.865696,0.763112,328767,4.11901e+06,55.572
3164,3089,0.865385,0.698799,328766,4.11901e+06,55.625
3225,3105,0.865031,0.447637,328767,4.11902e+06,89.7247
1638,1585,0.865023,0.967512,329119,4.11933e+06,61.2944
3765,3687,0.864991,0.688196,329096,4.11926e+06,95.0594
3772,3721,0.864986,0.519829,329096,4.11926e+06,62.6211
3248,3155,0.864907,0.93929,328769,4.11905e+06,55.5805
505,442,0.864686,0.963617,328956,4.11801e+06,55.7481
3263,3211,0.864615,0.676081,328767,4.11902e+06,89.8231
3755,3696,0.864534,0.920684,329129,4.11926e+06,65.0902
3235,3172,0.864516,0.685258,328767,4.11902e+06,89.919
3173,3104,0.864434,0.385655,328767,4.11902e+06,90.8808
3231,3176,0.864407,0.445442,328767,4.11901e+06,55.5803
3240,3089,0.864353,0.497391,328766,4.11901e+06,55.7134
1678,1598,0.864303,0.808906,329118,4.11933e+06,61.4059
3170,3081,0.864198,0.818171,328769,4.11905e+06,55.5616
1649,1585,0.864,0.722083,329119,4.11933e+06,61.2794
3206,3096,0.863914,0.946436,328767,4.11901e+06,58.3078
1674,1592,0.863861,0.745851,329118,4.11933e+06,61.3944
3727,3674,0.863765,0.809721,329096,4.11926e+06,97.3743
3545,3447,0.863581,0.939996,329006,4.11904e+06,60.7892
3238,3184,0.863566,0.996141,328767,4.11901e+06,58.3525
918,831,0.863504,0.997841,328557,4.11942e+06,66.719
1627,1570,0.863469,0.910901,329118,4.11933e+06,61.3987
1631,1574,0.863369,0.735717,329119,4.11933e+06,61.3658
3499,3447,0.863354,0.470284,329004,4.11901e+06,60.8633
1623,1571,0.863309,0.520404,329119,4.11933e+06,61.3663
1640,1585,0.863046,0.851354,329119,4.11933e+06,61.2951
3194,3139,0.862928,0.369117,328767,4.11901e+06,58.3541
1653,1589,0.862893,0.744211,329118,4.11933e+06,61.406
1622,1571,0.862722,0.666121,329119,4.11933e+06,61.3767
1670,1614,0.86272,0.583284,329118,4.11933e+06,61.466
3189,3133,0.8624,0.755275,328801,4.11901e+06,55.5618
3190,3078,0.86233,0.808159,328767,4.11901e+06,55.5855
3205,3091,0.862175,0.72373,328767,4.11901e+06,55.5736
453,393,0.862069,0.997452,328956,4.11801e+06,55.894
3774,3717,0.862069,0.954314,329096,4.11926e+06,94.7503
3193,3087,0.862069,0.804827,328767,4.11901e+06,55.5838
3196,3105,0.861958,0.695317,328767,4.11901e+06,55.5528
485,429,0.861814,0.900241,328956,4.11801e+06,55.8122
3223,3167,0.861789,0.477794,328769,4.11905e+06,55.523
3505,3440,0.861675,0.999254,329004,4.11901e+06,60.754
3172,3104,0.861586,0.344829,328767,4.11901e+06,58.3
4462,4400,0.861354,0.831227,328801,4.11904e+06,100.856
3150,3078,0.86129,0.732546,328767,4.11901e+06,58.3143
3215,3105,0.861111,0.683712,328767,4.11901e+06,55.6063
3489,3436,0.861111,0.910145,329004,4.11901e+06,60.789
1643,1582,0.860666,0.782762,329118,4.11933e+06,61.4219
3154,3081,0.860248,0.993544,328801,4.11901e+06,58.3037
3759,3700,0.860205,0.734224,329129,4.11926e+06,62.4748
3267,3211,0.860129,0.854991,328802,4.11901e+06,58.3755
3246,3153,0.860129,0.470711,328766,4.11901e+06,55.6017
1659,1599,0.860077,0.83979,329118,4.11933e+06,61.4857
3754,3665,0.85989,0.628202,329096,4.11926e+06,65.7214
3146,3089,0.859873,0.57251,328766,4.11901e+06,55.6313
4529,4473,0.859729,0.72341,328801,4.11904e+06,101.971
3184,3078,0.859594,0.805494,328767,4.11901e+06,58.2952
3153,3089,0.8594,0.589223,328801,4.11901e+06,55.6392
1655,1581,0.859316,0.802699,329118,4.11933e+06,61.4719
3501,3450,0.859296,0.889918,329006,4.11904e+06,60.7973
3726,3670,0.859066,0.821825,329096,4.11926e+06,65.1982
3217,3155,0.858974,0.947472,328767,4.11902e+06,90.5646
3486,3435,0.858958,0.615439,329004,4.11901e+06,60.7794
3218,3104,0.858954,0.350052,328767,4.11901e+06,55.5762
3751,3676,0.85894,0.815186,329096,4.11926e+06,95.2329
3537,3458,0.858881,0.835078,329003,4.11901e+06,63.14
1671,1605,0.858779,0.955294,329118,4.11933e+06,61.4958
3753,3675,0.858482,0.878412,329096,4.11926e+06,62.6184
3423,3371,0.85848,0.846422,329001,4.11901e+06,61.0918
3509,3452,0.858374,0.999363,329006,4.11904e+06,60.7202
3502,3446,0.858209,0.744374,329003,4.11901e+06,60.8158
3734,3675,0.858031,0.547596,329095,4.11926e+06,62.9866
1654,1585,0.85801,0.793306,329119,4.11933e+06,61.3114
3242,3092,0.857843,0.92527,328767,4.11902e+06,90.7872
3185,3105,0.857812,0.489711,328801,4.11901e+06,58.3118
3771,3686,0.857689,0.56828,329099,4.1193e+06,62.5176
4516,4449,0.857454,0.79986,328801,4.11904e+06,101.132
3760,3694,0.857402,0.965475,329096,4.11926e+06,62.4226
1660,1601,0.857316,0.857548,329119,4.11933e+06,61.3672
3749,3676,0.857143,0.910684,329099,4.11929e+06,62.7604
3199,3087,0.857143,0.652983,328767,4.11901e+06,55.5808
3227,3151,0.857143,0.857428,328766,4.11901e+06,55.6466
3208,3122,0.857143,0.916135,328767,4.11901e+06,55.5646
892,830,0.857143,0.946689,328593,4.11942e+06,69.3018
1633,1580,0.856816,0.719543,329119,4.11933e+06,61.3002
3740,3671,0.856764,0.873125,329096,4.11926e+06,62.5317
3742,3687,0.856762,0.789449,329096,4.11926e+06,65.0651
3250,3175,0.856693,0.432501,328766,4.11901e+06,55.6369
3743,3687,0.856486,0.701082,329096,4.11926e+06,95.6874
3254,3198,0.85623,0.750938,328767,4.11901e+06,58.3393
1651,1597,0.856098,0.733134,329118,4.11933e+06,61.3997
3264,3105,0.856049,0.488979,328767,4.11902e+06,89.839
3513,3455,0.855932,0.971568,329003,4.11901e+06,91.3282
3750,3689,0.855823,0.874362,329096,4.11926e+06,62.5619
4502,4397,0.855478,0.816354,328801,4.11904e+06,60.9814
3187,3089,0.855285,0.569361,328766,4.11901e+06,55.6228
4453,4399,0.855219,0.731791,328801,4.11904e+06,64.22
3149,3085,0.855183,0.42568,328767,4.11901e+06,55.5813
3729,3675,0.855098,0.53503,329129,4.11926e+06,62.6199
3195,3080,0.854962,0.659976,328767,4.11902e+06,89.2029
3744,3674,0.854869,0.812406,329096,4.11926e+06,62.7127
3167,3085,0.854839,0.712258,328801,4.11901e+06,55.5578
483,430,0.854792,0.736018,328989,4.11797e+06,58.9928
3155,3083,0.854688,0.943573,328767,4.11901e+06,55.5512
3247,3184,0.854688,0.378926,328767,4.11901e+06,55.5546
4467,4411,0.854525,0.837038,328801,4.11904e+06,60.9422
1629,1571,0.854289,0.86876,329119,4.11933e+06,61.3116
3202,3080,0.854264,0.429235,328767,4.11901e+06,55.5852
3183,3105,0.854071,0.505882,328767,4.11901e+06,55.5794
3769,3697,0.854069,0.781135,329096,4.11926e+06,62.4611
3200,3130,0.853774,0.295061,328769,4.11905e+06,55.5488
512,442,0.853392,0.972499,328991,4.11797e+06,58.8161
1658,1596,0.853155,0.644708,329119,4.11933e+06,61.3967
3758,3670,0.853107,0.866655,329099,4.1193e+06,62.6037
3166,3081,0.853035,0.899761,328769,4.11905e+06,55.5341
3746,3673,0.852968,0.908551,329130,4.11926e+06,65.3858
3143,3078,0.852751,0.77824,328767,4.11901e+06,55.5668
3710,3653,0.85257,0.727759,329099,4.11929e+06,62.8258
1679,1623,0.852556,0.863047,329119,4.11933e+06,61.4251
4466,4400,0.85226,0.961906,328841,4.11904e+06,64.1016
3214,3124,0.851852,0.774633,328769,4.11905e+06,55.6146
3730,3679,0.851584,0.933671,329129,4.11926e+06,65.2193
3249,3178,0.851373,0.700966,328801,4.11901e+06,55.5884
3226,3145,0.8512,0.987611,328767,4.11902e+06,90.0371
3229,3103,0.850863,0.651021,328801,4.11901e+06,58.3453
3213,3105,0.8507,0.536194,328766,4.11902e+06,89.9596
3766,3697,0.850467,0.580989,329096,4.11926e+06,62.5008
3234,3135,0.850453,0.420378,328767,4.11901e+06,55.6067
3138,3081,0.850309,0.916473,328767,4.11902e+06,90.0923
3487,3436,0.85,0.910517,329006,4.11904e+06,60.768
909,831,0.849765,0.997526,328559,4.11945e+06,66.6882
3137,3077,0.849684,0.405736,328767,4.11902e+06,91.1888
3159,3078,0.8496,0.491266,328767,4.11902e+06,89.9191
3258,3175,0.849379,0.383985,328801,4.11901e+06,58.311
3152,3095,0.849359,0.979769,328766,4.11901e+06,55.6023
3177,3078,0.849206,0.578117,328767,4.11901e+06,55.5658
3278,3205,0.849057,0.761031,328767,4.11901e+06,55.5726
3260,3198,0.849026,0.837355,328770,4.11905e+06,55.5551
3704,3649,0.848907,0.74379,329095,4.11926e+06,65.5833
3201,3104,0.848855,0.825969,328769,4.11905e+06,55.5414
906,827,0.848485,0.944184,328560,4.11945e+06,66.5467
3711,3651,0.848485,0.604067,329099,4.1193e+06,63.0999
3147,3083,0.848387,0.767356,328767,4.11902e+06,90.6582
516,431,0.84763,0.634346,328953,4.11798e+06,95.2946
4520,4459,0.847588,0.904358,328801,4.11904e+06,100.499
3257,3195,0.847352,0.688984,328801,4.11901e+06,55.6244
1656,1598,0.847328,0.521827,329118,4.11933e+06,61.3772
3212,3105,0.847291,0.910253,328766,4.11901e+06,55.5658
4494,4418,0.847253,0.755047,328801,4.11904e+06,100.472
3735,3669,0.847115,0.602344,329095,4.11926e+06,96.7406
3198,3142,0.847114,0.962542,328801,4.11901e+06,58.2875
3536,3456,0.847059,0.946432,329003,4.11901e+06,60.842
3165,3080,0.846737,0.544008,328767,4.11901e+06,55.5913
907,831,0.84666,0.659168,328590,4.11942e+06,69.276
3262,3153,0.846645,0.95002,328767,4.11901e+06,55.5498
3493,3442,0.846633,0.429042,329003,4.11901e+06,63.3326
3181,3122,0.846626,0.942908,328767,4.11902e+06,89.5925
198,141,0.846543,0.969161,329537,4.11762e+06,47.4974
1628,1574,0.846424,0.698102,329119,4.11933e+06,61.3645
3252,3178,0.84639,0.739568,328769,4.11905e+06,55.6102
3253,3180,0.846154,0.426471,328767,4.11901e+06,55.545
894,840,0.846077,0.845894,328560,4.11945e+06,66.5786
1630,1570,0.845972,0.799617,329118,4.11933e+06,61.3507
3179,3124,0.845802,0.988915,328769,4.11905e+06,55.593
4517,4418,0.845645,0.856953,328804,4.11908e+06,60.9787
3265,3155,0.845554,0.395359,328767,4.11901e+06,55.5628
193,141,0.845501,0.996813,329540,4.11766e+06,47.503
1687,1611,0.845466,0.520296,329118,4.11933e+06,61.5618
3747,3666,0.845227,0.852807,329096,4.11926e+06,62.6442
4515,4418,0.845128,0.744836,328801,4.11904e+06,61.0025
896,827,0.845029,0.908944,328557,4.11942e+06,100.096
4513,4458,0.845023,0.863013,328804,4.11908e+06,60.9204
3274,3195,0.844937,0.539244,328769,4.11905e+06,55.6276
3233,3173,0.84466,0.714969,328803,4.11901e+06,55.5592
4485,4431,0.844587,0.956366,328801,4.11904e+06,100.745
856,800,0.84453,0.939895,328591,4.11942e+06,69.3528
3140,3089,0.844376,0.536453,328766,4.11901e+06,58.4042
1639,1571,0.844156,0.624298,329119,4.11933e+06,61.3255
3182,3110,0.844094,0.921403,328767,4.11902e+06,89.8469
3134,3078,0.844051,0.863741,328769,4.11905e+06,55.5471
3425,3374,0.844048,0.797756,329032,4.11901e+06,63.4349
3163,3108,0.843994,0.469857,328801,4.11901e+06,58.2747
890,829,0.843486,0.975047,328557,4.11942e+06,100.08
3157,3100,0.843354,0.912798,328770,4.11905e+06,55.5353
3503,3439,0.843215,0.522118,329003,4.11901e+06,63.242
4524,4449,0.843074,0.875509,328801,4.11904e+06,60.955
1635,1583,0.84307,0.934294,329119,4.11933e+06,61.3245
4474,4397,0.842623,0.700726,328801,4.11904e+06,60.8978
4522,4441,0.842572,0.830834,328841,4.11904e+06,61.1388
4451,4390,0.84241,0.921168,328804,4.11908e+06,61.0276
4473,4405,0.842386,0.89169,328804,4.11908e+06,60.9383
875,824,0.842204,0.98123,328557,4.11942e+06,99.9269
3271,3214,0.842105,0.630529,328802,4.11901e+06,55.6295
882,824,0.842105,0.982551,328560,4.11945e+06,66.6734
3145,3078,0.841867,0.794291,328800,4.11901e+06,55.584
2483,2411,0.841823,0.465651,329240,4.11832e+06,53.2543
3721,3662,0.841813,0.700585,329130,4.11926e+06,62.7541
203,147,0.841652,0.995275,329540,4.11766e+06,47.4345
898,834,0.841239,0.999048,328591,4.11942e+06,69.3278
3491,3439,0.841229,0.937182,329004,4.11901e+06,92.2208
3733,3676,0.841021,0.943093,329098,4.1193e+06,62.8249
4511,4418,0.840934,0.952181,328801,4.11904e+06,60.9851
3178,3093,0.840735,0.727792,328769,4.11905e+06,55.5779
857,804,0.840551,0.923904,328558,4.11942e+06,101.115
4481,4402,0.840484,0.930953,328804,4.11908e+06,60.9499
2482,2426,0.840474,0.998295,329242,4.11835e+06,53.309
3144,3083,0.840376,0.945727,328769,4.11905e+06,55.5653
3492,3438,0.840347,0.998453,329004,4.11901e+06,60.9159
436,370,0.840326,0.965126,328957,4.11801e+06,55.4923
4476,4423,0.840178,0.820723,328801,4.11904e+06,102.182
2461,2406,0.840111,0.789939,329240,4.11833e+06,82.1009
4437,4381,0.839953,0.881068,328804,4.11908e+06,60.981
3269,3218,0.839937,0.723736,328767,4.11901e+06,55.6084
4514,4435,0.839873,0.958033,328840,4.11904e+06,60.9936
4510,4400,0.839831,0.888988,328840,4.11904e+06,64.1034
3762,3671,0.839614,0.841607,329099,4.1193e+06,62.7734
895,824,0.839154,0.969162,328590,4.11942e+06,69.3664
905,841,0.838863,0.671505,328557,4.11942e+06,100.638
4434,4381,0.838641,0.892125,328840,4.11904e+06,60.9569
3738,3666,0.838619,0.914301,329096,4.11926e+06,65.5047
3156,3101,0.838509,0.992695,328769,4.11905e+06,55.608
2462,2406,0.838156,0.798088,329242,4.11835e+06,53.2244
4523,4418,0.838095,0.82747,328840,4.11904e+06,64.079
3715,3653,0.838035,0.732081,329095,4.11926e+06,62.6733
4483,4422,0.837958,0.941083,328801,4.11904e+06,61.0403
902,800,0.837864,0.96382,328557,4.11942e+06,100.535
1642,1571,0.837714,0.548317,329119,4.11933e+06,61.269
3736,3676,0.837125,0.864101,329096,4.11926e+06,95.4924
4527,4431,0.837029,0.963763,328801,4.11904e+06,60.9968
3136,3080,0.836957,0.788939,328767,4.11901e+06,55.5678
908,831,0.836935,0.574112,328557,4.11942e+06,100.426
2504,2410,0.836879,0.548885,329242,4.11835e+06,53.2624
4432,4368,0.836802,0.936747,328801,4.11904e+06,100.335
4526,4464,0.836779,0.785934,328804,4.11908e+06,61.0219
3273,3205,0.836767,0.955276,328767,4.11902e+06,90.2081
917,840,0.83642,0.820108,328558,4.11942e+06,66.5558
4488,4435,0.836364,0.820425,328841,4.11904e+06,64.331
900,829,0.836231,0.927015,328559,4.11945e+06,66.7201
4486,4413,0.836197,0.912816,328801,4.11904e+06,60.8876
3777,3671,0.835945,0.813387,329129,4.11926e+06,65.1962
205,150,0.835897,0.880625,329537,4.11762e+06,47.4235
3719,3659,0.835793,0.671703,329096,4.11926e+06,62.8051
3270,3145,0.835637,0.787839,328769,4.11905e+06,55.5987
4505,4425,0.835616,0.810263,328801,4.11904e+06,60.983
888,800,0.835431,0.577804,328560,4.11945e+06,66.5769
919,850,0.835271,0.998527,328557,4.11942e+06,66.779
3209,3135,0.835115,0.445376,328767,4.11901e+06,55.5868
196,141,0.835034,0.995355,329537,4.11762e+06,91.0539
3251,3132,0.834967,0.450941,328767,4.11902e+06,91.5708
2509,2457,0.834838,0.99526,329240,4.11832e+06,55.6004
4521,4397,0.834755,0.754314,328801,4.11904e+06,60.9271
4443,4390,0.834737,0.926257,328801,4.11904e+06,64.1106
526,474,0.834563,0.639295,328956,4.11801e+06,55.9591
3706,3652,0.834469,0.555882,329095,4.11926e+06,62.7222
3728,3664,0.834286,0.949802,329096,4.11926e+06,62.8405
4472,4418,0.834254,0.963005,328801,4.11904e+06,100.792
4506,4409,0.834242,0.919726,328801,4.11904e+06,100.994
192,139,0.834154,0.901218,329536,4.11762e+06,47.4283
3224,3088,0.834123,0.514336,328766,4.11901e+06,55.5893
859,804,0.834106,0.880144,328591,4.11942e+06,69.4184
1690,1622,0.833721,0.755207,329119,4.11933e+06,61.4024
4492,4388,0.833696,0.724844,328840,4.11904e+06,60.9322
4449,4397,0.833693,0.78174,328801,4.11904e+06,60.8798
4512,4434,0.833689,0.975398,328801,4.11904e+06,60.9973
877,817,0.833647,0.591372,328591,4.11942e+06,69.3051
3717,3659,0.833631,0.628522,329130,4.11926e+06,65.4513
4518,4459,0.833333,0.859755,328801,4.11904e+06,61.0487
216,148,0.833333,0.958788,329540,4.11766e+06,47.4041
3171,3080,0.833333,0.555924,328767,4.11901e+06,55.5469
3259,3145,0.833333,0.976629,328767,4.11901e+06,55.6044
889,836,0.833177,0.607419,328590,4.11942e+06,69.3092
213,146,0.833052,0.877867,329578,4.11762e+06,50.7176
2496,2410,0.833046,0.548511,329240,4.11833e+06,53.273
2474,2416,0.832898,0.549495,329240,4.11832e+06,53.2084
4493,4441,0.832632,0.797206,328801,4.11904e+06,61.0822
853,801,0.832522,0.555645,328592,4.11942e+06,69.3393
2451,2400,0.832423,0.503325,329268,4.11832e+06,55.7275
3739,3671,0.832386,0.895385,329129,4.11926e+06,65.286
2486,2412,0.831956,0.906838,329240,4.11832e+06,53.274
2014,1957,0.831589,0.795071,329277,4.11841e+06,53.7828
2468,2402,0.831512,0.855177,329240,4.11832e+06,53.2642
4424,4368,0.831498,0.930654,328801,4.11904e+06,60.8522
2485,2410,0.83147,0.548688,329240,4.11833e+06,80.8879
2478,2410,0.831358,0.603315,329268,4.11832e+06,53.2128
3268,3089,0.831288,0.527587,328766,4.11901e+06,55.6545
4444,4393,0.831243,0.944046,328842,4.11904e+06,64.2273
1927,1872,0.831194,0.74913,329277,4.11841e+06,53.5988
4501,4445,0.831001,0.849288,328840,4.11904e+06,64.1695
4489,4388,0.830851,0.886626,328801,4.11904e+06,61.0368
3160,3077,0.830769,0.728958,328767,4.11902e+06,90.4237
3266,3105,0.83056,0.900789,328767,4.11901e+06,58.3011
200,144,0.830508,0.983795,329579,4.11762e+06,50.8134
3129,3078,0.830455,0.795467,328767,4.11902e+06,89.5485
4452,4393,0.830329,0.793806,328801,4.11904e+06,60.99
4465,4388,0.830208,0.937218,328801,4.11904e+06,64.0309
874,805,0.830153,0.678117,328593,4.11942e+06,69.4645
4504,4452,0.829978,0.700996,328804,4.11908e+06,60.9762
881,827,0.829926,0.999005,328557,4.11942e+06,99.8822
872,820,0.829912,0.946588,328557,4.11942e+06,100.583
197,144,0.829897,0.8718,329537,4.11762e+06,89.7582
3490,3436,0.829787,0.910068,329004,4.11901e+06,91.9994
194,133,0.829752,0.842012,329540,4.11766e+06,47.4486
4477,4371,0.829571,0.863131,328801,4.11904e+06,60.9242
211,148,0.829565,0.866882,329537,4.11762e+06,47.4948
3272,3182,0.829384,0.961091,328767,4.11901e+06,55.5729
2467,2400,0.82929,0.961323,329240,4.11832e+06,53.2633
1920,1869,0.82922,0.791276,329277,4.11841e+06,53.6858
4480,4408,0.829167,0.924341,328801,4.11904e+06,60.9619
212,132,0.82906,0.995056,329580,4.11762e+06,47.4399
3135,3077,0.828968,0.445741,328769,4.11905e+06,55.5514
2512,2457,0.828821,0.786099,329240,4.11832e+06,53.3322
4433,4380,0.82854,0.98595,328801,4.11904e+06,60.9062
1993,1937,0.82844,0.847175,329277,4.11841e+06,53.7649
4448,4388,0.828358,0.917074,328840,4.11904e+06,60.9617
4479,4415,0.828294,0.860769,328840,4.11904e+06,64.0969
4497,4397,0.828228,0.760863,328801,4.11904e+06,64.1076
2454,2400,0.828014,0.666589,329268,4.11832e+06,55.6422
4470,4408,0.827843,0.738724,328841,4.11904e+06,60.9244
4454,4398,0.827623,0.878291,328801,4.11904e+06,100.451
2477,2409,0.827617,0.846154,329240,4.11832e+06,53.2444
3723,3653,0.827586,0.70186,329095,4.11926e+06,96.3178
2481,2415,0.827365,0.685991,329243,4.11835e+06,53.2184
2505,2443,0.827225,0.779456,329240,4.11832e+06,53.3813
2511,2406,0.827103,0.98275,329240,4.11832e+06,53.2397
4447,4392,0.827027,0.832393,328804,4.11908e+06,60.9344
2506,2450,0.826923,0.589937,329240,4.11833e+06,81.3856
2495,2441,0.826871,0.612872,329242,4.11835e+06,53.3465
865,799,0.826868,0.872171,328590,4.11942e+06,69.3526
855,803,0.82681,0.789495,328560,4.11945e+06,66.6094
4498,4418,0.826763,0.924943,328801,4.11904e+06,99.6432
3714,3651,0.826654,0.88662,329096,4.11926e+06,96.2614
3276,3225,0.826599,0.966095,328767,4.11901e+06,58.4306
1919,1864,0.826484,0.930025,329277,4.11841e+06,53.7031
189,133,0.82646,0.954792,329537,4.11762e+06,47.4483
903,850,0.826382,0.99928,328560,4.11945e+06,66.6739
2023,1960,0.826296,0.899662,329277,4.11841e+06,53.7875
911,834,0.826248,0.997389,328557,4.11942e+06,99.8114
2456,2400,0.826208,0.948835,329242,4.11835e+06,53.3082
2492,2441,0.826203,0.907571,329268,4.11833e+06,53.3498
4487,4418,0.826185,0.872484,328801,4.11904e+06,64.2138
873,813,0.825964,0.999445,328560,4.11945e+06,66.7025
4484,4414,0.825946,0.721166,328801,4.11904e+06,101.107
4460,4408,0.825647,0.890098,328804,4.11908e+06,60.9584
2488,2412,0.825603,0.99799,329270,4.11832e+06,55.7149
2501,2439,0.825561,0.861644,329268,4.11833e+06,55.5969
3168,3108,0.825545,0.720571,328767,4.11901e+06,55.5565
4439,4385,0.825295,0.985268,328801,4.11904e+06,60.9735
210,151,0.825291,0.987359,329537,4.11762e+06,88.4602
2008,1957,0.825252,0.804007,329277,4.11841e+06,53.8086
4431,4370,0.82519,0.946719,328801,4.11904e+06,64.0697
2499,2443,0.825175,0.848476,329240,4.11832e+06,53.3462
912,845,0.825121,0.993518,328560,4.11945e+06,66.6738
2016,1937,0.825024,0.913601,329277,4.11841e+06,53.8066
4450,4381,0.824948,0.673536,328801,4.11904e+06,99.6371
2472,2412,0.824838,0.724191,329240,4.11832e+06,53.2329
4420,4368,0.824655,0.87544,328801,4.11904e+06,60.9202
4503,4448,0.824655,0.909146,328804,4.11908e+06,60.9996
4461,4375,0.824561,0.841801,328801,4.11904e+06,60.9657
883,810,0.824526,0.553391,328592,4.11942e+06,69.3297
3142,3078,0.824508,0.779303,328767,4.11901e+06,55.5804
2470,2409,0.824407,0.755085,329240,4.11832e+06,53.2527
878,803,0.824351,0.837693,328558,4.11942e+06,101.548
3133,3082,0.824159,0.796129,328767,4.11901e+06,55.5557
1989,1938,0.824092,0.923811,329277,4.11841e+06,53.7972
4500,4418,0.823779,0.857174,328840,4.11904e+06,60.9865
4499,4387,0.823733,0.815792,328801,4.11904e+06,60.9982
864,803,0.823417,0.934319,328560,4.11945e+06,66.6387
3707,3653,0.823301,0.78386,329130,4.11926e+06,62.6718
4441,4388,0.823276,0.794902,328801,4.11904e+06,100.049
3275,3205,0.822995,0.760941,328767,4.11901e+06,55.6067
879,815,0.822936,0.565307,328559,4.11945e+06,66.7616
860,808,0.822907,0.961089,328557,4.11942e+06,101.043
2464,2410,0.822881,0.561726,329240,4.11833e+06,53.2494
916,863,0.822727,0.768265,328589,4.11942e+06,69.3788
2510,2410,0.822357,0.519235,329267,4.11833e+06,55.4666
4440,4372,0.822296,0.939039,328801,4.11904e+06,101.94
3158,3103,0.822257,0.764602,328767,4.11901e+06,55.5935
3255,3192,0.822257,0.330582,328767,4.11902e+06,89.8806
2011,1957,0.821942,0.747759,329277,4.11841e+06,53.7787
3186,3091,0.821875,0.4636,328767,4.11901e+06,55.5815
899,834,0.821532,0.998975,328557,4.11942e+06,100.369
2460,2406,0.821459,0.885443,329268,4.11833e+06,55.489
914,827,0.821033,0.65611,328557,4.11942e+06,99.7035
206,136,0.820724,0.997449,329540,4.11762e+06,89.1167
2013,1937,0.820721,0.974324,329277,4.11841e+06,53.7935
4519,4452,0.820513,0.812917,328801,4.11904e+06,64.1215
4490,4408,0.820483,0.800586,328801,4.11904e+06,61.0028
2498,2443,0.820348,0.849478,329240,4.11833e+06,82.1423
2018,1939,0.820235,0.979086,329277,4.11841e+06,53.8371
901,836,0.820171,0.99893,328590,4.11942e+06,69.3093
2465,2403,0.819982,0.666834,329240,4.11832e+06,53.1487
2508,2451,0.819804,0.486129,329240,4.11832e+06,53.5292
904,827,0.819687,0.945852,328590,4.11942e+06,69.3324
4459,4400,0.819604,0.96363,328804,4.11908e+06,60.9625
2476,2411,0.819349,0.59045,329240,4.11833e+06,81.1152
3279,3149,0.819315,0.991016,328801,4.11901e+06,55.5965
4491,4418,0.819251,0.921217,328804,4.11908e+06,60.9431
870,815,0.8191,0.597536,328559,4.11945e+06,66.7878
201,150,0.818923,0.882463,329537,4.11762e+06,47.4071
2466,2411,0.818919,0.486284,329240,4.11832e+06,53.1998
1995,1941,0.818773,0.963037,329277,4.11841e+06,53.8268
1953,1892,0.818773,0.980243,329277,4.11841e+06,53.7954
852,801,0.818697,0.569318,328560,4.11945e+06,66.6714
2493,2407,0.818588,0.582384,329240,4.11832e+06,53.2834
871,800,0.81854,0.964222,328592,4.11942e+06,69.2886
2463,2412,0.818505,0.77419,329269,4.11832e+06,55.4933
4495,4425,0.818468,0.980849,328804,4.11908e+06,61.0616
4430,4369,0.818283,0.761618,328801,4.11904e+06,60.8179
4528,4468,0.818277,0.735482,328801,4.11904e+06,99.6389
2458,2404,0.818099,0.590462,329240,4.11833e+06,82.4979
893,831,0.817927,0.694024,328557,4.11942e+06,99.8124
4471,4400,0.817898,0.696929,328801,4.11904e+06,60.9549
876,804,0.817739,0.905828,328560,4.11945e+06,66.5975
2497,2443,0.817505,0.841919,329240,4.11832e+06,55.6002
1948,1887,0.817408,0.842157,329277,4.11841e+06,53.6454
3763,3692,0.817273,0.880903,329096,4.11926e+06,62.4792
869,815,0.817204,0.597593,328557,4.11942e+06,100.693
913,843,0.816901,0.974694,328591,4.11942e+06,69.317
4442,4381,0.816837,0.85653,328801,4.11904e+06,60.9462
862,800,0.816817,0.58165,328592,4.11942e+06,69.2848
887,800,0.816206,0.78685,328558,4.11942e+06,101.109
4435,4375,0.816176,0.739225,328839,4.11904e+06,64.0431
884,824,0.816143,0.617589,328557,4.11942e+06,99.4714
3716,3659,0.816123,0.706148,329096,4.11926e+06,65.4344
886,831,0.816071,0.97365,328589,4.11942e+06,69.327
1918,1864,0.815891,0.842811,329277,4.11841e+06,53.7071
4469,4417,0.815733,0.792019,328804,4.11908e+06,60.9439
1961,1897,0.815713,0.971348,329277,4.11841e+06,53.8399
185,133,0.815661,0.714758,329540,4.11766e+06,47.4412
4525,4422,0.815625,0.895719,328804,4.11908e+06,61.0424
4458,4381,0.815565,0.774355,328801,4.11904e+06,60.9306
2009,1948,0.815471,0.931833,329277,4.11841e+06,53.7822
4508,4400,0.815217,0.85793,328801,4.11904e+06,61.0259
2491,2439,0.81517,0.724196,329242,4.11835e+06,53.4092
1921,1868,0.815157,0.677694,329277,4.11841e+06,53.689
2006,1937,0.814982,0.941742,329277,4.11841e+06,53.8205
4428,4372,0.814978,0.843075,328801,4.11904e+06,101.305
1947,1896,0.814815,0.83537,329277,4.11841e+06,53.7532
2475,2402,0.814782,0.863564,329240,4.11832e+06,55.5187
2007,1938,0.814643,0.874873,329277,4.11841e+06,53.8256
4496,4430,0.814378,0.818248,328801,4.11904e+06,60.9475
2502,2443,0.814366,0.775708,329240,4.11832e+06,53.3213
4475,4418,0.814346,0.727708,328801,4.11904e+06,64.2041
1979,1903,0.814299,0.98499,329277,4.11841e+06,53.8199
885,799,0.814024,0.85576,328560,4.11945e+06,66.6062
850,799,0.813975,0.85334,328590,4.11942e+06,69.3528
1985,1903,0.813845,0.937129,329277,4.11841e+06,53.8455
2471,2403,0.813793,0.678416,329240,4.11832e+06,53.2054
1933,1882,0.813761,0.809221,329278,4.11841e+06,53.7133
1937,1864,0.813743,0.852686,329277,4.11841e+06,53.6934
2507,2450,0.813514,0.678299,329240,4.11833e+06,81.852
190,136,0.813505,0.997478,329578,4.11762e+06,50.7472
880,823,0.813462,0.929096,328592,4.11942e+06,69.3371
2473,2419,0.81338,0.902894,329242,4.11835e+06,53.2444
866,815,0.813333,0.861943,328557,4.11942e+06,100.18
3720,3653,0.813321,0.777659,329098,4.1193e+06,62.863
854,799,0.813259,0.878309,328557,4.11942e+06,99.6087
910,838,0.812977,0.997808,328591,4.11942e+06,69.299
3424,3372,0.812717,0.836313,329031,4.11901e+06,61.0812
2459,2403,0.812665,0.677769,329242,4.11835e+06,53.1763
2469,2402,0.812608,0.779239,329240,4.11832e+06,53.2522
1997,1905,0.8125,0.964197,329278,4.11841e+06,53.7937
897,840,0.812439,0.99921,328560,4.11945e+06,66.6161
195,133,0.812183,0.950507,329537,4.11762e+06,47.4789
3277,3179,0.812102,0.894612,328767,4.11902e+06,90.0528
3132,3079,0.812006,0.890075,328802,4.11901e+06,58.3634
4423,4370,0.811674,0.872759,328801,4.11904e+06,60.909
868,810,0.811634,0.94657,328590,4.11942e+06,69.4543
921,830,0.811538,0.899838,328557,4.11942e+06,66.677
2480,2409,0.811289,0.673601,329240,4.11833e+06,53.3004
202,138,0.811224,0.879316,329537,4.11762e+06,47.3991
199,140,0.811111,0.894334,329537,4.11762e+06,50.7257
4429,4374,0.810956,0.555609,328804,4.11908e+06,61.0011
209,138,0.810903,0.880541,329537,4.11766e+06,50.7794
4468,4378,0.810505,0.779988,328801,4.11904e+06,61.0216
4457,4368,0.810384,0.905813,328841,4.11904e+06,64.0578
891,834,0.810219,0.930782,328559,4.11945e+06,66.7308
858,800,0.809846,0.92756,328560,4.11945e+06,66.592
1951,1898,0.809821,0.837286,329277,4.11841e+06,53.8331
863,804,0.809392,0.737342,328557,4.11942e+06,100.255
3552,3468,0.808737,0.477003,329003,4.11901e+06,60.7934
2019,1914,0.808411,0.841946,329277,4.11841e+06,53.7147
1992,1935,0.808281,0.952576,329278,4.11841e+06,53.7666
1959,1892,0.808031,0.935782,329277,4.11841e+06,53.866
2022,1947,0.807868,0.788854,329277,4.11841e+06,53.738
2490,2439,0.807459,0.576834,329240,4.11833e+06,53.4834
1966,1889,0.807393,0.956047,329277,4.11841e+06,53.7714
3421,3370,0.807372,0.880009,329001,4.11901e+06,63.4671
4509,4428,0.80732,0.922526,328801,4.11904e+06,64.2697
1952,1878,0.807034,0.654918,329277,4.11841e+06,53.6197
2005,1941,0.806931,0.916457,329277,4.11841e+06,53.8728
208,136,0.806818,0.996904,329537,4.11762e+06,47.3973
3427,3369,0.806804,0.740563,329004,4.11904e+06,60.9627
4507,4447,0.806489,0.908698,328801,4.11904e+06,102.918
4445,4375,0.806383,0.672789,328801,4.11904e+06,60.9386
2012,1946,0.806298,0.729085,329277,4.11841e+06,53.7704
429,375,0.806134,0.5264,328953,4.11797e+06,55.809
2010,1914,0.806038,0.744407,329277,4.11841e+06,53.7394
1923,1864,0.805984,0.935811,329277,4.11841e+06,53.6623
3724,3649,0.805482,0.802839,329098,4.1193e+06,62.6698
2015,1912,0.804788,0.882481,329277,4.11841e+06,53.7724
1936,1864,0.804202,0.8518,329277,4.11841e+06,53.6727
2449,2397,0.803571,0.721939,329240,4.11833e+06,81.9647
204,146,0.803279,0.721705,329578,4.11762e+06,47.4455
2489,2423,0.802842,0.670329,329240,4.11833e+06,53.6022
2479,2406,0.802632,0.83757,329270,4.11832e+06,55.5724
1960,1905,0.802536,0.956582,329277,4.11841e+06,53.8211
1968,1902,0.802517,0.964669,329277,4.11841e+06,53.8188
1996,1913,0.802517,0.939744,329277,4.11841e+06,53.8007
207,142,0.802469,0.995879,329540,4.11766e+06,47.4472
1971,1909,0.802326,0.81882,329277,4.11841e+06,53.8072
1938,1866,0.802271,0.90124,329277,4.11841e+06,53.6162
1955,1892,0.802228,0.956125,329277,4.11841e+06,53.7947
215,136,0.801653,0.969706,329540,4.11766e+06,47.397
1940,1887,0.8013,0.977712,329277,4.11841e+06,53.667
4478,4417,0.801053,0.853644,328841,4.11904e+06,61.0111
2004,1937,0.800905,0.904009,329277,4.11841e+06,53.8101
2487,2430,0.80052,0.748313,329240,4.11833e+06,55.8181
1977,1898,0.80038,0.896502,329277,4.11841e+06,53.8437
1917,1866,0.800366,0.803085,329277,4.11841e+06,53.571
920,840,0.800195,0.996879,328557,4.11942e+06,66.7926
1949,1889,0.800183,0.924958,329277,4.11841e+06,53.7284
3426,3374,0.799772,0.848213,329001,4.11901e+06,61.0793
4464,4367,0.799159,0.736018,328801,4.11904e+06,60.9386
4456,4396,0.79906,0.771942,328845,4.11904e+06,60.9212
421,369,0.79893,0.938837,328991,4.11797e+06,58.8592
1965,1914,0.798335,0.891615,329277,4.11841e+06,53.7343
1991,1915,0.797883,0.986127,329277,4.11841e+06,53.7661
2484,2428,0.797743,0.915324,329240,4.11833e+06,81.7539
2500,2444,0.797723,0.971111,329268,4.11832e+06,53.3427
1975,1894,0.797688,0.961312,329277,4.11841e+06,53.7722
2494,2441,0.797578,0.995292,329240,4.11833e+06,81.1053
922,856,0.797146,0.561779,328558,4.11942e+06,66.7545
1945,1894,0.79692,0.944723,329277,4.11841e+06,53.7305
3702,3647,0.796905,0.917205,329098,4.1193e+06,62.7201
1930,1877,0.796802,0.855385,329277,4.11841e+06,53.6344
4427,4370,0.796591,0.975127,328801,4.11904e+06,60.8792
2001,1941,0.796533,0.94395,329277,4.11841e+06,53.8463
4455,4390,0.796432,0.715536,328801,4.11904e+06,61.0636
217,149,0.79602,0.879439,329537,4.11762e+06,47.4041
2017,1887,0.795749,0.965187,329277,4.11841e+06,53.6793
1982,1898,0.795389,0.924096,329277,4.11841e+06,53.8591
1999,1864,0.795374,0.935607,329278,4.11841e+06,53.6532
2503,2450,0.795276,0.641729,329242,4.11835e+06,53.4263
4421,4369,0.795259,0.838516,328801,4.11904e+06,64.1253
1962,1892,0.795238,0.88624,329277,4.11841e+06,53.8746
1954,1892,0.795037,0.984051,329277,4.11841e+06,53.7693
1935,1876,0.794495,0.804615,329277,4.11841e+06,53.6317
1932,1872,0.793804,0.799992,329277,4.11841e+06,53.5922
1922,1868,0.793785,0.777853,329277,4.11841e+06,53.6232
1931,1870,0.793756,0.835255,329277,4.11841e+06,53.6374
2515,2463,0.793256,0.83995,329240,4.11832e+06,53.2917
4482,4421,0.793213,0.875214,328804,4.11908e+06,61.1591
861,801,0.793169,0.573339,328560,4.11945e+06,66.6483
188,135,0.792248,0.983155,329537,4.11762e+06,89.067
1980,1927,0.792088,0.913458,329277,4.11841e+06,53.8223
4446,4367,0.792045,0.763487,328801,4.11904e+06,60.9123
1956,1873,0.791978,0.948714,329277,4.11841e+06,53.5443
1998,1922,0.791789,0.944667,329277,4.11841e+06,53.8189
1946,1895,0.791783,0.8333,329277,4.11841e+06,53.757
214,137,0.791736,0.882544,329537,4.11762e+06,47.4186
1976,1919,0.791179,0.973047,329277,4.11841e+06,53.7902
1957,1890,0.791086,0.727826,329277,4.11841e+06,53.7292
1950,1890,0.791073,0.947161,329277,4.11841e+06,53.7202
2517,2463,0.790594,0.607739,329242,4.11835e+06,53.3046
4436,4375,0.79,0.806328,328801,4.11904e+06,60.9285
1183,1126,0.789675,0.667804,328966,4.12e+06,63.3398
1969,1910,0.789474,0.974447,329277,4.11841e+06,53.7886
1926,1869,0.789474,0.74637,329277,4.11841e+06,53.678
1943,1890,0.789372,0.833433,329277,4.11841e+06,53.7307
1970,1905,0.789184,0.880722,329277,4.11841e+06,53.7728
2021,1968,0.789062,0.982386,329277,4.11841e+06,53.8612
1939,1872,0.788889,0.795863,329277,4.11841e+06,53.6087
187,135,0.788871,0.980415,329537,4.11766e+06,50.8557
186,131,0.788591,0.868651,329537,4.11762e+06,47.3981
3422,3369,0.788262,0.847852,329001,4.11901e+06,90.529
4438,4374,0.788108,0.778599,328804,4.11908e+06,61.0566
191,137,0.787456,0.977988,329580,4.11762e+06,50.907
2516,2453,0.787138,0.889833,329240,4.11833e+06,82.4555
4422,4367,0.786481,0.697001,328841,4.11904e+06,64.137
1178,1127,0.786106,0.521196,328924,4.12e+06,101.002
1942,1866,0.786034,0.854023,329277,4.11841e+06,53.6643
182,128,0.785467,0.888557,329580,4.11762e+06,47.5595
2518,2463,0.785384,0.842544,329240,4.11832e+06,53.2933
1944,1884,0.784225,0.784244,329277,4.11841e+06,53.779
3701,3649,0.78253,0.824273,329096,4.11926e+06,96.5383
1986,1910,0.781081,0.894461,329277,4.11841e+06,53.8632
1924,1873,0.781049,0.861696,329277,4.11841e+06,53.5887
1974,1896,0.779964,0.910964,329277,4.11841e+06,53.8738
1182,1128,0.779964,0.517483,328927,4.12004e+06,60.0428
4426,4369,0.779446,0.922361,328842,4.11904e+06,60.7389
1972,1921,0.779233,0.774592,329277,4.11841e+06,53.9317
2450,2399,0.779221,0.53758,329242,4.11835e+06,53.2541
2455,2401,0.778966,0.765469,329240,4.11833e+06,82.4645
1984,1864,0.778505,0.793548,329277,4.11841e+06,53.7517
1990,1892,0.777977,0.879432,329277,4.11841e+06,53.8088
1988,1923,0.777087,0.905536,329277,4.11841e+06,53.7585
1699,1597,0.777053,0.84615,329118,4.11933e+06,61.5588
915,840,0.775348,0.770619,328560,4.11945e+06,66.5986
1964,1902,0.774688,0.984622,329277,4.11841e+06,53.8653
3127,3076,0.773016,0.948265,328767,4.11901e+06,55.5622
1987,1936,0.772978,0.958071,329277,4.11841e+06,53.7531
1181,1126,0.771583,0.916851,328924,4.12e+06,100.98
1925,1874,0.771513,0.82712,329277,4.11841e+06,53.6589
3280,3103,0.770867,0.901051,328801,4.11901e+06,58.3336
2513,2453,0.769878,0.900517,329243,4.11835e+06,53.4693
1967,1866,0.76845,0.904564,329277,4.11841e+06,53.685
2020,1960,0.767612,0.97777,329277,4.11841e+06,53.8086
181,121,0.767213,0.968432,329540,4.11766e+06,47.43
2457,2397,0.766696,0.743966,329268,4.11832e+06,55.4407
1978,1892,0.766635,0.956563,329277,4.11841e+06,53.8263
1983,1919,0.764444,0.954213,329277,4.11841e+06,53.8171
2002,1943,0.764436,0.866261,329277,4.11841e+06,53.8083
2003,1924,0.763636,0.96608,329277,4.11841e+06,53.8101
173,121,0.762478,0.961423,329536,4.11762e+06,47.4471
3718,3667,0.761905,0.965793,329096,4.11926e+06,62.6987
2514,2434,0.760035,0.740995,329268,4.11833e+06,53.4061
218,133,0.759717,0.84231,329537,4.11762e+06,88.9994
1994,1936,0.758904,0.932631,329277,4.11841e+06,53.7381
115,64,0.758772,0.533446,329536,4.11768e+06,47.7603
1973,1866,0.758724,0.925587,329277,4.11841e+06,53.7239
923,824,0.758454,0.573748,328557,4.11942e+06,67.1297
1963,1909,0.757689,0.955835,329277,4.11841e+06,53.9086
1700,1569,0.755618,0.542805,329118,4.11933e+06,61.4965
2000,1934,0.755159,0.931574,329277,4.11841e+06,53.7914
126,74,0.754797,0.458622,329537,4.11768e+06,47.7429
180,122,0.754209,0.75805,329536,4.11762e+06,47.3979
184,119,0.754181,0.81326,329540,4.11762e+06,91.1597
179,122,0.753719,0.842349,329536,4.11762e+06,47.3976
1624,1573,0.752347,0.971839,329119,4.11933e+06,61.385
178,122,0.751667,0.845845,329581,4.11762e+06,50.9516
4418,4367,0.751566,0.732311,328840,4.11904e+06,60.8979
1934,1875,0.751485,0.841354,329277,4.11841e+06,53.6724
125,64,0.750557,0.751968,9.84819e+36,3.09001e+07,8.53671e+45
2453,2396,0.750438,0.671647,329242,4.11835e+06,53.3693
1928,1877,0.750226,0.67084,329277,4.11841e+06,53.6879
177,121,0.74958,0.973418,329536,4.11762e+06,50.9165
1620,1569,0.749409,0.704284,329119,4.11933e+06,61.2291
1916,1863,0.747628,0.653347,329277,4.11841e+06,53.6172
3778,3723,0.747296,0.91226,329096,4.11926e+06,62.4828
924,850,0.74709,0.851457,328557,4.11942e+06,66.7444
2452,2397,0.745005,0.791608,329241,4.11833e+06,83.1252
1626,1567,0.743291,0.790222,329119,4.11933e+06,61.2291
1941,1879,0.741722,0.818764,329277,4.11841e+06,53.6197
116,64,0.7375,0.925576,329585,4.11762e+06,51.985
4425,4374,0.735632,0.987726,328804,4.11908e+06,61.0036
3281,3174,0.733558,0.842546,328767,4.11901e+06,55.6011
4530,4425,0.731441,0.746459,328801,4.11904e+06,61.1315
175,122,0.731293,0.856909,329536,4.11763e+06,93.0635
2780,2729,0.729754,0.861325,328907,4.11873e+06,55.1613
3131,3079,0.728571,0.734499,328802,4.11901e+06,55.5262
3712,3653,0.7251,0.729724,329096,4.11926e+06,62.8745
3556,3452,0.723554,0.598659,329004,4.11901e+06,60.5404
2448,2396,0.72192,0.622787,329269,4.11832e+06,55.5395
2779,2728,0.718903,0.686714,328908,4.11873e+06,84.2446
176,122,0.718699,0.957683,329536,4.11762e+06,47.3984
2782,2728,0.716822,0.784688,328935,4.11873e+06,57.1461
171,120,0.716667,0.844559,329537,4.11762e+06,47.4643
3130,3079,0.71517,0.272093,328767,4.11901e+06,55.5382
2781,2728,0.715162,0.827688,328935,4.11873e+06,55.1262
851,799,0.713998,0.84374,328557,4.11942e+06,100.813
1929,1872,0.710451,0.789178,329277,4.11841e+06,53.572
219,148,0.708253,0.364451,329537,4.11762e+06,89.4718
1981,1923,0.708147,0.860964,329277,4.11841e+06,53.7681
183,129,0.708065,0.966404,329537,4.11762e+06,47.4155
174,123,0.701445,0.970171,329536,4.11762e+06,50.9276
849,798,0.701422,0.597141,328560,4.11945e+06,66.4488
127,76,0.700952,0.742271,329537,4.11767e+06,47.712
3700,3648,0.698182,0.706211,329096,4.11926e+06,62.6387
114,63,0.692841,0.318619,329532,4.11763e+06,103.698
3705,3646,0.689944,0.691053,329095,4.11926e+06,97.7896
4419,4367,0.688372,0.960448,328842,4.11904e+06,64.2344
4531,4472,0.686747,0.763244,328801,4.11904e+06,61.1132
117,64,0.686627,0.808873,329533,4.11763e+06,98.89
3703,3645,0.685393,0.930508,329095,4.11926e+06,62.9098
4417,4366,0.684153,0.913657,328801,4.11904e+06,60.8589
168,117,0.680602,0.942332,329536,4.11762e+06,47.5814
123,63,0.672727,0.284076,2.50075e+06,8.00681e+45,9.2306e+36
124,70,0.67094,0.744741,8.71234e+45,1.00492e+37,5.82665e+06
1958,1904,0.670113,0.820453,329277,4.11841e+06,53.836
3555,3431,0.669344,0.496775,329006,4.11904e+06,60.6866
3713,3648,0.664172,0.941363,329096,4.11926e+06,96.7897
111,60,0.66055,0.803777,329532,4.11762e+06,47.7586
2783,2729,0.660156,0.843402,328907,4.11873e+06,55.0315
128,66,0.65913,0.819112,329533,4.11762e+06,47.6589
1177,1126,0.653986,0.986451,328965,4.12e+06,63.2974
1179,1127,0.652632,0.546382,328927,4.12004e+06,60.0112
2519,2463,0.651385,0.771396,329240,4.11832e+06,55.4473
122,66,0.65098,0.831748,9.08941e+36,4.9257e+06,7.88438e+45
119,61,0.644404,0.914651,8.70153e+36,4.89755e+06,7.55243e+45
161,109,0.642981,0.753751,329535,4.11763e+06,97.5464
129,69,0.641739,0.786956,329534,4.11762e+06,94.1916
140,83,0.636833,0.875676,329538,4.11767e+06,47.5264
169,116,0.635634,0.756488,329535,4.11762e+06,47.5722
120,68,0.634615,0.788892,1.6446e+06,7.59104e+45,8.75111e+36
134,76,0.634615,0.406834,329535,4.11762e+06,47.6016
162,109,0.632721,0.752558,329539,4.11767e+06,47.6468
151,99,0.632013,0.761453,329539,4.11767e+06,47.5942
2024,1949,0.631925,0.839502,329277,4.11841e+06,53.7323
167,115,0.630182,0.605149,329535,4.11762e+06,47.6106
159,103,0.629881,0.453899,329534,4.11763e+06,95.9178
136,73,0.629503,0.766055,329538,4.11767e+06,47.5195
157,101,0.629433,0.75983,329539,4.11767e+06,47.6117
160,84,0.628763,0.753964,329582,4.11762e+06,51.2506
118,60,0.627639,0.838591,7.81771e+45,9.00927e+36,2.11878e+06
143,88,0.625668,0.852532,329539,4.11767e+06,47.5364
165,109,0.625616,0.750818,329538,4.11767e+06,47.6583
138,75,0.625442,0.863272,329535,4.11762e+06,47.4823
150,99,0.624788,0.855403,329535,4.11763e+06,97.2412
172,113,0.623165,0.810733,329534,4.11762e+06,47.6427
113,62,0.622768,0.479541,329531,4.11762e+06,47.7706
170,84,0.622378,0.75247,329535,4.11762e+06,47.5079
139,83,0.622112,0.879231,329534,4.11763e+06,94.2329
121,68,0.622018,0.894789,7.51253e+45,8.66036e+36,785517
1621,1569,0.62201,0.700068,329119,4.11933e+06,61.247
133,69,0.621806,0.831398,329581,4.11762e+06,51.2828
142,87,0.620232,0.860346,329534,4.11763e+06,94.7682
163,103,0.619932,0.757514,329582,4.11762e+06,51.4671
131,73,0.618966,0.85098,329534,4.11762e+06,47.5113
152,101,0.618467,0.759015,329535,4.11763e+06,96.8539
149,83,0.615512,0.78269,329581,4.11762e+06,51.2248
867,800,0.615087,0.62529,328560,4.11945e+06,66.5781
156,101,0.614964,0.757191,329535,4.11763e+06,96.9767
141,78,0.614865,0.762959,329535,4.11762e+06,47.6095
158,84,0.613893,0.771892,329581,4.11762e+06,51.233
166,109,0.608403,0.852291,329584,4.11762e+06,51.6286
164,102,0.607083,0.743193,329535,4.11763e+06,97.1154
130,73,0.607023,0.767669,329534,4.11763e+06,93.8002
144,83,0.60596,0.771031,329581,4.11762e+06,47.5259
148,89,0.604377,0.751675,329538,4.11767e+06,47.5381
137,76,0.60396,0.763846,329581,4.11762e+06,47.4926
145,85,0.602837,0.393525,329535,4.11767e+06,47.5157
132,66,0.601002,0.765038,329535,4.11762e+06,51.2718
146,69,0.59901,0.764571,329581,4.11762e+06,51.2211
135,84,0.597381,0.752524,329535,4.11762e+06,47.5676
147,73,0.596965,0.765394,329534,4.11763e+06,94.7818
2259,318,0.590909,0.626015,329096,4.1179e+06,57.9249
925,827,0.588235,0.822382,328556,4.11942e+06,66.8838
2787,2736,0.583991,0.751493,328905,4.11873e+06,83.3547
4533,4473,0.581509,0.684759,328800,4.11904e+06,60.889
153,88,0.571142,0.402323,329539,4.11767e+06,47.6356
3488,3437,0.569853,0.647806,329006,4.11904e+06,60.8855
2789,2727,0.56743,0.917682,328904,4.11873e+06,55.0132
3708,3647,0.531073,0.814906,329132,4.11926e+06,65.6718
110,59,0.525229,0.78676,329531,4.11762e+06,47.7695
527,418,0.521984,0.953598,328953,4.11797e+06,55.6492
155,89,0.520089,0.752657,329588,4.11762e+06,51.8199
1243,701,0.5,0,328755,4.11946e+06,61.7666
1619,1568,0.499426,0.950947,329119,4.11933e+06,61.2099
2907,2439,0.497854,0,328932,4.11848e+06,55.365
1703,1574,0.492218,0.731065,329118,4.11933e+06,61.6694
3128,3076,0.487692,0.763978,328767,4.11901e+06,58.2893
412,361,0.480628,0.954781,328953,4.11797e+06,55.4961
416,360,0.47046,0.93327,328953,4.11797e+06,55.4551
1180,1128,0.461407,0.922138,328965,4.12e+06,63.3211
3554,3433,0.46056,0.895128,329006,4.11904e+06,60.7745
1238,868,0.458462,0,328794,4.11975e+06,64.5526
112,61,0.454343,0.814229,329531,4.11762e+06,47.748
926,871,0.452471,0.684546,328558,4.11942e+06,66.463
1000,914,0.452328,0,328643,4.1196e+06,65.6808
636,579,0.452158,0,328684,4.11837e+06,56.3441
3709,3647,0.451763,0.646081,329096,4.11926e+06,62.7001
2182,1667,0.449568,0,329336,4.11852e+06,53.8794
2262,1105,0.447115,0,329012,4.1188e+06,56.9331
928,840,0.445783,0.916474,328557,4.11942e+06,66.6155
2522,2410,0.443539,0.483251,329268,4.11833e+06,53.3678
570,329,0.442718,0,328927,4.11801e+06,54.8365
2269,331,0.439024,0.89211,329026,4.11792e+06,87.4888
1038,882,0.438356,0,328716,4.11969e+06,62.9487
4755,2338,0.433715,0.140119,329064,4.11814e+06,50.4396
953,570,0.427602,0,328726,4.1187e+06,59.3586
2919,1033,0.422018,0,328728,4.11935e+06,60.5523
628,277,0.419421,0,328958,4.11815e+06,55.3231
2521,2461,0.417629,0.753292,329241,4.11833e+06,53.2772
1252,775,0.414201,0,328813,4.11974e+06,63.757
2520,2404,0.406496,0.865384,329240,4.11833e+06,81.7233
1832,312,0.405556,0,329171,4.11818e+06,54.4888
1833,578,0.4,0,328996,4.11832e+06,53.3731
1187,1124,0.396378,0.744678,328924,4.12e+06,100.841
1185,1121,0.386322,0.876611,328927,4.12004e+06,60.0644
746,126,0.374101,0,328972,4.11849e+06,105.971
3779,3723,0.372531,0.557303,329096,4.11926e+06,62.5358
930,862,0.3712,0.558725,328558,4.11942e+06,66.425
1174,1122,0.368705,0.690435,328924,4.12e+06,99.7241
2523,2416,0.363636,0.543324,329268,4.11833e+06,55.3766
590,264,0.353591,0,329088,4.11799e+06,52.7985
2086,629,0.342984,0,329083,4.11835e+06,51.3275
1241,847,0.336658,0,328800,4.11976e+06,64.3841
2911,1124,0.330909,0,328749,4.1193e+06,62.2908
848,794,0.327952,0.902022,328557,4.11942e+06,100.878
3420,3369,0.325524,0.818994,329001,4.11901e+06,61.1406
2790,2725,0.324357,0.585648,328905,4.11873e+06,57.3754
1160,1095,0.323049,0.844682,328964,4.12e+06,63.1867
2206,740,0.321716,0,329036,4.11836e+06,56.0535
927,867,0.317333,0.833874,328557,4.11942e+06,66.461
3951,3340,0.316547,0,328786,4.11934e+06,62.3527
1154,1095,0.314974,0.663431,328963,4.12e+06,63.1229
2960,760,0.313433,0,328513,4.11915e+06,61.4294
4601,3702,0.312614,0,328965,4.11897e+06,58.3348
847,793,0.288889,0.74003,328591,4.11942e+06,69.5117
1834,594,0.286064,0,328993,4.11838e+06,53.5414
578,275,0.279412,0,329073,4.11797e+06,53.5312
3419,3365,0.279395,0.356459,329002,4.11904e+06,61.2768
2266,380,0.278802,0.110178,329036,4.11793e+06,58.1699
2277,326,0.274074,0.229321,329016,4.11793e+06,84.1635
1512,52,0.273713,0,329422,4.11856e+06,50.6269
629,337,0.269058,0,328832,4.1182e+06,58.6839
1253,829,0.267045,0,328819,4.11977e+06,63.6372
674,585,0.261856,0,328649,4.11845e+06,89.5906
532,373,0.25942,0.746415,328951,4.11797e+06,55.6108
1263,766,0.257979,0,328886,4.11975e+06,66.4723
3430,3368,0.254499,0.729004,329002,4.11901e+06,60.7921
841,789,0.250476,0.568478,328589,4.11942e+06,69.5834
4416,4365,0.247568,0.716387,328801,4.11904e+06,100.682
2160,1392,0.247541,0,329600,4.11896e+06,51.1234
641,570,0.247222,0,328720,4.11833e+06,57.6018
2285,1726,0.246809,0,329058,4.11862e+06,61.1223
4292,2456,0.243309,0,329080,4.11881e+06,57.4495
4178,2323,0.239063,0,328999,4.11878e+06,56.6455
2109,344,0.237323,0,329254,4.11804e+06,50.2225
3696,3643,0.234978,0.624796,329095,4.11926e+06,62.9735
4333,3653,0.227882,0,328981,4.11923e+06,64.4119
1813,917,0.226103,0,328870,4.11899e+06,60.7374
1461,1192,0.225806,0,329275,4.11987e+06,55.3125
715,45,0.223958,0,329001,4.1183e+06,88.3122
4043,2452,0.222552,0,329049,4.11898e+06,90.5708
2600,863,0.22093,0,328860,4.11901e+06,59.9046
2260,337,0.219873,0.155971,329069,4.11791e+06,58.3926
1222,672,0.219839,0,328725,4.1193e+06,60.5483
4678,4622,0.217712,0,328983,4.11842e+06,53.3879
4282,2479,0.217143,0,329061,4.11889e+06,58.508
2254,854,0.217143,0,328852,4.11865e+06,61.1415
4126,2724,0.210756,0,328960,4.11916e+06,61.4618
1618,1567,0.207022,0.737451,329118,4.11933e+06,61.2723
4673,2532,0.205128,0,329154,4.11833e+06,53.6446
1801,625,0.203991,0,328802,4.11857e+06,57.1564
4082,2060,0.200717,0,329221,4.11892e+06,57.2774
2606,1811,0.197753,0.57918,329117,4.11867e+06,55.458
1047,338,0.197368,0,328960,4.11879e+06,57.2966
2668,2616,0.194393,0.583983,329092,4.11872e+06,59.2669
1359,634,0.193483,0,329039,4.11935e+06,61.7714
1812,577,0.191209,0,328949,4.11839e+06,55.6448
1172,1105,0.190991,0.543737,328964,4.12e+06,63.1969
3993,607,0.190883,0,328663,4.11899e+06,94.8199
1029,237,0.186869,0,329160,4.1189e+06,55.7706
2878,2767,0.182979,0,328756,4.11869e+06,56.6384
1463,1266,0.182891,0,329375,4.11997e+06,56.3507
2983,1340,0.178378,0,328980,4.11958e+06,64.8356
2908,2406,0.171756,0,328927,4.11849e+06,57.9951
1272,886,0.171533,0,328912,4.1198e+06,66.9182
1186,1122,0.170923,0.734558,328964,4.12e+06,63.1459
2165,2068,0.168807,0,329511,4.11808e+06,46.4754
3949,2104,0.168539,0,329065,4.11901e+06,91.0851
1190,1121,0.167969,0.821632,328966,4.12e+06,63.4729
1758,281,0.166983,0,329185,4.11837e+06,57.5955
2589,913,0.165501,0,328891,4.11896e+06,89.8361
4081,2059,0.165493,0,329217,4.11892e+06,55.0073
4556,2766,0.1648,0,328851,4.11885e+06,57.0372
843,783,0.164794,0.588119,328553,4.11941e+06,99.469
4060,1726,0.161818,0,328981,4.11956e+06,62.8009
2037,762,0.161677,0,328939,4.11882e+06,58.3445
586,280,0.161215,0,329067,4.11798e+06,56.892
3583,148,0.160243,0,329284,4.11838e+06,53.8301
530,377,0.159292,0.893905,328952,4.11797e+06,55.7082
1184,1129,0.159292,0.693489,328924,4.12e+06,99.9184
4315,2318,0.158678,0,328941,4.11859e+06,56.8019
2253,1803,0.158621,0,329115,4.11825e+06,88.0522
3952,2701,0.158491,0,328850,4.11913e+06,61.0296
999,868,0.158151,0,328641,4.1196e+06,65.6253
4019,2745,0.158103,0,328823,4.11918e+06,58.7714
759,137,0.157635,0,329066,4.11845e+06,54.0579
1147,708,0.156966,0,328679,4.11942e+06,61.8827
1746,341,0.155963,0,329008,4.11837e+06,57.046
4810,4237,0.154545,0,328928,4.11872e+06,57.8853
4534,4469,0.153533,0.618212,328800,4.11904e+06,60.8441
2143,2028,0.153518,0,329434,4.11821e+06,47.0981
2251,982,0.152355,0,328935,4.1187e+06,58.4198
2107,1032,0.151822,0,329197,4.1192e+06,53.79
2937,1033,0.151741,0,328679,4.11938e+06,61.2522
4615,2322,0.151515,0,328948,4.11833e+06,52.3124
2822,2723,0.150365,0,328818,4.1187e+06,59.9514
2083,626,0.150101,0,329070,4.11834e+06,52.4369
4328,2598,0.143552,0,329021,4.11886e+06,61.1487
2242,1726,0.142857,0,329162,4.11849e+06,58.853
4761,2410,0.141975,0,329135,4.11822e+06,52.0236
4676,2137,0.140704,0,329280,4.11819e+06,47.7638
2881,2486,0.138943,0,328975,4.11846e+06,57.3365
4077,2482,0.13879,0,329116,4.11894e+06,56.622
4616,255,0.134426,0,329153,4.11817e+06,51.3772
4326,625,0.134293,0,328693,4.11875e+06,59.5518
2794,2676,0.133891,0,328970,4.11873e+06,54.9707
2200,1087,0.131737,0,329228,4.11878e+06,52.8474
4786,2325,0.128936,0.292503,329022,4.1181e+06,51.8009
1358,574,0.12782,0,329144,4.11914e+06,59.8767
4189,2786,0.125206,0,328956,4.11915e+06,59.0819
4279,2331,0.124555,0,328979,4.11871e+06,55.7266
4609,2330,0.12449,0,328948,4.11838e+06,53.6417
2052,319,0.123791,0,329225,4.1181e+06,53.733
1449,273,0.123077,0,329467,4.11866e+06,51.7275
4611,2073,0.122137,0,329140,4.11847e+06,52.2259
4175,3061,0.120956,0,328851,4.1193e+06,62.1866
1420,732,0.119377,0,329063,4.11946e+06,56.4173
4080,2322,0.118577,0,328999,4.11874e+06,55.1092
2962,2844,0.118081,0,328577,4.11878e+06,61.7635
720,506,0.117647,0,328764,4.11848e+06,61.624
1035,889,0.117391,0,328714,4.11968e+06,64.0836
4815,4740,0.114907,0,329027,4.11811e+06,51.2457
4789,2326,0.114168,0.351827,329021,4.1181e+06,51.9411
2235,1060,0.113793,0,329127,4.11873e+06,56.8329
2958,1804,0.113636,0,328785,4.11888e+06,58.8164
2063,306,0.1133,0,329297,4.11806e+06,53.1314
220,57,0.111954,0.417346,329535,4.11762e+06,47.6291
2231,635,0.110619,0,328936,4.11814e+06,55.4007
4672,1803,0.108926,0,329062,4.11849e+06,54.5191
2862,832,0.107407,0,328571,4.11906e+06,63.2909
567,485,0.10582,0.0251415,328885,4.11805e+06,54.4838
3783,2757,0.105263,0,328996,4.11898e+06,58.5481
1290,281,0.104651,0,329325,4.11882e+06,92.9316
750,391,0.104027,0,328767,4.11855e+06,59.0602
1207,307,0.103093,0,329105,4.1187e+06,58.9385
3450,2496,0.101716,0,329130,4.11868e+06,56.855
2062,317,0.100649,0,329265,4.11808e+06,53.4321
3326,1732,0.100147,0,328981,4.11912e+06,92.598
1835,1779,0.0997877,0,329138,4.11869e+06,56.7857
1332,750,0.099768,0,329019,4.11981e+06,63.3699
1430,1272,0.0988075,0,329439,4.12002e+06,55.8651
2061,814,0.0987055,0,329036,4.11879e+06,56.8497
2239,289,0.0981735,0.694893,329259,4.11778e+06,56.2756
4625,2325,0.0973054,0,328965,4.11831e+06,52.5562
1508,860,0.0970149,0,328918,4.11951e+06,61.0019
2674,2260,0.0969479,0,329089,4.11828e+06,56.0494
4072,2456,0.0964912,0,329127,4.11899e+06,59.7019
2041,762,0.0962644,0,328943,4.11881e+06,58.5545
1493,835,0.0962145,0,328997,4.11956e+06,60.6099
2706,202,0.0957447,0,329189,4.11833e+06,53.1181
2121,1806,0.0950704,0,329365,4.11841e+06,48.6657
4212,1425,0.0947867,0,329246,4.11963e+06,57.7643
1444,971,0.09375,0,329106,4.1197e+06,59.4318
4636,889,0.0933852,0,328755,4.11893e+06,58.6781
1370,1306,0.0932945,0,329511,4.12026e+06,64.0951
1768,814,0.0932476,0,328811,4.11919e+06,63.6868
4335,4283,0.0930233,0,328863,4.11932e+06,64.6418
4186,35,0.0925414,0,329202,4.11869e+06,87.5677
4223,2757,0.0924658,0,328901,4.11907e+06,59.0402
4194,2829,0.0916335,0,328806,4.11907e+06,61.2023
4621,2722,0.0915751,0,328902,4.11866e+06,54.8834
3286,337,0.0909091,0,328902,4.11845e+06,55.9337
716,39,0.0906516,0,329015,4.1183e+06,55.3471
2381,1803,0.0904908,0,329171,4.1185e+06,54.5418
2552,1237,0.0903846,0,329151,4.11931e+06,57.4289
4073,2769,0.0882353,0,328919,4.11918e+06,57.6091
2074,514,0.0871287,0,329255,4.11813e+06,50.6188
4765,2774,0.0854922,0,328981,4.1184e+06,52.9302
1494,678,0.0854271,0,328957,4.11921e+06,57.4346
941,175,0.0853659,0,329059,4.11853e+06,56.7873
4647,1835,0.0847953,0,329100,4.11846e+06,51.0459
3807,844,0.0846457,0,328850,4.11937e+06,67.3992
2130,1191,0.0841121,0,329298,4.11899e+06,50.3553
1246,1035,0.0833333,0,328967,4.12003e+06,60.9497
4016,2777,0.0824742,0,328848,4.1192e+06,61.4331
4124,2837,0.0824022,0,328810,4.11909e+06,89.2494
1307,1191,0.0823529,0,329166,4.12016e+06,61.2775
2169,237,0.0811808,0.0217031,329550,4.11775e+06,47.1409
319,44,0.0789866,0,329296,4.11777e+06,53.188
2785,2727,0.0769231,0.789557,328909,4.11876e+06,55.0262
3674,2779,0.0766962,0,329030,4.11898e+06,61.5401
4354,197,0.0765472,0,329128,4.11843e+06,56.8102
3832,156,0.0763984,0,329281,4.1186e+06,56.773
760,649,0.0759219,0,328586,4.11886e+06,62.5644
3480,2745,0.0753512,0,328982,4.11886e+06,60.2505
3011,2616,0.0749682,0,328812,4.11887e+06,60.9241
3857,2060,0.074813,0,329208,4.11877e+06,55.1402
2918,2507,0.0741935,0,328913,4.11855e+06,55.8024
4128,1008,0.0728814,0,328911,4.11973e+06,67.1194
3103,2827,0.0727848,0,328732,4.11882e+06,60.998
1827,1775,0.0723192,0,329120,4.11872e+06,56.3666
825,774,0.0722656,0.432301,328548,4.11939e+06,101
2586,2521,0.0722433,0,329212,4.11843e+06,53.4667
2128,237,0.0718232,0,329592,4.1179e+06,45.3417
4139,2773,0.0715137,0,328981,4.11919e+06,59.0981
2221,2073,0.0714286,0,329437,4.11797e+06,49.3419
2967,2235,0.0714286,0,328945,4.1183e+06,92.7299
2567,1843,0.0706033,0.769932,329253,4.11844e+06,54.4794
1588,902,0.0704898,0,328822,4.11938e+06,64.1652
2616,2137,0.0703518,0,329345,4.11843e+06,48.8217
4736,3782,0.0703125,0,329102,4.11869e+06,55.9882
2378,251,0.0702703,0,329358,4.11803e+06,53.6131
4209,2723,0.0702479,0,328941,4.11909e+06,61.6819
550,312,0.0696056,0,329031,4.11792e+06,54.4574
3046,2773,0.0694737,0,328785,4.11887e+06,58.3145
2270,1554,0.0692641,0,329076,4.11868e+06,59.8822
1396,639,0.0688468,0,329019,4.11916e+06,57.7443
2613,1546,0.0683594,0,329157,4.11905e+06,61.0828
3329,33,0.0676923,0,329185,4.11836e+06,54.7312
4078,2852,0.0671937,0,328739,4.11907e+06,89.324
3048,2498,0.0671463,0,328947,4.11867e+06,59.0449
1825,474,0.0670498,0,329077,4.11829e+06,55.5079
1725,882,0.0662983,0,328831,4.11934e+06,64.3616
2213,1777,0.0650407,0,329245,4.11831e+06,54.5823
3106,2744,0.0647709,0,328846,4.11885e+06,55.4021
2851,2455,0.0645933,0,328896,4.1185e+06,56.8022
1811,1191,0.0645933,0,329034,4.11923e+06,57.9718
2089,119,0.0645161,0,329571,4.11794e+06,46.3367
3010,1758,0.0644719,0,328796,4.11906e+06,63.7763
1120,1050,0.0642857,0.757458,328958,4.12e+06,62.6186
3966,1183,0.0642722,0,328822,4.11982e+06,61.3302
1159,305,0.0642504,0,329066,4.11879e+06,58.808
2257,255,0.0641822,0,329283,4.11778e+06,83.8992
3919,184,0.0638298,0,329036,4.11869e+06,55.8645
2791,2168,0.063745,0,329226,4.11832e+06,53.0954
4164,2767,0.0633803,0,328952,4.11921e+06,59.9112
4779,3538,0.0627675,0,329021,4.11851e+06,55.6512
4587,2325,0.0626959,0,328936,4.1184e+06,53.749
4165,1803,0.0626896,0,329032,4.11922e+06,60.8595
989,592,0.0625,0,328709,4.11893e+06,58.6483
588,302,0.0621762,0,328972,4.11801e+06,87.2015
2829,2137,0.0621039,0,329051,4.11842e+06,52.5307
2193,2073,0.0617761,0,329506,4.11801e+06,47.567
754,219,0.0614973,0,329129,4.11835e+06,57.7762
4374,3122,0.0612903,0.343327,328782,4.11903e+06,58.1052
4622,2785,0.0612583,0,328897,4.11865e+06,54.9143
1097,1037,0.0609244,0.186515,328897,4.11998e+06,97.9748
4675,3061,0.0594203,0,328899,4.11863e+06,56.8262
3905,2320,0.0590909,0,328892,4.11868e+06,60.5503
1470,704,0.0589812,0,328968,4.1193e+06,58.6022
4595,812,0.0581395,0,328688,4.1191e+06,61.4483
1308,980,0.0581395,0,328995,4.11995e+06,62.8366
2227,275,0.0580913,0.750802,329345,4.11774e+06,52.8707
3029,1730,0.0580153,0,328844,4.11915e+06,62.6819
2685,2342,0.0579439,0,329077,4.11841e+06,53.3095
3577,155,0.0576208,0,329267,4.11841e+06,58.1404
3614,2775,0.0574374,0,328992,4.11896e+06,59.3567
4685,640,0.0573427,0,328842,4.11839e+06,55.1374
2814,2745,0.0572988,0.133974,328842,4.11874e+06,57.0353
1189,1084,0.0568807,0.869054,328925,4.12004e+06,60.0424
4577,2323,0.0564263,0,328926,4.11842e+06,54.2944
352,150,0.0553846,0,329209,4.11782e+06,51.8293
4289,2757,0.0553846,0,328898,4.11904e+06,88.2641
337,48,0.0553571,0,329235,4.11779e+06,52.1681
4588,797,0.0551524,0,328693,4.11909e+06,61.5072
2330,873,0.0550725,0,328837,4.11869e+06,57.2359
1709,138,0.0549828,0,329312,4.11852e+06,54.12
4045,2417,0.054878,0,329060,4.11895e+06,54.9256
3027,2875,0.0548446,0,328591,4.11887e+06,61.0499
2672,1240,0.0547445,0,329098,4.11945e+06,61.6578
1302,306,0.0546448,0,329300,4.11884e+06,62.4509
2675,1494,0.0545775,0,329255,4.11928e+06,55.0115
4827,2069,0.0527523,0,329257,4.11817e+06,48.1147
1205,714,0.0526316,0,328683,4.11945e+06,61.8159
2043,1029,0.0526316,0,329091,4.11913e+06,56.5202
3059,2733,0.0525606,0,328813,4.1189e+06,57.8643
1168,586,0.0523649,0,328831,4.11902e+06,57.9299
4143,183,0.0521376,0,329207,4.11882e+06,57.3595
3466,2324,0.0518135,0,329012,4.11848e+06,57.4453
1113,217,0.0516854,0,329233,4.11885e+06,53.6279
3963,3732,0.0514286,0,328882,4.11946e+06,97.8432
2322,1544,0.0513595,0,329075,4.11867e+06,55.5898
3443,2327,0.0508055,0,329017,4.1185e+06,55.547
701,338,0.0505051,0,328763,4.11839e+06,87.9155
3603,2254,0.0505051,0,329103,4.11841e+06,62.9569
4311,146,0.0504854,0,329178,4.11852e+06,55.6921
4120,1494,0.0501253,0,329205,4.11967e+06,91.5357
2620,2318,0.05,0,329035,4.11833e+06,53.9423
4296,2462,0.0496454,0,329079,4.1188e+06,89.2458
4337,2816,0.0489731,0,328818,4.11886e+06,62.7252
3810,2532,0.0486577,0,329165,4.11883e+06,58.17
2118,882,0.0486322,0,329106,4.11878e+06,54.294
2138,1543,0.04814,0,329374,4.11877e+06,51.3537
4597,1621,0.0478927,0,328976,4.11902e+06,58.5316
638,311,0.0475248,0,328862,4.11821e+06,59.16
2594,925,0.0474934,0,328888,4.119e+06,59.8868
4027,2522,0.0474041,0,329006,4.11903e+06,59.3187
3025,396,0.0473251,0,328766,4.11852e+06,58.4418
3008,1494,0.0471014,0,328978,4.11935e+06,58.716
4661,2515,0.0470085,0,329123,4.11835e+06,50.6602
4061,1240,0.0469314,0,328956,4.11995e+06,62.3216
1413,907,0.0461538,0,329122,4.11966e+06,59.1228
4142,1762,0.0459519,0,329016,4.11939e+06,64.0317
1465,590,0.0455927,0,329129,4.11898e+06,53.1687
4605,2122,0.0453515,0,329212,4.11842e+06,49.5817
4552,1537,0.0451505,0,328980,4.11921e+06,60.7329
4050,3411,0.0449827,0,328955,4.11938e+06,62.5907
2847,2749,0.0446097,0,328748,4.11869e+06,84.0722
2439,2340,0.0445587,0,329162,4.11827e+06,51.6825
2164,1783,0.0444915,0,329319,4.11836e+06,50.4235
4646,2765,0.044335,0,328928,4.1186e+06,52.0041
4172,2674,0.0443286,0,329058,4.11924e+06,62.9369
4067,591,0.044164,0,328819,4.11902e+06,89.9429
4608,2413,0.043573,0,329034,4.1185e+06,55.1485
4317,3758,0.0435435,0,328978,4.11931e+06,63.297
2152,33,0.04329,0,329559,4.11771e+06,44.9709
2845,2342,0.0432767,0,328837,4.11843e+06,55.9562
3908,2466,0.0431655,0,328975,4.11886e+06,58.3283
4756,2322,0.0431177,0.123458,329035,4.11811e+06,51.2355
4768,2320,0.0430622,0.0976968,329022,4.1181e+06,51.6185
2806,60,0.0430528,0,329138,4.1183e+06,51.8471
1474,313,0.043038,0,329296,4.11872e+06,54.8265
4131,3735,0.0429936,0,329048,4.1195e+06,62.3392
3324,2636,0.0429799,0,328984,4.11887e+06,57.912
3077,314,0.0427632,0,328990,4.11838e+06,56.6607
2220,2089,0.0421456,0,329487,4.11794e+06,48.548
1053,257,0.0420168,0,329218,4.11868e+06,54.0398
2240,2052,0.0416667,0,329307,4.11807e+06,52.3601
4359,150,0.0415913,0,329169,4.11834e+06,54.425
979,894,0.0411985,0,328608,4.11954e+06,65.306
4151,2700,0.0411081,0,329000,4.11918e+06,61.5589
4709,2478,0.0410959,0.0112508,329185,4.11828e+06,50.938
3665,201,0.0408998,0,329300,4.1185e+06,55.8507
1441,166,0.0408805,0,329590,4.11882e+06,48.6399
649,510,0.0403226,0,328735,4.11831e+06,90.2352
1841,881,0.0397351,0,328937,4.11888e+06,60.9353
4682,4609,0.0392157,0,328969,4.11846e+06,55.078
4273,2481,0.0389785,0,329104,4.11886e+06,60.8235
1050,876,0.0386266,0,328725,4.11969e+06,62.8675
2050,1234,0.0386179,0,329198,4.11914e+06,54.862
4618,4247,0.0385675,0,328886,4.11898e+06,58.3755
1137,576,0.0379061,0,328847,4.11889e+06,90.5855
1478,257,0.0373832,0,329459,4.11857e+06,50.7995
4184,3827,0.0369822,0,328994,4.11946e+06,64.0177
3575,2792,0.0368932,0,328954,4.11884e+06,91.1442
1296,817,0.0368421,0,328913,4.11983e+06,64.2655
4174,2168,0.0367937,0,329245,4.1188e+06,55.5896
3680,2727,0.0365854,0,328997,4.11901e+06,58.3682
4038,555,0.0364372,0,328833,4.11896e+06,57.1605
4190,2457,0.0361248,0,329123,4.11893e+06,60.3286
1548,122,0.0360656,0,329297,4.1187e+06,55.6295
583,458,0.0359551,0,328849,4.11809e+06,88.5277
2365,1755,0.0357143,0,329147,4.11863e+06,59.1526
1912,847,0.0354868,0,328919,4.11891e+06,60.1649
2618,2532,0.035461,0,329188,4.11851e+06,84.5823
1203,577,0.0353357,0,328846,4.11889e+06,90.7695
775,701,0.0352941,0,328550,4.11912e+06,67.5167
1284,428,0.0351906,0,329125,4.11911e+06,59.7077
3019,1239,0.0348259,0,328827,4.11952e+06,62.1226
4320,813,0.0346386,0,328699,4.11935e+06,98.8908
2076,1775,0.0345679,0,329287,4.11858e+06,52.5914
2369,1546,0.0340136,0,329172,4.11877e+06,85.8461
2664,2532,0.0339233,0,329187,4.11851e+06,54.8655
2255,834,0.0338542,0,328878,4.11862e+06,63.8318
2202,76,0.0337079,0.319307,329512,4.11766e+06,47.6185
572,375,0.0336634,0.00909103,328871,4.11806e+06,55.5299
2154,1399,0.0336323,0,329612,4.11902e+06,50.3127
2250,1695,0.033557,0,329143,4.11851e+06,91.7681
4218,3696,0.0333333,0,329023,4.11936e+06,62.766
1856,919,0.0332512,0,328926,4.1189e+06,60.0156
4594,2769,0.032882,0.305914,328875,4.11874e+06,55.1886
2715,834,0.0328638,0,328800,4.11904e+06,60.9692
2885,2415,0.0327022,0,328961,4.11849e+06,54.4543
1416,405,0.0326531,0,329326,4.11898e+06,53.2725
4681,2731,0.0326087,0,328997,4.11849e+06,54.2802
4644,2785,0.0325,0,328925,4.1186e+06,52.4637
2090,1542,0.0324675,0,329380,4.11883e+06,53.2601
3829,2763,0.0322129,0,328966,4.11901e+06,59.0303
1757,137,0.0320285,0,329261,4.11843e+06,56.1898
3904,2490,0.0319635,0,328973,4.11888e+06,62.5325
1754,534,0.0315615,0,328997,4.11852e+06,58.959
3308,2699,0.0315315,0,328932,4.11888e+06,59.0525
1248,817,0.0315186,0,328811,4.11976e+06,63.7769
4026,861,0.031401,0,328687,4.11962e+06,65.9536
2604,827,0.03125,0,328847,4.11904e+06,92.4573
931,832,0.0307971,0.813028,328558,4.11942e+06,66.4686
4574,213,0.0306306,0,329112,4.11834e+06,53.6754
2190,762,0.0305927,0,329007,4.11854e+06,56.6111
311,32,0.0305164,0,329307,4.1177e+06,52.9546
1547,1239,0.030303,0,329093,4.11974e+06,61.4004
1852,1733,0.029909,0,329177,4.1188e+06,57.6316
585,307,0.0298103,0,328965,4.11804e+06,56.541
792,733,0.0295359,0,328531,4.1193e+06,64.8829
3054,2747,0.0294118,0,328796,4.11887e+06,58.7386
2167,1407,0.0291971,0,329611,4.11895e+06,49.8659
2238,2053,0.0291262,0,329317,4.11806e+06,52.6888
2932,2437,0.0288184,0,328894,4.11856e+06,85.7057
2174,142,0.0287958,0.0477837,329549,4.1177e+06,46.5062
4386,4332,0.0287846,0.0235037,328857,4.1191e+06,66.8122
2338,188,0.028777,0,329290,4.11794e+06,51.4291
2348,618,0.028754,0,328867,4.11833e+06,53.8492
4336,1870,0.028626,0,329075,4.11879e+06,59.8393
3785,132,0.0285375,0,329287,4.11856e+06,92.4723
2704,2599,0.0284698,0.00727447,329061,4.1187e+06,82.4864
2347,906,0.0283912,0,328864,4.11873e+06,86.8978
4651,3644,0.0283019,0,329028,4.11883e+06,55.2495
3101,458,0.0280811,0,328855,4.11852e+06,55.7972
3677,813,0.028028,0,328813,4.11934e+06,64.9659
1283,178,0.0280112,0,329415,4.11896e+06,96.1241
2858,1494,0.0280066,0,328969,4.11914e+06,57.343
2131,1539,0.027933,0,329384,4.11882e+06,52.0841
2068,1813,0.027833,0,329298,4.11844e+06,52.1394
1208,710,0.0276498,0,328686,4.11941e+06,61.8172
3009,2608,0.0276243,0,328826,4.11886e+06,91.591
2218,551,0.027451,0,329185,4.11785e+06,50.8194
2647,212,0.027439,0,329299,4.11825e+06,52.4327
4411,228,0.0266809,0,329161,4.11835e+06,54.0728
4585,2389,0.0266667,0,329045,4.11854e+06,54.8939
2261,1977,0.02657,0,329173,4.11813e+06,87.1476
1365,776,0.0261905,0,329076,4.11983e+06,65.3915
2767,2323,0.0261261,0,328966,4.11838e+06,53.2691
1234,185,0.0260586,0,329263,4.1189e+06,54.7668
1277,1109,0.0260223,0,329105,4.12013e+06,100.325
2532,844,0.0259939,0,328953,4.11884e+06,59.4698
1164,846,0.0259067,0,328725,4.11969e+06,100.337
4757,3402,0.02589,0,329033,4.11851e+06,55.1735
2111,318,0.02537,0,329339,4.11799e+06,51.5397
1107,915,0.0249433,0,328757,4.11967e+06,66.7012
2964,2431,0.0249221,0,328930,4.11861e+06,90.4449
1015,214,0.024911,0,329142,4.11878e+06,54.8897
2860,2432,0.0247253,0,328918,4.11848e+06,56.5957
1364,1209,0.0246154,0,329283,4.12015e+06,62.4605
677,181,0.0243363,0,328968,4.11828e+06,54.5036
4785,2757,0.0241327,0,328969,4.1184e+06,53.7234
642,175,0.0239521,0,328954,4.11817e+06,87.1109
2186,1949,0.0238727,0,329394,4.1181e+06,50.4184
3303,2987,0.0238429,0,328684,4.11901e+06,59.2296
3017,617,0.0236439,0,328603,4.11871e+06,90.9969
3031,1661,0.0235507,0,328843,4.11916e+06,61.5735
2210,1826,0.0233645,0,329320,4.11812e+06,51.0953
2879,2761,0.0232068,0,328786,4.11869e+06,55.9862
3992,226,0.0231884,0,329075,4.1187e+06,93.1811
2293,650,0.0231579,0,328719,4.11833e+06,91.8399
4690,2018,0.0231214,0,329176,4.11832e+06,51.0784
3973,1665,0.0230496,0,328894,4.11953e+06,61.9088
2048,1241,0.0228571,0,329199,4.11921e+06,55.207
3070,625,0.0227743,0,328679,4.11872e+06,84.6083
3384,2447,0.022673,0,329152,4.11866e+06,59.6206
2248,2025,0.022449,0,329230,4.11813e+06,55.2479
4578,2785,0.0223214,0.0383234,328864,4.11878e+06,56.3619
1249,1037,0.0222222,0,328981,4.12005e+06,60.519
4071,1942,0.0217391,0,329100,4.11908e+06,60.4861
346,207,0.0217028,0,329196,4.11783e+06,87.061
1379,651,0.021611,0,329037,4.1193e+06,61.9571
1351,547,0.0215827,0,329229,4.11921e+06,58.4834
3800,2833,0.0215589,0,328845,4.11894e+06,62.3232
1793,841,0.0215054,0,328793,4.11913e+06,62.7602
3824,2397,0.0213904,0,329180,4.11878e+06,60.3691
270,131,0.0213523,0.00231428,329472,4.11768e+06,52.7297
2271,207,0.0212264,0,329252,4.11781e+06,55.1196
4119,192,0.0211361,0,329243,4.11879e+06,57.3662
1223,205,0.021021,0,329254,4.11883e+06,54.0129
765,319,0.0209424,0,328838,4.11853e+06,93.649
4826,4136,0.0209302,0,328974,4.11905e+06,58.3747
2272,634,0.0208768,0,328801,4.11822e+06,83.6858
2325,152,0.0208044,0,329204,4.11793e+06,80.4682
4561,2759,0.0208,0,328854,4.11883e+06,57.1589
4125,2746,0.0206612,0,328960,4.11918e+06,60.0827
3301,2330,0.0206349,0,328944,4.11849e+06,81.8217
670,538,0.0203562,0,328764,4.11835e+06,59.3574
2252,179,0.020339,0,329349,4.11774e+06,54.6893
4576,2779,0.020202,0.00751431,328859,4.11879e+06,56.6847
3576,2342,0.0199637,0,329072,4.1185e+06,53.74
1282,852,0.0198675,0,328929,4.1198e+06,67.7862
4818,3186,0.0198238,0,328852,4.11855e+06,53.9737
4380,1387,0.0197368,0,329257,4.11965e+06,95.3098
2752,2470,0.0197183,0,329076,4.11852e+06,54.1701
2156,1275,0.0197044,0,329434,4.11898e+06,50.1795
2082,306,0.0196507,0,329360,4.11803e+06,52.3283
2846,2451,0.0195783,0,328889,4.11851e+06,83.7323
1286,908,0.0194175,0,328938,4.1198e+06,67.6714
1061,149,0.0193798,0,329228,4.1188e+06,53.6056
3819,3745,0.0193004,0.230684,329070,4.11929e+06,62.9291
1342,963,0.0192308,0,329010,4.11992e+06,64.3487
1202,979,0.0189702,0,328816,4.11981e+06,65.41
2530,878,0.0189504,0,328960,4.11883e+06,59.1588
4280,3742,0.0186567,0,329023,4.11935e+06,62.5202
640,557,0.0184332,0,328718,4.11833e+06,55.7792
3698,2739,0.0184332,0,328996,4.119e+06,58.4226
3459,3400,0.0184275,0.424214,329002,4.11901e+06,91.5488
4814,4593,0.0183767,0,328896,4.11837e+06,53.6381
4192,2785,0.0183486,0,328925,4.11912e+06,58.8018
3415,2463,0.0183066,0,329122,4.11867e+06,86.1567
2650,881,0.0182556,0,328849,4.11908e+06,62.102
1569,918,0.018244,0,328829,4.11938e+06,64.0543
580,137,0.0181818,0,329123,4.11795e+06,54.5382
2112,121,0.0181406,0,329604,4.11791e+06,44.7464
1011,183,0.0181269,0,329091,4.1189e+06,57.5452
2609,849,0.018018,0,328870,4.11905e+06,61.0086
4129,2476,0.0178282,0,329123,4.119e+06,58.2684
3589,861,0.0175439,0,328801,4.11925e+06,63.2376
2939,1651,0.0173913,0,328776,4.11906e+06,64.1031
740,132,0.0173745,0,328989,4.11848e+06,56.8168
1532,168,0.0172745,0,329356,4.11863e+06,54.77
3061,2616,0.0171674,0,328896,4.11887e+06,58.7755
269,193,0.0171233,0.00149426,329440,4.11768e+06,52.7359
4566,3740,0.0168634,0,328946,4.11908e+06,59.9299
2244,144,0.0165877,0,329353,4.11772e+06,51.8554
4657,3687,0.0164609,0,329042,4.11884e+06,55.0361
2051,1726,0.0164609,0,329228,4.11879e+06,55.8811
4295,906,0.0164384,0,328716,4.11941e+06,67.3363
4729,2747,0.0163399,0,329014,4.11847e+06,53.0488
2539,2385,0.0163043,0.331045,329252,4.11834e+06,80.6783
2694,1873,0.0163043,0,329153,4.11863e+06,56.8355
2436,858,0.0162455,0,328929,4.11883e+06,90.8232
4367,2757,0.0162338,0,328864,4.11886e+06,57.4984
651,358,0.0161871,0,328738,4.11834e+06,57.2042
3381,2318,0.016185,0,328998,4.11849e+06,58.3358
2741,798,0.0161702,0,328758,4.11903e+06,90.5365
402,139,0.0160772,0,329234,4.11784e+06,51.6551
1411,1305,0.0159046,0,329558,4.12009e+06,56.7587
4781,2513,0.0158046,0,329127,4.11821e+06,52.5396
4791,2327,0.0157819,0.253717,329021,4.1181e+06,51.977
3599,873,0.0157171,0,328775,4.1193e+06,65.7247
2684,794,0.0157068,0,328792,4.11912e+06,98.9097
4721,1930,0.015625,0,329203,4.11832e+06,50.813
2362,146,0.015625,0,329316,4.11803e+06,49.4549
2116,1404,0.015544,0,329647,4.11906e+06,49.2983
2106,1387,0.015534,0,329624,4.11933e+06,53.0051
2669,2312,0.0154639,0,329023,4.11834e+06,85.3271
2115,579,0.0154242,0,329179,4.11815e+06,49.4593
4640,3674,0.0153374,0,329010,4.11884e+06,56.2989
1146,479,0.0153257,0,328939,4.11893e+06,98.3659
559,217,0.0152542,0,329136,4.11789e+06,52.0031
4331,4200,0.0152284,0,328933,4.11939e+06,68.1811
801,122,0.0151947,0,328963,4.11872e+06,58.7508
2953,685,0.0151515,0,328504,4.11886e+06,62.3103
1199,197,0.0150862,0,329241,4.11883e+06,53.8547
3406,685,0.0150463,0,328785,4.1189e+06,61.6142
605,315,0.015015,0,328914,4.1181e+06,57.4258
4548,3740,0.015,0,328943,4.11913e+06,61.065
623,560,0.014862,0,328733,4.11827e+06,84.181
4055,2337,0.0147601,0,328962,4.11891e+06,54.454
4069,2402,0.0147493,0,329089,4.11899e+06,57.166
639,530,0.0147059,0,328730,4.1183e+06,87.1699
3961,3493,0.0147059,0,328841,4.11931e+06,64.5269
2670,2611,0.0146252,0.316321,329096,4.11871e+06,56.0003
4632,2395,0.014553,0,329090,4.11841e+06,52.4857
2826,2718,0.0144695,0,328818,4.11871e+06,83.6177
4819,4155,0.0142857,0,328972,4.11897e+06,59.2961
4195,2325,0.0142566,0,328989,4.11874e+06,56.0601
3006,2786,0.0141844,0,328770,4.11886e+06,57.2608
4290,2401,0.0141243,0,329081,4.11885e+06,57.2335
1817,843,0.0140845,0,328870,4.11898e+06,60.04
2868,2043,0.0140598,0,328960,4.1185e+06,93.2419
1612,924,0.0140515,0,328840,4.11938e+06,64.0459
2155,161,0.0140187,0,329572,4.11777e+06,43.5601
1720,810,0.0139969,0,328817,4.11936e+06,64.4676
4823,3378,0.0139211,0,328973,4.1186e+06,57.0707
1002,882,0.0139165,0,328650,4.11961e+06,65.9195
1087,49,0.0138889,0,329259,4.11867e+06,53.045
736,66,0.0137795,0,328929,4.1185e+06,101.706
2417,802,0.0137489,0,328932,4.11885e+06,59.1968
4340,158,0.0137363,0,329137,4.11847e+06,57.4462
3018,2334,0.0136612,0,328840,4.11852e+06,55.8282
4782,3506,0.0136612,0,329019,4.11851e+06,55.9931
4680,2698,0.0136571,0,329047,4.11851e+06,56.2593
2161,1034,0.0135747,0,329229,4.11891e+06,52.5034
3645,198,0.0135558,0,329307,4.11847e+06,55.7218
2177,913,0.0135135,0,329040,4.11861e+06,56.9363
3313,2347,0.0134933,0,328991,4.11857e+06,53.1313
1762,852,0.01341,0,328795,4.11922e+06,65.5203
3449,2324,0.013285,0,329012,4.11849e+06,55.4602
4399,3744,0.0132159,0,328963,4.11916e+06,61.8207
3594,2775,0.012959,0,328974,4.11892e+06,56.8663
4108,3354,0.012945,0,329023,4.11931e+06,63.1954
2942,298,0.0127932,0,328858,4.11833e+06,89.3866
283,199,0.0127796,0,329404,4.1177e+06,50.8243
4306,883,0.0127389,0,328735,4.11939e+06,64.6692
2044,925,0.0127186,0,328950,4.11888e+06,59.1645
4301,1953,0.012685,0,329090,4.11885e+06,57.4371
4603,47,0.0126582,0,329191,4.11814e+06,52.0498
4406,3602,0.0125858,0,328932,4.1191e+06,63.3311
1496,854,0.0125523,0,328969,4.11954e+06,60.9178
3118,2407,0.0125392,0,329028,4.11864e+06,85.1596
4256,2323,0.0124481,0,328964,4.11865e+06,56.558
2831,150,0.0124378,0,329025,4.11829e+06,55.7401
3581,442,0.0124224,0,329041,4.11849e+06,60.7283
2948,2012,0.0123839,0,328892,4.11868e+06,60.4642
4551,2772,0.0123839,0,328852,4.11886e+06,57.548
4719,3011,0.0123711,0,328813,4.11865e+06,57.1964
3682,826,0.0123457,0,328827,4.11934e+06,64.5202
4383,4226,0.0121145,0,328852,4.11927e+06,97.8888
1839,103,0.0120614,0,329335,4.11818e+06,53.7839
414,202,0.0120482,0,329226,4.11781e+06,51.9826
2946,2858,0.012024,0,328572,4.11877e+06,60.5546
4627,4182,0.011976,0,328935,4.11908e+06,59.1027
4549,2789,0.0119681,0,328851,4.11886e+06,57.5239
2660,210,0.0119177,0,329301,4.11821e+06,90.9283
3621,2829,0.0119048,0,328863,4.11891e+06,88.1942
831,142,0.0118397,0,328991,4.11867e+06,58.2125
2856,925,0.0118343,0,328604,4.11898e+06,65.2933
4385,866,0.0118153,0,328670,4.11924e+06,66.8459
741,218,0.011811,0,329029,4.11844e+06,60.063
3394,2334,0.0117925,0,329029,4.11853e+06,54.99
4361,1770,0.0117057,0,328971,4.119e+06,60.5241
3306,3061,0.0116448,0.0753852,328807,4.11901e+06,61.9166
2832,2529,0.0116279,0,328977,4.11851e+06,59.6638
1585,860,0.0116009,0,328824,4.11938e+06,64.0498
1268,808,0.011583,0,328880,4.11985e+06,63.4716
2393,1543,0.0114823,0,329204,4.11883e+06,85.6599
4227,2780,0.0114778,0,328902,4.11909e+06,59.2382
2181,637,0.0114286,0,328975,4.11819e+06,53.0673
2813,2431,0.0114123,0,329001,4.11853e+06,82.7405
1787,160,0.0113821,0,329283,4.11827e+06,52.5058
3619,156,0.0113493,0,329273,4.11856e+06,55.9507
1803,808,0.0113208,0,328825,4.11907e+06,61.5408
4202,3763,0.0112994,0,329010,4.11939e+06,95.6968
1843,910,0.01125,0,328939,4.11888e+06,60.4105
1216,1154,0.011236,0.448312,328940,4.12001e+06,61.5447
2871,813,0.011236,0,328566,4.11909e+06,63.7719
2736,889,0.011236,0,328745,4.11905e+06,60.4475
2884,2788,0.011215,0,328762,4.11869e+06,55.5893
2917,678,0.0111421,0.519759,328523,4.11874e+06,59.4746
4064,163,0.0111111,0,329184,4.1188e+06,92.5168
2997,816,0.0110294,0,328547,4.11922e+06,63.8963
3433,2410,0.0110024,0,329125,4.11866e+06,85.2996
3465,2324,0.0108959,0,329012,4.11849e+06,55.5296
3315,2331,0.0108025,0,328966,4.11854e+06,53.9072
1789,634,0.010772,0,328791,4.11864e+06,57.4014
4162,3646,0.0107431,0,329037,4.11949e+06,63.7071
3880,1937,0.0107034,0,329053,4.11896e+06,60.1069
967,816,0.0106952,0,328589,4.11951e+06,66.762
2273,46,0.010661,0,329246,4.11781e+06,51.7124
1311,157,0.0106383,0,329499,4.11902e+06,55.0062
2318,146,0.0106383,0,329191,4.11791e+06,80.6496
2718,2317,0.0106195,0,328988,4.11839e+06,55.9568
3793,846,0.0106101,0,328843,4.11936e+06,98.422
3894,2073,0.0105932,0,329141,4.11882e+06,88.1377
1175,1050,0.0105079,0.744022,328922,4.12004e+06,59.4379
3379,2731,0.010453,0,328953,4.11887e+06,58.0253
3882,2327,0.0104167,0,328939,4.11869e+06,58.4136
1529,157,0.0103627,0,329377,4.11856e+06,53.7963
3604,3074,0.0102564,0,328900,4.11908e+06,97.2213
3618,164,0.0101652,0,329280,4.11858e+06,55.8662
4743,3768,0.010118,0,329093,4.11866e+06,55.9404
1251,808,0.0100671,0,328820,4.11977e+06,63.3675
4535,2315,0.00987306,0,328906,4.11847e+06,56.4012
3875,2755,0.00977199,0,328925,4.11901e+06,61.3103
4149,2778,0.00976909,0,328950,4.11918e+06,62.2568
1010,881,0.00968188,0,328670,4.11964e+06,66.321
4805,2752,0.00966184,0,328942,4.11839e+06,54.3542
3787,2748,0.00965018,0,328998,4.11899e+06,58.8445
3063,2789,0.00963082,0,328822,4.11889e+06,56.8493
4825,1543,0.00954654,0,329064,4.11884e+06,56.5967
4398,50,0.00946372,0,329193,4.11827e+06,53.7942
4185,3500,0.00945946,0,328979,4.11931e+06,65.039
3089,2027,0.009375,0,329034,4.11874e+06,54.7432
3316,2392,0.009375,0,329089,4.11865e+06,55.6708
2158,211,0.0093633,0,329570,4.11776e+06,44.4933
4800,185,0.00934579,0,329208,4.11789e+06,50.7322
4171,3424,0.00930851,0,328992,4.11932e+06,65.0502
4275,2325,0.00929615,0,328966,4.11866e+06,56.6146
1564,180,0.00929615,0,329308,4.11856e+06,54.9499
3374,2423,0.00922722,0,329123,4.11866e+06,86.2251
2036,98,0.00918836,0,329383,4.1181e+06,51.458
2778,2480,0.00918274,0,329079,4.11852e+06,56.8112
357,201,0.00914286,0,329217,4.11781e+06,54.8767
4778,3766,0.00906344,0,329063,4.1186e+06,56.2697
2770,2325,0.00905797,0,328970,4.11839e+06,79.0928
2197,360,0.00898876,0,329220,4.11783e+06,51.8445
2863,2771,0.00891266,0,328794,4.11869e+06,57.5678
4207,2436,0.00888889,0,329079,4.11891e+06,58.7333
1732,845,0.00884956,0,328820,4.11932e+06,64.6132
3013,783,0.00882724,0,328556,4.1192e+06,68.2033
4150,2043,0.0087108,0,329135,4.11907e+06,89.8698
3818,3756,0.00870647,0.237616,329069,4.1193e+06,94.9892
3055,2137,0.00869565,0,329090,4.11859e+06,52.1773
3332,2770,0.00863558,0,328903,4.11886e+06,57.4942
2876,2750,0.00851789,0,328757,4.11869e+06,88.3481
3093,1171,0.0085034,0,328839,4.11947e+06,96.0707
2343,1978,0.00847458,0,329170,4.1183e+06,51.6205
1763,837,0.00837521,0,328802,4.11921e+06,65.2724
1736,46,0.00830565,0,329309,4.11837e+06,54.7542
4264,2476,0.00816327,0,329079,4.11884e+06,88.0072
3633,2492,0.00814111,0,329172,4.11874e+06,57.3472
2874,2347,0.00813008,0,328870,4.11838e+06,53.3635
4158,306,0.00810811,0,329076,4.11872e+06,61.0173
1575,830,0.00810185,0,328825,4.11938e+06,64.0644
1481,160,0.0080429,0,329501,4.1187e+06,49.7603
3086,556,0.00797448,0,328825,4.11851e+06,54.5158
3811,2736,0.00796178,0,328982,4.11905e+06,59.0887
4247,2519,0.00793651,0,329108,4.11884e+06,60.4751
3473,2771,0.00790514,0,328981,4.11886e+06,57.9211
3355,843,0.00788288,0,328816,4.11919e+06,64.7175
4018,461,0.00787402,0,328827,4.11891e+06,59.6267
776,205,0.00784314,0,328981,4.1186e+06,95.6022
3117,3049,0.0078125,0.0885325,328712,4.11901e+06,58.3018
4040,917,0.0078125,0,328670,4.11963e+06,63.1991
4318,4117,0.00779727,0,328946,4.1195e+06,64.1768
4698,2785,0.00777605,0,328997,4.11851e+06,52.1564
351,213,0.00776398,0,329214,4.11785e+06,51.918
3964,2399,0.00775194,0,328983,4.11891e+06,57.2524
4166,2043,0.00768386,0,329131,4.11908e+06,89.3944
3470,2727,0.00768246,0,328952,4.11886e+06,57.7131
4773,2778,0.00761421,0,328978,4.11841e+06,53.5591
2833,2706,0.0076087,0,328828,4.11871e+06,58.8116
4590,2328,0.00754148,0,328942,4.1184e+06,53.3903
1074,148,0.0075188,0,329223,4.11882e+06,53.7523
3067,692,0.00747664,0,328632,4.11893e+06,59.972
4208,1543,0.00744048,0,329032,4.11945e+06,65.2552
2134,1873,0.00740741,0,329440,4.11824e+06,47.2289
2788,2390,0.00734394,0,329074,4.11852e+06,81.3738
2219,2058,0.00732601,0,329400,4.11802e+06,50.6892
4539,3752,0.00729927,0,328951,4.11915e+06,61.3069
4117,3670,0.00728863,0,329060,4.11951e+06,63.8327
1519,856,0.00727273,0,328870,4.11948e+06,61.6262
3699,898,0.00725953,0,328870,4.11934e+06,64.3761
712,25,0.00721154,0,329013,4.11825e+06,59.4788
2224,1095,0.00716846,0,329188,4.11864e+06,55.2489
2137,2072,0.0071599,0,329547,4.11815e+06,44.8363
405,348,0.00712831,0.76614,328959,4.11797e+06,55.7321
4198,2483,0.00711744,0,329094,4.1189e+06,58.0253
2194,1940,0.0071048,0,329391,4.11808e+06,51.0209
806,46,0.00708502,0,329094,4.11848e+06,60.0159
2777,2490,0.00695825,0,329081,4.11852e+06,54.4018
1535,1191,0.00695652,0,329066,4.11972e+06,61.1501
2583,2026,0.00694444,0.0286064,329266,4.11848e+06,53.0322
1855,143,0.00694444,0,329385,4.11808e+06,51.0209
4820,4135,0.00694444,0,328979,4.11901e+06,58.6588
2149,1803,0.00693241,0,329346,4.11833e+06,48.2859
3284,2476,0.00692042,0,329028,4.11867e+06,54.6079
2104,814,0.00692042,0,329060,4.11885e+06,55.1953
2702,2533,0.00690846,0,329131,4.11855e+06,58.2251
1329,162,0.00689655,0,329516,4.11893e+06,54.7875
4568,3769,0.00688468,0,328942,4.11906e+06,59.8435
4544,3063,0.0068306,0.246219,328763,4.11901e+06,58.9306
4567,2752,0.00680272,0,328856,4.11881e+06,56.2406
2677,865,0.00677966,0,328797,4.11911e+06,61.3876
3890,2341,0.0067659,0,328938,4.11876e+06,86.3596
4249,2764,0.00674764,0,328902,4.11908e+06,59.1674
4774,2745,0.00672948,0,328977,4.11841e+06,53.2404
4248,2330,0.00671141,0,328974,4.11869e+06,56.1719
2178,1783,0.00669643,0,329295,4.11833e+06,52.3207
4369,635,0.00669643,0,328675,4.11875e+06,58.9076
2122,1726,0.00664452,0,329350,4.11872e+06,52.3767
404,129,0.00663717,0,329236,4.1178e+06,51.5824
3341,2773,0.00662252,0,328914,4.11886e+06,57.5134
2046,214,0.00656814,0,329421,4.11805e+06,49.0238
2422,2323,0.00655431,0,329113,4.11822e+06,52.4446
4179,871,0.00653595,0,328816,4.11951e+06,64.4309
3596,185,0.00653595,0,329345,4.11835e+06,53.7791
2818,119,0.0065189,0,329019,4.11833e+06,55.7316
2758,2436,0.00649954,0,329072,4.11853e+06,54.1176
1105,201,0.00649351,0,329239,4.11882e+06,53.4091
2189,1866,0.00642398,0,329390,4.1181e+06,50.9838
2729,910,0.00640439,0,328753,4.11907e+06,60.1761
3062,2733,0.00636943,0,328816,4.11888e+06,86.1123
2935,2481,0.00635593,0,328885,4.1186e+06,57.7793
2751,166,0.00629496,0,329187,4.1183e+06,54.8347
2654,854,0.00626305,0,328812,4.11908e+06,61.9843
705,555,0.00623701,0,328676,4.11855e+06,59.0555
2419,802,0.00617284,0,328966,4.11881e+06,61.6209
4154,3061,0.0061674,0,328888,4.11932e+06,62.2974
4351,2318,0.00615385,0,328918,4.1185e+06,55.2513
2565,196,0.00611995,0,329368,4.11812e+06,51.3515
3115,1656,0.00611621,0,328935,4.1192e+06,58.3666
1363,307,0.0060241,0,329346,4.11899e+06,60.0166
2563,1699,0.00601504,0,329236,4.11882e+06,59.6102
1790,925,0.0059761,0,328801,4.11913e+06,62.2358
4752,916,0.00596125,0,328854,4.11868e+06,57.8278
2525,148,0.00594354,0,329358,4.11806e+06,51.1822
4666,2451,0.00593472,0,329128,4.11834e+06,51.6149
3651,813,0.00587659,0,328857,4.11934e+06,64.8968
1853,183,0.00586166,0,329387,4.11807e+06,50.8214
3600,129,0.00581395,0,329305,4.11837e+06,98.5657
2030,830,0.00573888,0,328927,4.1189e+06,60.0215
965,806,0.00569801,0.00512128,328586,4.1195e+06,66.5065
3683,2747,0.0056926,0,328998,4.11899e+06,89.8412
2687,2473,0.00564972,0,329161,4.11852e+06,86.8029
3685,157,0.00562324,0,329286,4.11856e+06,93.3718
793,212,0.0055788,0,329028,4.11862e+06,61.3959
4591,1775,0.00554785,0,328937,4.11885e+06,57.959
1419,831,0.00550459,0,329068,4.11962e+06,59.1147
1846,914,0.00549451,0,328926,4.1189e+06,60.0459
756,306,0.00549451,0,328934,4.11834e+06,96.5014
2125,2060,0.00547945,0,329515,4.11821e+06,46.3404
4674,2674,0.00547196,0,329064,4.11849e+06,54.1535
1139,42,0.00545455,0,329254,4.11873e+06,53.5197
1711,840,0.00543478,0,328814,4.11937e+06,63.61
2614,337,0.00543478,0,329044,4.11829e+06,56.0531
409,322,0.00543478,0.0737465,329019,4.11792e+06,55.4477
1191,825,0.00543478,0,328727,4.11969e+06,100.957
4075,809,0.00542005,0,328747,4.11961e+06,63.2955
2246,1606,0.00542005,0,329162,4.11849e+06,58.3088
2344,2026,0.00534759,0,329197,4.11827e+06,53.844
3647,876,0.00533049,0,328818,4.11938e+06,64.8478
2764,171,0.00531444,0,329190,4.11829e+06,52.1866
3616,2436,0.00525624,0,329165,4.11879e+06,57.8625
4235,2494,0.00522876,0,329079,4.11884e+06,87.6267
4140,2043,0.00518807,0,329136,4.11908e+06,58.4069
3866,1726,0.00518135,0,329010,4.11931e+06,63.0923
368,268,0.00517063,0,329198,4.11783e+06,85.0747
959,120,0.00516796,0,329013,4.1187e+06,58.2462
2945,2462,0.00515464,0,328890,4.11859e+06,56.5708
3944,2332,0.00515464,0,328866,4.11875e+06,57.2144
1279,846,0.00515464,0,328903,4.11985e+06,63.9948
1799,1542,0.00506757,0,329123,4.11911e+06,60.0044
3469,2520,0.00506329,0,329128,4.11865e+06,86.4149
3034,352,0.00497512,0,328794,4.11848e+06,89.7584
3044,2754,0.0049505,0,328782,4.11887e+06,87.1964
2699,2376,0.0049505,0,329117,4.11851e+06,55.6348
4357,856,0.00491803,0,328677,4.11925e+06,98.418
592,474,0.00486618,0,328868,4.11812e+06,57.916
3368,2475,0.00483676,0,329122,4.11866e+06,57.0293
4130,3670,0.00482315,0,329046,4.11948e+06,62.5353
1492,906,0.00480769,0,328994,4.11956e+06,60.9677
4563,2778,0.00479233,0,328853,4.11883e+06,57.5049
1909,619,0.00478469,0,328920,4.11842e+06,56.2577
1357,149,0.00478469,0,329534,4.11916e+06,58.5126
3113,279,0.00477707,0,329071,4.11832e+06,54.0606
3856,1624,0.00477327,0,329038,4.11938e+06,61.6104
2279,1241,0.00475059,0,329011,4.119e+06,58.249
3782,3648,0.00474496,0.936126,329130,4.11926e+06,62.8292
799,199,0.0047259,0,328995,4.11862e+06,94.4546
3091,173,0.00472441,0,329119,4.11842e+06,51.8942
4747,3415,0.00471698,0,329043,4.11857e+06,55.8328
2379,149,0.0046729,0,329336,4.11806e+06,81.4585
983,859,0.0046729,0,328610,4.11954e+06,64.6896
4225,2507,0.00465116,0,329070,4.11887e+06,88.2933
787,149,0.00465116,0,328985,4.11863e+06,94.9516
3105,2073,0.00464396,0,329180,4.11861e+06,53.8906
2786,2725,0.00464037,0.547941,328908,4.11873e+06,55.0226
4604,607,0.00462963,0,328754,4.1185e+06,56.9144
4214,828,0.0046225,0,328753,4.11947e+06,65.2922
4759,2438,0.0046225,0,329132,4.11821e+06,52.0621
4168,196,0.00460829,0,329197,4.11885e+06,91.2967
4683,2332,0.00458716,0.0225974,329062,4.1182e+06,51.519
1880,837,0.00457875,0,328929,4.1189e+06,59.7403
4741,3724,0.00457317,0,329095,4.11868e+06,56.0079
2223,1139,0.00456621,0,329198,4.11862e+06,55.1783
1776,1535,0.00455927,0,329114,4.11918e+06,60.9966
2401,835,0.00455789,0,328931,4.11882e+06,91.1935
3051,2331,0.00453515,0,328901,4.11852e+06,57.1198
2424,858,0.00450045,0,328964,4.11882e+06,61.7443
3692,883,0.00450045,0,328874,4.11934e+06,66.9306
1560,133,0.00447761,0,329306,4.11858e+06,55.6868
2980,1365,0.00444444,0,329072,4.11967e+06,65.6264
2188,1356,0.00442478,0,329536,4.11919e+06,58.2407
2088,827,0.00437637,0,329087,4.1188e+06,55.3063
1726,157,0.00435414,0,329281,4.11855e+06,55.9024
2306,583,0.00435414,0,328858,4.11811e+06,84.4999
3910,3496,0.00434783,0,328841,4.11923e+06,62.4599
4118,2347,0.00428571,0,329068,4.11891e+06,56.0538
2139,1768,0.0042735,0,329311,4.11853e+06,51.3962
3305,2779,0.00426136,0,328869,4.11887e+06,59.221
4834,3543,0.00423729,0,328962,4.11858e+06,56.8113
3634,163,0.00418994,0,329296,4.1185e+06,58.5396
3830,3055,0.00417246,0,328853,4.11919e+06,62.4807
1724,804,0.00416089,0,328828,4.11934e+06,64.5048
1085,533,0.00414938,0,328934,4.1189e+06,57.377
955,618,0.00413223,0,328616,4.11887e+06,62.2028
3825,797,0.00409277,0,328794,4.11937e+06,65.0862
780,318,0.00408163,0,328837,4.11862e+06,62.1634
3658,195,0.00407747,0,329299,4.11851e+06,55.7632
3657,2732,0.00407747,0,328992,4.11899e+06,58.5458
645,152,0.0040568,0,328942,4.11822e+06,53.9487
3840,2442,0.00405405,0,329132,4.1188e+06,58.0123
2304,149,0.0040107,0,329236,4.11785e+06,53.633
4032,848,0.00400802,0,328671,4.11964e+06,97.4333
3643,2744,0.00398804,0,328986,4.11895e+06,58.8499
575,174,0.00391389,0,329129,4.11793e+06,54.7974
2662,158,0.0038961,0,329307,4.11824e+06,52.0451
2796,2742,0.00389105,0.405315,328899,4.11876e+06,54.7931
3788,3643,0.00387097,0.464979,329097,4.11927e+06,66.2439
3339,2059,0.00383877,0,329173,4.11864e+06,84.632
3431,3354,0.00380711,0.243017,328985,4.11901e+06,90.5825
336,237,0.00380228,0,329237,4.11784e+06,53.1021
3072,2772,0.00378788,0,328837,4.11887e+06,55.4482
3693,2780,0.00374532,0,328991,4.11896e+06,58.4766
3972,2467,0.00373832,0,328991,4.1189e+06,57.204
685,45,0.00373134,0,328988,4.11823e+06,87.0687
2408,878,0.00368324,0,328961,4.11882e+06,61.7375
546,268,0.00366972,0,329185,4.11785e+06,52.2064
3362,2778,0.0036452,0,328951,4.11888e+06,58.8719
3366,2402,0.00364078,0,329120,4.1187e+06,57.2247
3392,2335,0.00361882,0,329032,4.11852e+06,54.992
2671,567,0.00361011,0,328975,4.11837e+06,54.3447
2748,2392,0.00358423,0,329075,4.11852e+06,56.426
4694,4118,0.00358423,0,329065,4.11898e+06,56.5187
1594,910,0.00357995,0,328827,4.11938e+06,64.0041
2310,820,0.00357569,0,328784,4.11869e+06,59.8545
1158,630,0.0035461,0,328728,4.1191e+06,91.2622
3409,2493,0.00354191,0,329123,4.11866e+06,57.1596
2073,853,0.00353357,0,329054,4.1188e+06,56.3884
2411,1908,0.00352113,0.163088,329256,4.11837e+06,84.6322
697,52,0.0034965,0,329011,4.11829e+06,58.4413
2771,2396,0.0034904,0,329075,4.11856e+06,54.3056
3572,178,0.0034904,0,329292,4.11831e+06,94.4916
1615,679,0.00346021,0,328792,4.11901e+06,60.5152
1544,884,0.00345423,0,328859,4.11942e+06,63.9132
1753,795,0.00344828,0,328796,4.11926e+06,65.0075
766,159,0.00339559,0,328991,4.11859e+06,57.7185
1320,337,0.00334448,0,329169,4.11878e+06,57.9721
2341,199,0.00333333,0,329264,4.11795e+06,81.4279
4211,3687,0.00330579,0,328998,4.11937e+06,62.8637
3820,908,0.00330033,0,328807,4.11937e+06,67.5534
2678,205,0.00328947,0,329304,4.1182e+06,93.1007
929,842,0.00325733,0.914736,328558,4.11942e+06,66.5166
3299,2454,0.00324149,0,329041,4.11864e+06,85.9235
3092,2404,0.00321543,0,329025,4.11864e+06,54.4062
3081,2743,0.0032,0,328876,4.11886e+06,57.789
1347,1017,0.00319489,0,329172,4.12012e+06,62.4016
4639,3054,0.00319489,0,328812,4.11875e+06,56.7413
4564,821,0.00319489,0,328693,4.11914e+06,62.2354
4555,2519,0.00318979,0,329015,4.11865e+06,56.1181
4400,2729,0.00318471,0,328865,4.11889e+06,57.4661
4626,214,0.00318471,0,329157,4.11818e+06,51.1433
3116,2526,0.00318471,0,329075,4.11862e+06,54.2662
1518,802,0.00318471,0,328897,4.11949e+06,60.8213
2864,2390,0.0031746,0,328956,4.11846e+06,56.1585
608,168,0.00315457,0,329096,4.11801e+06,55.1764
1539,798,0.00314961,0,328884,4.11943e+06,63.4341
4405,3102,0.00313152,0.267118,328820,4.11903e+06,58.1261
2162,879,0.003125,0,329057,4.11866e+06,55.2539
1557,918,0.00312012,0,328848,4.11938e+06,64.8831
1459,400,0.00311526,0,329272,4.11892e+06,53.475
4321,2757,0.0030722,0,328878,4.11897e+06,89.1968
694,132,0.00305344,0,328934,4.11837e+06,56.8537
4580,2323,0.00303951,0,328934,4.11839e+06,54.6905
2727,2636,0.00303337,0,328988,4.11872e+06,55.7276
2890,2329,0.0030303,0,328852,4.11832e+06,83.7091
4041,3666,0.0030303,0,328947,4.11954e+06,63.966
1266,1201,0.0030303,0,329073,4.12011e+06,100.413
3994,2459,0.00299401,0,328983,4.11892e+06,57.4761
4667,2323,0.00299401,0,329018,4.1182e+06,50.754
2536,1543,0.00298954,0,329218,4.11884e+06,56.9052
2793,867,0.00296296,0,328740,4.11904e+06,60.3852
1516,886,0.00295858,0,328887,4.11949e+06,61.1956
4795,2766,0.00293686,0,328960,4.11838e+06,53.6745
4115,815,0.00293686,0,328834,4.11955e+06,68.0405
4182,847,0.00293255,0,328787,4.11953e+06,65.5339
3656,2748,0.00292683,0,328994,4.11898e+06,89.3942
1884,863,0.00290135,0,328909,4.11893e+06,60.4039
4046,1205,0.00288184,0.00532695,328912,4.11992e+06,59.5791
2763,815,0.00287356,0,328745,4.11909e+06,60.4759
3688,2732,0.00286807,0,328992,4.11897e+06,58.5099
1908,801,0.0028626,0,328910,4.11893e+06,60.352
3670,2739,0.00285714,0,329021,4.11896e+06,58.4546
4076,2501,0.00284091,0,329145,4.11894e+06,56.4192
3881,1775,0.00283688,0,328944,4.11921e+06,63.3714
3681,2781,0.00283554,0,328996,4.119e+06,58.5467
2205,298,0.00283286,0,329346,4.11775e+06,51.6649
4116,132,0.00282885,0,329238,4.11881e+06,57.5106
1258,221,0.00282486,0,329328,4.11896e+06,53.8797
4731,3063,0.00277778,0,328927,4.1186e+06,54.5509
4181,3745,0.00277778,0,329024,4.11944e+06,93.3523
4699,2750,0.00275862,0,328999,4.11851e+06,52.1203
4231,2459,0.00275482,0,329082,4.11883e+06,58.122
4738,2788,0.00275482,0,329001,4.11846e+06,52.9261
1903,156,0.00275482,0,329391,4.11807e+06,51.0298
4011,3676,0.00275482,0,328903,4.11948e+06,65.7355
984,274,0.00274725,0,329058,4.11857e+06,56.9823
2889,2051,0.00274348,0,329012,4.11847e+06,52.5885
3689,883,0.00274223,0,328840,4.11934e+06,67.0019
2323,804,0.0027137,0,328858,4.11863e+06,59.8807
2173,1899,0.00268817,0,329416,4.1181e+06,49.771
3927,2333,0.00268817,0,328890,4.11871e+06,56.4382
4238,2441,0.00268456,0,329079,4.11884e+06,58.0607
2127,845,0.00268097,0,329091,4.11876e+06,54.7702
2913,1958,0.0026738,0,328899,4.11856e+06,56.8184
4155,3367,0.00266667,0,329023,4.11932e+06,64.8106
614,280,0.00265957,0,329009,4.11804e+06,86.8686
2931,572,0.00263158,0,328671,4.11844e+06,57.6928
2099,1050,0.0026178,0,329265,4.11913e+06,49.9266
4258,2400,0.00261097,0,329080,4.11884e+06,87.2827
2316,857,0.00260417,0,328833,4.11865e+06,61.3621
1262,904,0.0025974,0,328850,4.11982e+06,64.043
3060,2447,0.00258398,0,329005,4.11867e+06,57.1379
4654,2323,0.00255754,0,328998,4.11822e+06,49.8646
4170,2494,0.00255102,0,329112,4.11897e+06,58.8403
982,856,0.00255102,0,328609,4.11954e+06,64.4087
3461,3380,0.00252525,0.569123,329005,4.11904e+06,60.9867
4074,925,0.00251256,0,328747,4.11958e+06,63.7394
598,174,0.00250627,0,329059,4.118e+06,86.1467
4767,808,0.00249377,0,328838,4.11867e+06,57.6845
3620,2787,0.00249066,0,328989,4.11896e+06,87.4884
3441,918,0.00247831,0,328823,4.1192e+06,66.1505
1597,139,0.00244798,0,329319,4.11851e+06,54.6941
1742,865,0.00243309,0,328775,4.11931e+06,64.7726
4024,3055,0.00242718,0,328716,4.1194e+06,63.2482
1366,886,0.00242718,0,329089,4.11986e+06,65.5354
3451,559,0.00242131,0,328961,4.11852e+06,57.8159
3606,142,0.00242131,0,329299,4.11842e+06,57.2118
2603,917,0.00240964,0,328866,4.11901e+06,61.9289
4645,3765,0.00240964,0,329021,4.11885e+06,55.6063
3440,2327,0.00238949,0,329017,4.11851e+06,57.8296
1339,854,0.00238663,0,328947,4.11981e+06,65.6519
1574,165,0.00238663,0,329320,4.11851e+06,54.6697
4057,2242,0.00238663,0,329046,4.11882e+06,58.7695
1390,1266,0.00236967,0,329405,4.12013e+06,60.3555
4706,2447,0.00236407,0.0102215,329186,4.11828e+06,50.9377
4722,882,0.00234742,0,328831,4.11884e+06,57.3353
616,337,0.00234192,0,328834,4.11818e+06,56.5863
4093,3992,0.00234192,0,328822,4.11967e+06,100.829
3786,2675,0.00233645,0,329096,4.11907e+06,58.934
2249,856,0.00231481,0,328906,4.1186e+06,63.904
1599,138,0.00230947,0,329313,4.11854e+06,54.879
3356,2718,0.00230947,0,328978,4.11887e+06,61.2815
1112,41,0.00230415,0,329262,4.11863e+06,91.5782
1090,895,0.00229885,0,328716,4.11967e+06,63.5783
2852,2395,0.00229358,0,328893,4.1185e+06,58.6713
4620,2484,0.00227273,0,329059,4.11846e+06,54.3353
2140,201,0.00226757,0,329582,4.11782e+06,43.438
3602,3324,0.00222222,0,328962,4.11907e+06,61.7947
4307,3763,0.00221729,0,329028,4.1193e+06,65.6268
1096,625,0.00221729,0,328755,4.11902e+06,60.9963
1092,444,0.00221239,0,328937,4.11893e+06,57.8184
2894,2529,0.0021645,0,328981,4.11846e+06,87.856
2974,2466,0.00215517,0,328906,4.11864e+06,56.8749
4634,2737,0.00215517,0,328914,4.11862e+06,53.854
4384,305,0.00215054,0,329010,4.11835e+06,59.2055
648,173,0.00213675,0,328989,4.11818e+06,56.2829
3664,2316,0.00213447,0,329034,4.11857e+06,87.6451
2053,901,0.00212314,0,328984,4.11885e+06,57.4974
3068,625,0.00211864,0,328678,4.11873e+06,59
1336,461,0.00211416,0,329207,4.11908e+06,59.4888
2626,863,0.00210748,0,328810,4.11909e+06,64.6934
2784,867,0.00210305,0,328752,4.11907e+06,60.192
3601,816,0.00209644,0,328788,4.11934e+06,66.1736
4409,3242,0.00209205,0.316247,328786,4.11906e+06,58.1988
2640,2318,0.00208768,0,329034,4.11833e+06,54.0133
3005,577,0.00207039,0,328675,4.11859e+06,57.7703
783,195,0.00207039,0,329005,4.11864e+06,61.5868
1018,907,0.00206186,0,328657,4.11961e+06,63.4162
371,252,0.00205973,0,329239,4.11782e+06,52.2711
408,155,0.00205128,0,329205,4.11782e+06,52.3471
632,197,0.00204918,0,328960,4.11816e+06,87.2829
2809,2447,0.00203252,0,329033,4.11851e+06,54.4081
389,178,0.0020284,0,329269,4.11781e+06,55.0107
3861,204,0.002,0,329207,4.11859e+06,59.2151
4606,4237,0.00199203,0,328871,4.11902e+06,59.7008
3652,2747,0.00198807,0,328994,4.11897e+06,58.6748
2394,837,0.00198807,0,328940,4.11884e+06,58.8555
1387,212,0.00198807,0,329572,4.11907e+06,55.1151
2686,197,0.00195695,0,329282,4.11824e+06,53.1755
2558,1914,0.00194932,0.513419,329281,4.11841e+06,55.8111
2274,306,0.00194553,0,329106,4.11788e+06,58.8344
2395,2329,0.00192864,0,329157,4.11821e+06,54.0669
846,226,0.00192678,0,329010,4.11864e+06,57.6161
539,118,0.00192308,0,329196,4.11783e+06,50.8116
3862,1903,0.00192308,0,329110,4.11888e+06,92.533
1065,849,0.0019084,0,328719,4.11968e+06,63.5389
1896,140,0.00190114,0,329394,4.11806e+06,50.9471
3808,833,0.00189394,0,328820,4.11937e+06,64.8745
2150,1970,0.00188679,0,329436,4.11818e+06,47.3563
1383,871,0.0018622,0,329112,4.1198e+06,64.1114
2673,1546,0.00185874,0,329120,4.11909e+06,58.1104
1717,881,0.00185529,0,328804,4.11936e+06,64.2666
1378,1129,0.00185185,0,329292,4.12009e+06,63.0118
1898,144,0.00184843,0,329394,4.11806e+06,50.9629
4726,3760,0.00183824,0,329109,4.11874e+06,56.6053
2734,2451,0.00182815,0,329072,4.11856e+06,54.4802
2405,881,0.00182149,0,328926,4.11886e+06,59.4311
2746,802,0.00181324,0,328751,4.11904e+06,60.3903
2745,167,0.00181324,0,329161,4.11829e+06,85.6167
3970,2412,0.00180832,0,329019,4.11891e+06,59.8183
2376,1726,0.00180832,0,329159,4.11874e+06,56.6653
3977,1587,0.00180832,0,328889,4.1195e+06,61.8966
684,175,0.0018018,0,328967,4.11831e+06,59.209
2421,2328,0.00177305,0,329128,4.11821e+06,78.7331
4600,2532,0.00177305,0,329068,4.11851e+06,54.163
1718,237,0.00177305,0,329298,4.11854e+06,55.9585
2354,817,0.00176678,0,328895,4.11879e+06,60.2965
1546,701,0.00176678,0,328810,4.11914e+06,62.0769
3873,2477,0.00176056,0,329116,4.11879e+06,57.3933
3846,2063,0.00175439,0,329225,4.11878e+06,85.6074
3976,646,0.00174825,0,328610,4.11905e+06,59.5422
618,307,0.00174825,0,328920,4.11812e+06,60.4379
1143,685,0.00174216,0,328721,4.1193e+06,63.979
1427,915,0.00171821,0,329112,4.11962e+06,58.6179
2615,1535,0.00171821,0,329143,4.11911e+06,59.1161
3024,393,0.00170648,0,328797,4.11853e+06,62.0079
1398,906,0.00170648,0,329118,4.11973e+06,62.7882
4106,870,0.00170358,0,328782,4.11954e+06,64.3353
1425,184,0.00169205,0,329607,4.11884e+06,49.0015
4802,218,0.00168634,0,329211,4.11788e+06,51.1132
3803,1775,0.00168634,0,329093,4.11911e+06,61.7463
4560,3745,0.00168634,0,328934,4.11908e+06,60.5469
1491,808,0.00168067,0,328998,4.11956e+06,61.093
3610,2779,0.00167504,0,329023,4.11896e+06,60.6907
2301,190,0.00167224,0,329219,4.11787e+06,50.5152
2875,2706,0.00165837,0,328811,4.1187e+06,60.2299
3898,2467,0.00164204,0,329003,4.11884e+06,59.1697
3335,2746,0.00162075,0,328906,4.11886e+06,60.0909
3098,1580,0.00162075,0,328936,4.11917e+06,94.2864
3611,1419,0.0016129,0,329372,4.11949e+06,61.463
3288,815,0.0015873,0,328667,4.11922e+06,61.5343
2989,1705,0.00157978,0,328813,4.11916e+06,61.0275
1786,134,0.00157978,0,329273,4.1183e+06,52.8926
2356,1893,0.00157729,0.000863174,329209,4.11832e+06,83.6984
3812,882,0.00156986,0,328821,4.11937e+06,64.7173
4188,2734,0.0015674,0,328931,4.11915e+06,59.3589
4745,3754,0.00155763,0,329090,4.11864e+06,55.676
1551,732,0.00154799,0,328832,4.11924e+06,62.0741
4345,4216,0.00153139,0,328864,4.11933e+06,63.2748
1765,839,0.00152905,0,328805,4.11921e+06,64.4699
3119,340,0.00152905,0,328888,4.11847e+06,55.2256
1562,611,0.00151976,0,328884,4.11885e+06,58.4493
2617,906,0.00151286,0,328830,4.11906e+06,61.4485
4344,679,0.00150602,0,328666,4.11893e+06,91.5699
4788,4576,0.00149031,0,328921,4.11845e+06,54.8841
4730,3643,0.00147059,0,329108,4.11867e+06,56.4338
2042,237,0.00146413,0,329412,4.11806e+06,51.5548
4203,3732,0.00146413,0,329006,4.11939e+06,96.4335
4540,2529,0.00145349,0,329054,4.11864e+06,56.7139
3879,2455,0.00144718,0,329055,4.11883e+06,59.2869
4780,2439,0.00142653,0,329130,4.11821e+06,52.4389
1730,876,0.00141443,0,328830,4.11932e+06,64.4337
4180,3624,0.00139082,0,329023,4.11942e+06,62.9769
2887,905,0.00137363,0,328561,4.11911e+06,61.9443
4254,2434,0.00136799,0,329083,4.11886e+06,58.0396
4268,2450,0.00136426,0,329081,4.11883e+06,60.5345
3816,2741,0.00134953,0,328971,4.11901e+06,87.6939
2570,160,0.00134048,0,329366,4.11815e+06,50.4245
4242,2461,0.00132626,0,329103,4.11886e+06,58.2388
4267,2774,0.00131234,0,328900,4.11906e+06,59.1329
4276,3724,0.0013089,0,328993,4.11935e+06,62.9797
4545,867,0.0012987,0,328681,4.11921e+06,62.7998
2619,2514,0.00129199,0,329177,4.1185e+06,86.1656
4232,2741,0.0012837,0,328900,4.11905e+06,61.3904
3455,2327,0.00125,0,329017,4.1185e+06,55.5646
4700,3648,0.00124844,0,329107,4.11875e+06,55.5651
3429,2332,0.00124224,0,329028,4.11854e+06,54.9831
4714,3467,0.00124069,0,329056,4.11866e+06,55.097
3436,2758,0.00122699,0,328954,4.11886e+06,57.7367
4141,2060,0.00122399,0,329198,4.11897e+06,84.2121
3367,2424,0.00121507,0,329123,4.11869e+06,57.1303
2842,2396,0.00121212,0,328909,4.11853e+06,58.2449
3402,2737,0.00119474,0,328954,4.11889e+06,58.0576
1583,138,0.00118064,0,329316,4.11853e+06,54.7959
1616,680,0.00117925,0,328777,4.119e+06,60.2399
3781,3674,0.00116822,0.801889,329099,4.1193e+06,62.7897
3372,835,0.00116279,0,328797,4.1192e+06,95.9603
2392,925,0.00114025,0,328970,4.1188e+06,61.6754
4407,881,0.00113895,0,328663,4.11926e+06,101.841
2544,1425,0.00113636,0,329473,4.11909e+06,85.3807
4365,518,0.00110011,0,328916,4.11851e+06,61.42
383,152,0.00108578,0,329270,4.11781e+06,51.725
3661,2748,0.00107759,0,328989,4.11896e+06,61.2449
4368,1673,0.00106952,0,328964,4.11923e+06,61.1281
2633,2519,0.00106045,0,329208,4.11849e+06,57.2122
3641,826,0.00105708,0,328845,4.11935e+06,67.8999
1840,556,0.00104058,0,329076,4.11827e+06,55.2676
2840,2474,0.00104058,0,328905,4.11854e+06,58.4421
4415,933,0.0010395,0,328680,4.11924e+06,66.9045
2645,218,0.00100806,0,329298,4.11821e+06,52.6857
